#pragma once

// ЗГЕНЕРОВАНО tools/gen_gfxfont.py — НЕ РЕДАГУВАТИ ВРУЧНУ.
// Джерело: DejaVuSans.ttf. Формат: Adafruit/LovyanGFX GFXfont (1 біт на піксель).
// Підключається ЛИШЕ з ui/fonts.cpp (масиви static).
//
// DejaVu Fonts License (витяг). Шрифти DejaVu — похідні Bitstream Vera.
// Copyright (c) 2003 Bitstream, Inc.; зміни DejaVu (c) 2006 Tavmjong Bah.
// Дозволяється використовувати, копіювати, змінювати й розповсюджувати шрифти
// (у тому числі вбудованими в програмне забезпечення) без плати за умови, що
// це повідомлення про авторські права й ліцензію збережено в супровідних
// матеріалах; назви "Bitstream" і "Vera" не можна використовувати для
// похідних шрифтів без дозволу. Повний текст: https://dejavu-fonts.github.io/License.html

#include <LovyanGFX.hpp>
#include <stdint.h>

namespace font_data {

// --- Large: em=20px, yAdvance=24, коди 0x0020..0x0491 ---
constexpr uint16_t kLargeFirst = 0x0020;
constexpr uint16_t kLargeLast = 0x0491;
constexpr uint8_t kLargeYAdvance = 24;

static const uint8_t kLargeBitmaps[] PROGMEM = {
    0xFF, 0xFF, 0xFC, 0x3C, 0xCF, 0x3C, 0xF3, 0xCC, 0x02, 0x30, 0x18, 0xC0, 0x62, 0x01, 0x18, 0x7F,
    0xFD, 0xFF, 0xF0, 0xC4, 0x03, 0x30, 0x08, 0xC3, 0xFF, 0xEF, 0xFF, 0x86, 0x20, 0x11, 0x80, 0xC6,
    0x03, 0x10, 0x00, 0x08, 0x04, 0x0F, 0x8F, 0xEE, 0x96, 0x43, 0x20, 0xF8, 0x3F, 0x05, 0xC2, 0x61,
    0x38, 0xBF, 0xF9, 0xF8, 0x10, 0x08, 0x04, 0x00, 0x38, 0x08, 0x36, 0x04, 0x31, 0x84, 0x18, 0xC6,
    0x0C, 0x62, 0x06, 0x32, 0x01, 0xB1, 0x00, 0x71, 0x1C, 0x01, 0x1B, 0x00, 0x98, 0xC0, 0x8C, 0x60,
    0xC6, 0x30, 0x43, 0x18, 0x40, 0xD8, 0x20, 0x38, 0x0F, 0x00, 0x7E, 0x03, 0x88, 0x0C, 0x00, 0x30,
    0x00, 0xE0, 0x03, 0xC0, 0x1F, 0x86, 0xE7, 0x3B, 0x0E, 0xCC, 0x1F, 0x30, 0x38, 0x71, 0xF1, 0xFE,
    0xE1, 0xE1, 0xC0, 0xFF, 0xC0, 0x32, 0x66, 0x4C, 0xCC, 0xCC, 0xCC, 0xC6, 0x66, 0x23, 0xC4, 0x66,
    0x23, 0x33, 0x33, 0x33, 0x36, 0x66, 0x4C, 0x08, 0x04, 0x22, 0x2D, 0x61, 0xC0, 0xE1, 0xAD, 0x11,
    0x08, 0x04, 0x00, 0x06, 0x00, 0x60, 0x06, 0x00, 0x60, 0x06, 0x0F, 0xFF, 0xFF, 0xF0, 0x60, 0x06,
    0x00, 0x60, 0x06, 0x00, 0x60, 0x6D, 0xE8, 0xFF, 0xC0, 0xF0, 0x06, 0x1C, 0x30, 0x60, 0xC3, 0x06,
    0x0C, 0x30, 0x60, 0xC3, 0x06, 0x0C, 0x38, 0x60, 0x1E, 0x0F, 0xC6, 0x19, 0x86, 0xC0, 0xF0, 0x3C,
    0x0F, 0x03, 0xC0, 0xF0, 0x3C, 0x0D, 0x86, 0x61, 0x8F, 0xC1, 0xE0, 0x3C, 0x7E, 0x33, 0x01, 0x80,
    0xC0, 0x60, 0x30, 0x18, 0x0C, 0x06, 0x03, 0x01, 0x80, 0xC3, 0xFD, 0xFE, 0x7E, 0x7F, 0xA0, 0xE0,
    0x30, 0x18, 0x0C, 0x0C, 0x0E, 0x0E, 0x06, 0x0E, 0x0E, 0x0E, 0x07, 0xFF, 0xFE, 0x7E, 0x3F, 0xC8,
    0x38, 0x06, 0x01, 0x80, 0xE1, 0xE0, 0x7C, 0x01, 0x80, 0x30, 0x0C, 0x03, 0x81, 0xFF, 0xE7, 0xE0,
    0x03, 0x80, 0xF0, 0x16, 0x06, 0xC0, 0x98, 0x33, 0x0C, 0x61, 0x0C, 0x61, 0x98, 0x33, 0xFF, 0xFF,
    0xF0, 0x18, 0x03, 0x00, 0x60, 0x7F, 0x3F, 0x98, 0x0C, 0x06, 0x03, 0xF1, 0xFC, 0x87, 0x01, 0x80,
    0xC0, 0x60, 0x38, 0x37, 0xF9, 0xF0, 0x0F, 0x0F, 0xE7, 0x09, 0x80, 0xE0, 0x30, 0x0C, 0xF3, 0xFE,
    0xE1, 0xF0, 0x3C, 0x0F, 0x03, 0x61, 0xDF, 0xE1, 0xF0, 0xFF, 0xFF, 0xF0, 0x18, 0x06, 0x01, 0x80,
    0xC0, 0x30, 0x0C, 0x06, 0x01, 0x80, 0x60, 0x30, 0x0C, 0x03, 0x01, 0x80, 0x3F, 0x1F, 0xEE, 0x1F,
    0x03, 0xC0, 0xD8, 0x63, 0xF1, 0xFE, 0x61, 0xB0, 0x3C, 0x0F, 0x03, 0xE1, 0xDF, 0xE3, 0xF0, 0x3E,
    0x1F, 0xEE, 0x1B, 0x03, 0xC0, 0xF0, 0x3E, 0x1D, 0xFF, 0x3C, 0xC0, 0x30, 0x1C, 0x06, 0x43, 0x9F,
    0xC3, 0xC0, 0xF0, 0x00, 0xF0, 0x6C, 0x00, 0x00, 0x6D, 0xE8, 0x00, 0x08, 0x03, 0xC0, 0xFC, 0x3F,
    0x0F, 0xC0, 0x78, 0x03, 0xF0, 0x03, 0xF0, 0x03, 0xF0, 0x03, 0xC0, 0x02, 0xFF, 0xFF, 0xFF, 0xC0,
    0x00, 0x00, 0x0F, 0xFF, 0xFF, 0xFC, 0x80, 0x07, 0x80, 0x1F, 0x80, 0x1F, 0x80, 0x1F, 0x80, 0x3C,
    0x07, 0xE1, 0xF8, 0x7E, 0x07, 0x80, 0x20, 0x00, 0x7C, 0xFE, 0x87, 0x03, 0x03, 0x07, 0x0E, 0x1C,
    0x38, 0x30, 0x30, 0x30, 0x00, 0x30, 0x30, 0x0F, 0xFE, 0x07, 0x83, 0xC3, 0x80, 0x39, 0xC0, 0x06,
    0x61, 0xD8, 0xF0, 0xFE, 0x3C, 0x73, 0x8F, 0x18, 0x63, 0xC6, 0x19, 0xF1, 0xCE, 0xEC, 0x3F, 0xF1,
    0x87, 0x70, 0x70, 0x00, 0x0E, 0x01, 0x01, 0xC1, 0xC0, 0x3F, 0xE0, 0x03, 0xE0, 0x00, 0x07, 0x00,
    0x38, 0x01, 0xC0, 0x1B, 0x00, 0xD8, 0x0E, 0xE0, 0x63, 0x03, 0x18, 0x30, 0x61, 0x83, 0x0F, 0xF8,
    0xFF, 0xE6, 0x03, 0x30, 0x1B, 0x00, 0x60, 0xFE, 0x3F, 0xCC, 0x3B, 0x06, 0xC1, 0xB0, 0xEF, 0xF3,
    0xFC, 0xC1, 0xB0, 0x3C, 0x0F, 0x03, 0xC1, 0xFF, 0xEF, 0xF0, 0x0F, 0xE3, 0xFF, 0x38, 0x16, 0x00,
    0xE0, 0x0C, 0x00, 0xC0, 0x0C, 0x00, 0xC0, 0x0C, 0x00, 0xE0, 0x06, 0x00, 0x38, 0x13, 0xFF, 0x0F,
    0xE0, 0xFF, 0x0F, 0xFC, 0xC1, 0xEC, 0x06, 0xC0, 0x7C, 0x03, 0xC0, 0x3C, 0x03, 0xC0, 0x3C, 0x03,
    0xC0, 0x7C, 0x06, 0xC1, 0xEF, 0xFC, 0xFF, 0x00, 0xFF, 0xFF, 0xF0, 0x18, 0x0C, 0x06, 0x03, 0xFF,
    0xFF, 0xC0, 0x60, 0x30, 0x18, 0x0C, 0x07, 0xFF, 0xFE, 0xFF, 0xFF, 0xC0, 0xC0, 0xC0, 0xC0, 0xFE,
    0xFE, 0xC0, 0xC0, 0xC0, 0xC0, 0xC0, 0xC0, 0xC0, 0x0F, 0xE1, 0xFF, 0x9E, 0x04, 0xC0, 0x0E, 0x00,
    0x60, 0x03, 0x00, 0x18, 0x1F, 0xC0, 0xFE, 0x00, 0xF8, 0x06, 0xC0, 0x33, 0x81, 0x8F, 0xF8, 0x3F,
    0x00, 0xC0, 0x78, 0x0F, 0x01, 0xE0, 0x3C, 0x07, 0x80, 0xFF, 0xFF, 0xFF, 0xC0, 0x78, 0x0F, 0x01,
    0xE0, 0x3C, 0x07, 0x80, 0xF0, 0x18, 0xFF, 0xFF, 0xFF, 0xFC, 0x18, 0xC6, 0x31, 0x8C, 0x63, 0x18,
    0xC6, 0x31, 0x8C, 0x63, 0x3F, 0xB8, 0xC1, 0xD8, 0x73, 0x1C, 0x67, 0x0D, 0xC1, 0xF0, 0x3C, 0x07,
    0x80, 0xF8, 0x1B, 0x83, 0x38, 0x63, 0x8C, 0x39, 0x83, 0xB0, 0x38, 0xC0, 0x60, 0x30, 0x18, 0x0C,
    0x06, 0x03, 0x01, 0x80, 0xC0, 0x60, 0x30, 0x18, 0x0C, 0x07, 0xFF, 0xFE, 0xF0, 0x7F, 0x83, 0xFC,
    0x1F, 0xB1, 0xBD, 0x8D, 0xEC, 0x6F, 0x36, 0x79, 0xB3, 0xCD, 0x9E, 0x38, 0xF1, 0xC7, 0x8E, 0x3C,
    0x01, 0xE0, 0x0F, 0x00, 0x60, 0xE0, 0x7E, 0x0F, 0xC1, 0xFC, 0x3D, 0x87, 0xB8, 0xF3, 0x1E, 0x73,
    0xC6, 0x78, 0xEF, 0x0D, 0xE1, 0xFC, 0x1F, 0x81, 0xF0, 0x38, 0x0F, 0xC0, 0xFF, 0xC3, 0x87, 0x18,
    0x06, 0xE0, 0x1F, 0x00, 0x3C, 0x00, 0xF0, 0x03, 0xC0, 0x0F, 0x00, 0x3E, 0x01, 0xD8, 0x06, 0x38,
    0x70, 0xFF, 0xC0, 0xFC, 0x00, 0xFE, 0x7F, 0xB0, 0xF8, 0x3C, 0x1E, 0x0F, 0x0F, 0xFE, 0xFE, 0x60,
    0x30, 0x18, 0x0C, 0x06, 0x03, 0x00, 0x0F, 0xC0, 0xFF, 0xC3, 0x87, 0x98, 0x06, 0xE0, 0x1F, 0x00,
    0x3C, 0x00, 0xF0, 0x03, 0xC0, 0x0F, 0x00, 0x3E, 0x01, 0xD8, 0x06, 0x38, 0x70, 0xFF, 0x80, 0xFC,
    0x00, 0x38, 0x00, 0x70, 0x00, 0xC0, 0xFE, 0x1F, 0xE3, 0x0E, 0x60, 0xCC, 0x19, 0x87, 0x3F, 0xC7,
    0xF0, 0xC7, 0x18, 0x73, 0x06, 0x60, 0xCC, 0x0D, 0x81, 0xB0, 0x18, 0x3F, 0x1F, 0xEE, 0x0B, 0x00,
    0xC0, 0x38, 0x07, 0xC0, 0xFC, 0x03, 0x80, 0x30, 0x0C, 0x03, 0x81, 0xFF, 0xE7, 0xF0, 0xFF, 0xFF,
    0xFF, 0x06, 0x00, 0x60, 0x06, 0x00, 0x60, 0x06, 0x00, 0x60, 0x06, 0x00, 0x60, 0x06, 0x00, 0x60,
    0x06, 0x00, 0x60, 0x06, 0x00, 0xC0, 0x78, 0x0F, 0x01, 0xE0, 0x3C, 0x07, 0x80, 0xF0, 0x1E, 0x03,
    0xC0, 0x78, 0x0F, 0x01, 0xF0, 0x76, 0x0C, 0xFF, 0x87, 0xC0, 0xC0, 0x1B, 0x01, 0x98, 0x0C, 0xC0,
    0x63, 0x06, 0x18, 0x30, 0xC1, 0x83, 0x18, 0x18, 0xC0, 0xEE, 0x03, 0x60, 0x1B, 0x00, 0x70, 0x03,
    0x80, 0x1C, 0x00, 0xC1, 0xE0, 0xF0, 0x78, 0x36, 0x1E, 0x19, 0x87, 0x86, 0x63, 0x31, 0x98, 0xCC,
    0x63, 0x33, 0x30, 0xCC, 0xCC, 0x36, 0x1B, 0x0D, 0x86, 0xC3, 0xE1, 0xE0, 0x78, 0x78, 0x1E, 0x1E,
    0x07, 0x03, 0x81, 0xC0, 0xE0, 0x70, 0x73, 0x06, 0x38, 0xC1, 0x9C, 0x0D, 0x80, 0xF0, 0x07, 0x00,
    0x70, 0x0F, 0x00, 0xF8, 0x19, 0x83, 0x8C, 0x30, 0xE6, 0x06, 0xE0, 0x70, 0xE0, 0x76, 0x06, 0x30,
    0xC3, 0x9C, 0x19, 0x81, 0xF8, 0x0F, 0x00, 0x60, 0x06, 0x00, 0x60, 0x06, 0x00, 0x60, 0x06, 0x00,
    0x60, 0x06, 0x00, 0xFF, 0xFF, 0xFF, 0x00, 0x60, 0x0C, 0x01, 0xC0, 0x38, 0x07, 0x00, 0x60, 0x0C,
    0x01, 0xC0, 0x38, 0x03, 0x00, 0x60, 0x0F, 0xFF, 0xFF, 0xF0, 0xFF, 0xCC, 0xCC, 0xCC, 0xCC, 0xCC,
    0xCC, 0xCC, 0xFF, 0xC1, 0xC1, 0x83, 0x06, 0x06, 0x0C, 0x18, 0x18, 0x30, 0x60, 0x60, 0xC1, 0x83,
    0x83, 0xFF, 0x33, 0x33, 0x33, 0x33, 0x33, 0x33, 0x33, 0xFF, 0x0E, 0x03, 0x60, 0xC6, 0x30, 0x6C,
    0x06, 0xFF, 0xFF, 0xF0, 0xC3, 0x0C, 0x30, 0x3E, 0x3F, 0x90, 0xE0, 0x33, 0xFB, 0xFF, 0x07, 0x83,
    0xC3, 0xFF, 0xDF, 0x60, 0xC0, 0x30, 0x0C, 0x03, 0x00, 0xDF, 0x3F, 0xEE, 0x1B, 0x03, 0xC0, 0xF0,
    0x3C, 0x0F, 0x03, 0xE1, 0xBF, 0xED, 0xF0, 0x1F, 0x3F, 0xDC, 0x3C, 0x0C, 0x06, 0x03, 0x01, 0xC0,
    0x70, 0xBF, 0xC7, 0xC0, 0x00, 0xC0, 0x30, 0x0C, 0x03, 0x3E, 0xDF, 0xF6, 0x1F, 0x03, 0xC0, 0xF0,
    0x3C, 0x0F, 0x03, 0x61, 0xDF, 0xF3, 0xEC, 0x1F, 0x1F, 0xE6, 0x1F, 0x03, 0xFF, 0xFF, 0xFC, 0x03,
    0x00, 0x70, 0x4F, 0xF1, 0xF8, 0x1E, 0x7C, 0xC1, 0x8F, 0xFF, 0xCC, 0x18, 0x30, 0x60, 0xC1, 0x83,
    0x06, 0x0C, 0x00, 0x3E, 0xDF, 0xF6, 0x1F, 0x03, 0xC0, 0xF0, 0x3C, 0x0F, 0x03, 0x61, 0xDF, 0xF3,
    0xEC, 0x03, 0x41, 0x9F, 0xE3, 0xE0, 0xC0, 0x60, 0x30, 0x18, 0x0D, 0xE7, 0xFB, 0x8F, 0x83, 0xC1,
    0xE0, 0xF0, 0x78, 0x3C, 0x1E, 0x0F, 0x06, 0xF0, 0xFF, 0xFF, 0xFC, 0x33, 0x00, 0x33, 0x33, 0x33,
    0x33, 0x33, 0x33, 0x3E, 0xE0, 0xC0, 0x60, 0x30, 0x18, 0x0C, 0x3E, 0x3B, 0x39, 0xB8, 0xF8, 0x78,
    0x3E, 0x1B, 0x8C, 0xE6, 0x3B, 0x0E, 0xFF, 0xFF, 0xFF, 0xFC, 0xDE, 0x3C, 0xFF, 0x7E, 0xE3, 0xC7,
    0xC1, 0x83, 0xC1, 0x83, 0xC1, 0x83, 0xC1, 0x83, 0xC1, 0x83, 0xC1, 0x83, 0xC1, 0x83, 0xC1, 0x83,
    0xDE, 0x7F, 0xB8, 0xF8, 0x3C, 0x1E, 0x0F, 0x07, 0x83, 0xC1, 0xE0, 0xF0, 0x60, 0x1E, 0x1F, 0xE6,
    0x1B, 0x03, 0xC0, 0xF0, 0x3C, 0x0F, 0x03, 0x61, 0x9F, 0xE1, 0xE0, 0xDF, 0x3F, 0xEE, 0x1B, 0x03,
    0xC0, 0xF0, 0x3C, 0x0F, 0x03, 0xE1, 0xBF, 0xED, 0xF3, 0x00, 0xC0, 0x30, 0x0C, 0x00, 0x3E, 0xDF,
    0xF6, 0x1F, 0x03, 0xC0, 0xF0, 0x3C, 0x0F, 0x03, 0x61, 0xDF, 0xF3, 0xEC, 0x03, 0x00, 0xC0, 0x30,
    0x0C, 0xDF, 0xFE, 0x30, 0xC3, 0x0C, 0x30, 0xC3, 0x0C, 0x00, 0x3E, 0xFF, 0xC1, 0xC0, 0xFC, 0x3E,
    0x07, 0x03, 0x83, 0xFF, 0x7C, 0x60, 0xC1, 0x87, 0xFF, 0xEC, 0x18, 0x30, 0x60, 0xC1, 0x83, 0x07,
    0xE7, 0xC0, 0xC1, 0xE0, 0xF0, 0x78, 0x3C, 0x1E, 0x0F, 0x07, 0x83, 0xE3, 0xBF, 0xCF, 0x60, 0xC0,
    0x6C, 0x19, 0x83, 0x30, 0x63, 0x18, 0x63, 0x06, 0xC0, 0xD8, 0x1B, 0x01, 0xC0, 0x38, 0x00, 0xC3,
    0x87, 0x87, 0x0D, 0x8A, 0x33, 0x36, 0x66, 0x6C, 0xCC, 0xD9, 0x8D, 0x16, 0x1E, 0x3C, 0x3C, 0x78,
    0x30, 0x60, 0x60, 0xC0, 0xE0, 0xEE, 0x38, 0xEE, 0x0D, 0x80, 0xE0, 0x1C, 0x07, 0xC0, 0xD8, 0x31,
    0x8E, 0x3B, 0x83, 0x80, 0xC0, 0x6C, 0x19, 0x83, 0x38, 0xC3, 0x18, 0x77, 0x06, 0xC0, 0xD8, 0x0E,
    0x01, 0xC0, 0x30, 0x06, 0x01, 0xC0, 0xF0, 0x1C, 0x00, 0xFF, 0xFF, 0xC0, 0xC0, 0xC0, 0xE0, 0xE0,
    0xE0, 0x60, 0x70, 0x7F, 0xFF, 0xE0, 0x0F, 0x1F, 0x18, 0x18, 0x18, 0x18, 0x18, 0x18, 0xF0, 0xF0,
    0x38, 0x18, 0x18, 0x18, 0x18, 0x18, 0x1F, 0x0F, 0xFF, 0xFF, 0xFF, 0xFF, 0xFF, 0xF0, 0xF8, 0x18,
    0x18, 0x18, 0x18, 0x18, 0x18, 0x0F, 0x0F, 0x1C, 0x18, 0x18, 0x18, 0x18, 0x18, 0xF8, 0xF0, 0x3E,
    0x0F, 0xFF, 0xF0, 0xF8, 0xF0, 0xFF, 0xFF, 0xFC, 0x04, 0x02, 0x01, 0x03, 0xE7, 0xFB, 0xA7, 0x11,
    0x88, 0xC4, 0x62, 0x31, 0x0E, 0x97, 0xF8, 0xF8, 0x10, 0x08, 0x04, 0x00, 0x0F, 0x0F, 0xCE, 0x26,
    0x03, 0x01, 0x80, 0xC1, 0xFE, 0xFF, 0x18, 0x0C, 0x06, 0x03, 0x07, 0xFF, 0xFE, 0x80, 0xDB, 0x67,
    0xF8, 0xCC, 0x61, 0x98, 0x63, 0x31, 0xFE, 0x6D, 0xA0, 0x10, 0xE0, 0x76, 0x06, 0x70, 0xE3, 0x0C,
    0x19, 0x81, 0x98, 0x7F, 0xE0, 0xF0, 0x06, 0x07, 0xFE, 0x06, 0x00, 0x60, 0x06, 0x00, 0x60, 0x06,
    0x00, 0xFF, 0xFC, 0x0F, 0xFF, 0xC0, 0x3E, 0x7E, 0x60, 0x60, 0x30, 0x78, 0xCE, 0xC7, 0xC3, 0x63,
    0x36, 0x1C, 0x0C, 0x06, 0x06, 0x7E, 0x7C, 0xCF, 0x30, 0x0F, 0xC0, 0x61, 0x82, 0x01, 0x11, 0xE2,
    0x4C, 0x4A, 0x60, 0x19, 0x80, 0x66, 0x01, 0x98, 0x06, 0x60, 0x14, 0xC4, 0x91, 0xE2, 0x20, 0x10,
    0x61, 0x80, 0xFC, 0x00, 0x7E, 0x03, 0x01, 0x7F, 0xC1, 0x81, 0xC3, 0x7D, 0x00, 0xFF, 0x08, 0x46,
    0x33, 0x19, 0x08, 0x84, 0x10, 0x83, 0x18, 0x63, 0x08, 0x40, 0xFF, 0xFF, 0xFF, 0xC0, 0x06, 0x00,
    0x30, 0x01, 0x80, 0x0C, 0x07, 0xC0, 0x30, 0x60, 0x80, 0x22, 0x7E, 0x24, 0xC6, 0x51, 0x8C, 0x63,
    0x18, 0xC7, 0xE1, 0x8C, 0x83, 0x19, 0x85, 0x31, 0x92, 0x61, 0xA2, 0x00, 0x83, 0x06, 0x01, 0xF0,
    0x00, 0xFF, 0xF0, 0x7B, 0x38, 0x61, 0xCD, 0xE0, 0x06, 0x00, 0x60, 0x06, 0x00, 0x60, 0xFF, 0xFF,
    0xFF, 0x06, 0x00, 0x60, 0x06, 0x00, 0x60, 0x00, 0x0F, 0xFF, 0xFF, 0xF0, 0x7A, 0x10, 0x43, 0x18,
    0xC4, 0x3F, 0xF8, 0x10, 0x4E, 0x04, 0x10, 0x7E, 0x19, 0x99, 0x80, 0xC1, 0xB0, 0x6C, 0x1B, 0x06,
    0xC1, 0xB0, 0x6C, 0x1B, 0x06, 0xE3, 0xBF, 0xFD, 0xCF, 0x00, 0xC0, 0x30, 0x0C, 0x00, 0x3F, 0xBE,
    0x7F, 0x3F, 0x9F, 0xCF, 0xE5, 0xF2, 0x79, 0x04, 0x82, 0x41, 0x20, 0x90, 0x48, 0x24, 0x12, 0x09,
    0x04, 0x80, 0xF0, 0x23, 0x3E, 0xE1, 0x08, 0x42, 0x10, 0x9F, 0x3C, 0x42, 0x81, 0x81, 0x81, 0x81,
    0x42, 0x3C, 0x00, 0xFF, 0x84, 0x31, 0x86, 0x30, 0x42, 0x08, 0x44, 0x26, 0x33, 0x18, 0x84, 0x00,
    0xE0, 0x18, 0x20, 0x10, 0x20, 0x20, 0x20, 0x20, 0x20, 0x40, 0x20, 0x80, 0x20, 0x80, 0xF9, 0x02,
    0x02, 0x06, 0x02, 0x0A, 0x04, 0x12, 0x08, 0x22, 0x08, 0x3F, 0x10, 0x02, 0x30, 0x02, 0xE0, 0x18,
    0x20, 0x10, 0x20, 0x20, 0x20, 0x20, 0x20, 0x40, 0x20, 0x80, 0x20, 0x80, 0xF9, 0x1E, 0x02, 0x21,
    0x02, 0x01, 0x04, 0x03, 0x08, 0x06, 0x08, 0x0C, 0x10, 0x10, 0x30, 0x3F, 0xF8, 0x0C, 0x02, 0x04,
    0x01, 0x04, 0x07, 0x02, 0x00, 0x42, 0x00, 0x22, 0x00, 0x11, 0x01, 0xF1, 0x02, 0x01, 0x03, 0x00,
    0x82, 0x80, 0x82, 0x40, 0x82, 0x20, 0x41, 0xF8, 0x40, 0x08, 0x60, 0x04, 0x0C, 0x0C, 0x00, 0x0C,
    0x0C, 0x0C, 0x1C, 0x38, 0x70, 0x60, 0xC0, 0xC0, 0xE1, 0x7F, 0x3E, 0x06, 0x00, 0x18, 0x00, 0x40,
    0x00, 0x00, 0x70, 0x03, 0x80, 0x1C, 0x01, 0xB0, 0x0D, 0x80, 0xEE, 0x06, 0x30, 0x31, 0x83, 0x06,
    0x18, 0x30, 0xFF, 0x8F, 0xFE, 0x60, 0x33, 0x01, 0xB0, 0x06, 0x00, 0x80, 0x0C, 0x00, 0xC0, 0x00,
    0x00, 0x70, 0x03, 0x80, 0x1C, 0x01, 0xB0, 0x0D, 0x80, 0xEE, 0x06, 0x30, 0x31, 0x83, 0x06, 0x18,
    0x30, 0xFF, 0x8F, 0xFE, 0x60, 0x33, 0x01, 0xB0, 0x06, 0x07, 0x00, 0x28, 0x02, 0x20, 0x00, 0x00,
    0x70, 0x03, 0x80, 0x1C, 0x01, 0xB0, 0x0D, 0x80, 0xEE, 0x06, 0x30, 0x31, 0x83, 0x06, 0x18, 0x30,
    0xFF, 0x8F, 0xFE, 0x60, 0x33, 0x01, 0xB0, 0x06, 0x0E, 0x80, 0x5C, 0x00, 0x00, 0x0E, 0x00, 0x70,
    0x03, 0x80, 0x36, 0x01, 0xB0, 0x1D, 0xC0, 0xC6, 0x06, 0x30, 0x60, 0xC3, 0x06, 0x1F, 0xF1, 0xFF,
    0xCC, 0x06, 0x60, 0x36, 0x00, 0xC0, 0x0D, 0x80, 0x6C, 0x00, 0x00, 0x00, 0x00, 0x70, 0x03, 0x80,
    0x1C, 0x01, 0xB0, 0x0D, 0x80, 0xEE, 0x06, 0x30, 0x31, 0x83, 0x06, 0x18, 0x30, 0xFF, 0x8F, 0xFE,
    0x60, 0x33, 0x01, 0xB0, 0x06, 0x07, 0x00, 0x44, 0x02, 0x20, 0x11, 0x00, 0x70, 0x03, 0x80, 0x3E,
    0x01, 0xB0, 0x0D, 0x80, 0xC6, 0x06, 0x30, 0x31, 0x83, 0x06, 0x18, 0x30, 0xFF, 0x8F, 0xFE, 0x60,
    0x33, 0x01, 0xB0, 0x06, 0x03, 0xFF, 0xC0, 0xFF, 0xF0, 0x66, 0x00, 0x19, 0x80, 0x0E, 0x60, 0x03,
    0x18, 0x00, 0xC7, 0xFC, 0x61, 0xFF, 0x18, 0x60, 0x0C, 0x18, 0x03, 0xFE, 0x01, 0xFF, 0x80, 0x60,
    0x60, 0x18, 0x1F, 0xFC, 0x07, 0xFC, 0x0F, 0xE3, 0xFF, 0x38, 0x16, 0x00, 0xE0, 0x0C, 0x00, 0xC0,
    0x0C, 0x00, 0xC0, 0x0C, 0x00, 0xE0, 0x06, 0x00, 0x38, 0x13, 0xFF, 0x0F, 0xE0, 0x10, 0x01, 0x80,
    0x18, 0x07, 0x00, 0x18, 0x06, 0x01, 0x00, 0x0F, 0xFF, 0xFF, 0x01, 0x80, 0xC0, 0x60, 0x3F, 0xFF,
    0xFC, 0x06, 0x03, 0x01, 0x80, 0xC0, 0x7F, 0xFF, 0xE0, 0x02, 0x03, 0x03, 0x00, 0x0F, 0xFF, 0xFF,
    0x01, 0x80, 0xC0, 0x60, 0x3F, 0xFF, 0xFC, 0x06, 0x03, 0x01, 0x80, 0xC0, 0x7F, 0xFF, 0xE0, 0x0C,
    0x0F, 0x0C, 0xC0, 0x0F, 0xFF, 0xFF, 0x01, 0x80, 0xC0, 0x60, 0x3F, 0xFF, 0xFC, 0x06, 0x03, 0x01,
    0x80, 0xC0, 0x7F, 0xFF, 0xE0, 0x33, 0x19, 0x80, 0x00, 0x0F, 0xFF, 0xFF, 0x01, 0x80, 0xC0, 0x60,
    0x3F, 0xFF, 0xFC, 0x06, 0x03, 0x01, 0x80, 0xC0, 0x7F, 0xFF, 0xE0, 0xCC, 0x86, 0xDB, 0x6D, 0xB6,
    0xDB, 0x6D, 0x80, 0x2F, 0x0D, 0xB6, 0xDB, 0x6D, 0xB6, 0xDB, 0x00, 0x31, 0xEC, 0xC0, 0x30, 0xC3,
    0x0C, 0x30, 0xC3, 0x0C, 0x30, 0xC3, 0x0C, 0x30, 0xC3, 0x00, 0xCF, 0x30, 0x00, 0x30, 0xC3, 0x0C,
    0x30, 0xC3, 0x0C, 0x30, 0xC3, 0x0C, 0x30, 0xC3, 0x00, 0x3F, 0xC0, 0xFF, 0xC3, 0x07, 0x8C, 0x06,
    0x30, 0x1C, 0xC0, 0x3F, 0xE0, 0xFF, 0x83, 0x30, 0x0C, 0xC0, 0x33, 0x01, 0xCC, 0x06, 0x30, 0x78,
    0xFF, 0xC3, 0xFC, 0x00, 0x1D, 0x02, 0xE0, 0x00, 0x70, 0x3F, 0x07, 0xE0, 0xFE, 0x1E, 0xC3, 0xDC,
    0x79, 0x8F, 0x39, 0xE3, 0x3C, 0x77, 0x86, 0xF0, 0xFE, 0x0F, 0xC0, 0xF8, 0x1C, 0x06, 0x00, 0x0C,
    0x00, 0x10, 0x00, 0x00, 0x0F, 0xC0, 0xFF, 0xC3, 0x87, 0x18, 0x06, 0xE0, 0x1F, 0x00, 0x3C, 0x00,
    0xF0, 0x03, 0xC0, 0x0F, 0x00, 0x3E, 0x01, 0xD8, 0x06, 0x38, 0x70, 0xFF, 0xC0, 0xFC, 0x00, 0x00,
    0x80, 0x06, 0x00, 0x30, 0x00, 0x00, 0x0F, 0xC0, 0xFF, 0xC3, 0x87, 0x18, 0x06, 0xE0, 0x1F, 0x00,
    0x3C, 0x00, 0xF0, 0x03, 0xC0, 0x0F, 0x00, 0x3E, 0x01, 0xD8, 0x06, 0x38, 0x70, 0xFF, 0xC0, 0xFC,
    0x00, 0x03, 0x00, 0x1E, 0x00, 0xCC, 0x00, 0x00, 0x0F, 0xC0, 0xFF, 0xC3, 0x87, 0x18, 0x06, 0xE0,
    0x1F, 0x00, 0x3C, 0x00, 0xF0, 0x03, 0xC0, 0x0F, 0x00, 0x3E, 0x01, 0xD8, 0x06, 0x38, 0x70, 0xFF,
    0xC0, 0xFC, 0x00, 0x06, 0x40, 0x26, 0x00, 0x00, 0x03, 0xF0, 0x3F, 0xF0, 0xE1, 0xC6, 0x01, 0xB8,
    0x07, 0xC0, 0x0F, 0x00, 0x3C, 0x00, 0xF0, 0x03, 0xC0, 0x0F, 0x80, 0x76, 0x01, 0x8E, 0x1C, 0x3F,
    0xF0, 0x3F, 0x00, 0x0C, 0xC0, 0x33, 0x00, 0x00, 0x00, 0x00, 0x0F, 0xC0, 0xFF, 0xC3, 0x87, 0x18,
    0x06, 0xE0, 0x1F, 0x00, 0x3C, 0x00, 0xF0, 0x03, 0xC0, 0x0F, 0x00, 0x3E, 0x01, 0xD8, 0x06, 0x38,
    0x70, 0xFF, 0xC0, 0xFC, 0x00, 0x40, 0x5C, 0x1D, 0xC7, 0x1D, 0xC1, 0xF0, 0x1C, 0x07, 0xC1, 0xDC,
    0x71, 0xDC, 0x1D, 0x01, 0x00, 0x0F, 0xC4, 0xFF, 0xA7, 0x87, 0x98, 0x0E, 0xE0, 0x7B, 0x03, 0x3C,
    0x18, 0xF0, 0xC3, 0xC6, 0x0F, 0x30, 0x37, 0x81, 0xDC, 0x06, 0x78, 0x79, 0x7F, 0xC8, 0xFC, 0x00,
    0x18, 0x01, 0x80, 0x10, 0x00, 0x0C, 0x07, 0x80, 0xF0, 0x1E, 0x03, 0xC0, 0x78, 0x0F, 0x01, 0xE0,
    0x3C, 0x07, 0x80, 0xF0, 0x1F, 0x07, 0x60, 0xCF, 0xF8, 0x7C, 0x00, 0x02, 0x00, 0xC0, 0x30, 0x00,
    0x0C, 0x07, 0x80, 0xF0, 0x1E, 0x03, 0xC0, 0x78, 0x0F, 0x01, 0xE0, 0x3C, 0x07, 0x80, 0xF0, 0x1F,
    0x07, 0x60, 0xCF, 0xF8, 0x7C, 0x00, 0x0E, 0x01, 0x40, 0x44, 0x00, 0x0C, 0x07, 0x80, 0xF0, 0x1E,
    0x03, 0xC0, 0x78, 0x0F, 0x01, 0xE0, 0x3C, 0x07, 0x80, 0xF0, 0x1F, 0x07, 0x60, 0xCF, 0xF8, 0x7C,
    0x00, 0x1B, 0x03, 0x60, 0x00, 0x00, 0x0C, 0x07, 0x80, 0xF0, 0x1E, 0x03, 0xC0, 0x78, 0x0F, 0x01,
    0xE0, 0x3C, 0x07, 0x80, 0xF0, 0x1F, 0x07, 0x60, 0xCF, 0xF8, 0x7C, 0x00, 0x01, 0x00, 0x30, 0x06,
    0x00, 0x00, 0xE0, 0x76, 0x06, 0x30, 0xC3, 0x9C, 0x19, 0x81, 0xF8, 0x0F, 0x00, 0x60, 0x06, 0x00,
    0x60, 0x06, 0x00, 0x60, 0x06, 0x00, 0x60, 0x06, 0x00, 0xC0, 0x60, 0x30, 0x1F, 0xCF, 0xF6, 0x1F,
    0x07, 0x83, 0xC1, 0xE1, 0xFF, 0xDF, 0xCC, 0x06, 0x03, 0x00, 0x3E, 0x1F, 0xCE, 0x3B, 0x06, 0xC7,
    0xB3, 0x0C, 0xC3, 0x38, 0xC7, 0x30, 0x6C, 0x0F, 0x03, 0xD1, 0xF7, 0xEC, 0xF0, 0x60, 0x18, 0x06,
    0x01, 0x80, 0x01, 0xF1, 0xFC, 0x87, 0x01, 0x9F, 0xDF, 0xF8, 0x3C, 0x1E, 0x1F, 0xFE, 0xFB, 0x03,
    0x03, 0x03, 0x03, 0x00, 0x01, 0xF1, 0xFC, 0x87, 0x01, 0x9F, 0xDF, 0xF8, 0x3C, 0x1E, 0x1F, 0xFE,
    0xFB, 0x08, 0x0A, 0x05, 0x04, 0x40, 0x01, 0xF1, 0xFC, 0x87, 0x01, 0x9F, 0xDF, 0xF8, 0x3C, 0x1E,
    0x1F, 0xFE, 0xFB, 0x1A, 0x15, 0x0B, 0x00, 0x00, 0x01, 0xF1, 0xFC, 0x87, 0x01, 0x9F, 0xDF, 0xF8,
    0x3C, 0x1E, 0x1F, 0xFE, 0xFB, 0x36, 0x1B, 0x00, 0x00, 0x03, 0xE3, 0xF9, 0x0E, 0x03, 0x3F, 0xBF,
    0xF0, 0x78, 0x3C, 0x3F, 0xFD, 0xF6, 0x1C, 0x11, 0x08, 0x84, 0x41, 0xC0, 0x00, 0xF8, 0xFE, 0x43,
    0x80, 0xCF, 0xEF, 0xFC, 0x1E, 0x0F, 0x0F, 0xFF, 0x7D, 0x80, 0x3E, 0x3E, 0x3F, 0xBF, 0x90, 0xF0,
    0xC0, 0x30, 0x33, 0xFF, 0xFB, 0xFF, 0xFF, 0x06, 0x01, 0x83, 0x00, 0xC3, 0xE0, 0xFF, 0x7F, 0xCF,
    0x0F, 0xC0, 0x1F, 0x3F, 0xDC, 0x3C, 0x0C, 0x06, 0x03, 0x01, 0xC0, 0x70, 0xBF, 0xC7, 0xC0, 0x80,
    0x60, 0x30, 0x70, 0x60, 0x0C, 0x01, 0x80, 0x30, 0x00, 0x07, 0xC7, 0xF9, 0x87, 0xC0, 0xFF, 0xFF,
    0xFF, 0x00, 0xC0, 0x1C, 0x13, 0xFC, 0x7E, 0x03, 0x01, 0x80, 0xC0, 0x60, 0x00, 0x07, 0xC7, 0xF9,
    0x87, 0xC0, 0xFF, 0xFF, 0xFF, 0x00, 0xC0, 0x1C, 0x13, 0xFC, 0x7E, 0x0C, 0x07, 0x81, 0x20, 0xCC,
    0x00, 0x07, 0xC7, 0xF9, 0x87, 0xC0, 0xFF, 0xFF, 0xFF, 0x00, 0xC0, 0x1C, 0x13, 0xFC, 0x7E, 0x33,
    0x0C, 0xC0, 0x00, 0x00, 0x1F, 0x1F, 0xE6, 0x1F, 0x03, 0xFF, 0xFF, 0xFC, 0x03, 0x00, 0x70, 0x4F,
    0xF1, 0xF8, 0xC3, 0x0C, 0x30, 0x0C, 0x63, 0x18, 0xC6, 0x31, 0x8C, 0x63, 0x19, 0x99, 0x80, 0x31,
    0x8C, 0x63, 0x18, 0xC6, 0x31, 0x8C, 0x31, 0xE4, 0xB3, 0x00, 0xC3, 0x0C, 0x30, 0xC3, 0x0C, 0x30,
    0xC3, 0x0C, 0xCF, 0x30, 0x00, 0x30, 0xC3, 0x0C, 0x30, 0xC3, 0x0C, 0x30, 0xC3, 0x00, 0x10, 0x87,
    0xC7, 0xC0, 0x18, 0x1F, 0x1F, 0xE6, 0x1B, 0x03, 0xC0, 0xF0, 0x3C, 0x0F, 0x03, 0x61, 0x9F, 0xE1,
    0xE0, 0x32, 0x2D, 0x13, 0x00, 0x00, 0x06, 0xF3, 0xFD, 0xC7, 0xC1, 0xE0, 0xF0, 0x78, 0x3C, 0x1E,
    0x0F, 0x07, 0x83, 0x60, 0x0C, 0x01, 0x80, 0x30, 0x00, 0x07, 0x87, 0xF9, 0x86, 0xC0, 0xF0, 0x3C,
    0x0F, 0x03, 0xC0, 0xD8, 0x67, 0xF8, 0x78, 0x03, 0x01, 0x80, 0xC0, 0x60, 0x00, 0x07, 0x87, 0xF9,
    0x86, 0xC0, 0xF0, 0x3C, 0x0F, 0x03, 0xC0, 0xD8, 0x67, 0xF8, 0x78, 0x0C, 0x07, 0x81, 0x20, 0xCC,
    0x00, 0x07, 0x87, 0xF9, 0x86, 0xC0, 0xF0, 0x3C, 0x0F, 0x03, 0xC0, 0xD8, 0x67, 0xF8, 0x78, 0x19,
    0x0B, 0x42, 0x60, 0x00, 0x00, 0x07, 0x87, 0xF9, 0x86, 0xC0, 0xF0, 0x3C, 0x0F, 0x03, 0xC0, 0xD8,
    0x67, 0xF8, 0x78, 0x33, 0x0C, 0xC0, 0x00, 0x00, 0x1E, 0x1F, 0xE6, 0x1B, 0x03, 0xC0, 0xF0, 0x3C,
    0x0F, 0x03, 0x61, 0x9F, 0xE1, 0xE0, 0x06, 0x00, 0x60, 0x00, 0x00, 0x00, 0xFF, 0xFF, 0xFF, 0x00,
    0x00, 0x00, 0x06, 0x00, 0x60, 0x00, 0x47, 0x97, 0xF9, 0x86, 0xC3, 0xF1, 0xBC, 0xCF, 0x63, 0xF0,
    0xD8, 0x67, 0xFA, 0x78, 0x80, 0x00, 0xC0, 0x30, 0x0C, 0x03, 0x00, 0x06, 0x0F, 0x07, 0x83, 0xC1,
    0xE0, 0xF0, 0x78, 0x3C, 0x1F, 0x1D, 0xFE, 0x7B, 0x06, 0x06, 0x06, 0x06, 0x00, 0x06, 0x0F, 0x07,
    0x83, 0xC1, 0xE0, 0xF0, 0x78, 0x3C, 0x1F, 0x1D, 0xFE, 0x7B, 0x08, 0x0A, 0x05, 0x04, 0x40, 0x06,
    0x0F, 0x07, 0x83, 0xC1, 0xE0, 0xF0, 0x78, 0x3C, 0x1F, 0x1D, 0xFE, 0x7B, 0x36, 0x1B, 0x00, 0x00,
    0x0C, 0x1E, 0x0F, 0x07, 0x83, 0xC1, 0xE0, 0xF0, 0x78, 0x3E, 0x3B, 0xFC, 0xF6, 0x01, 0x80, 0x60,
    0x18, 0x06, 0x00, 0x01, 0x80, 0xD8, 0x33, 0x06, 0x71, 0x86, 0x30, 0xEE, 0x0D, 0x81, 0xB0, 0x1C,
    0x03, 0x80, 0x60, 0x0C, 0x03, 0x81, 0xE0, 0x38, 0x00, 0xC0, 0x30, 0x0C, 0x03, 0x00, 0xDF, 0x3F,
    0xEE, 0x1B, 0x03, 0xC0, 0xF0, 0x3C, 0x0F, 0x03, 0xE1, 0xBF, 0xED, 0xF3, 0x00, 0xC0, 0x30, 0x0C,
    0x00, 0x1B, 0x03, 0x60, 0x00, 0x00, 0x0C, 0x06, 0xC1, 0x98, 0x33, 0x8C, 0x31, 0x87, 0x70, 0x6C,
    0x0D, 0x80, 0xE0, 0x1C, 0x03, 0x00, 0x60, 0x1C, 0x0F, 0x01, 0xC0, 0x00, 0x0F, 0x80, 0x7C, 0x00,
    0x00, 0x0E, 0x00, 0x70, 0x03, 0x80, 0x36, 0x01, 0xB0, 0x1D, 0xC0, 0xC6, 0x06, 0x30, 0x60, 0xC3,
    0x06, 0x1F, 0xF1, 0xFF, 0xCC, 0x06, 0x60, 0x36, 0x00, 0xC0, 0x3E, 0x1F, 0x00, 0x00, 0x03, 0xE3,
    0xF9, 0x0E, 0x03, 0x3F, 0xBF, 0xF0, 0x78, 0x3C, 0x3F, 0xFD, 0xF6, 0x08, 0x80, 0x7C, 0x01, 0xC0,
    0x00, 0x00, 0x70, 0x03, 0x80, 0x1C, 0x01, 0xB0, 0x0D, 0x80, 0xEE, 0x06, 0x30, 0x31, 0x83, 0x06,
    0x18, 0x30, 0xFF, 0x8F, 0xFE, 0x60, 0x33, 0x01, 0xB0, 0x06, 0x22, 0x1F, 0x07, 0x00, 0x00, 0x01,
    0xF1, 0xFC, 0x87, 0x01, 0x9F, 0xDF, 0xF8, 0x3C, 0x1E, 0x1F, 0xFE, 0xFB, 0x07, 0x00, 0x1C, 0x00,
    0x70, 0x03, 0x60, 0x0D, 0x80, 0x77, 0x01, 0x8C, 0x06, 0x30, 0x30, 0x60, 0xC1, 0x83, 0xFE, 0x1F,
    0xFC, 0x60, 0x31, 0x80, 0xCC, 0x01, 0x80, 0x04, 0x00, 0x30, 0x00, 0xC0, 0x01, 0xC0, 0x3E, 0x1F,
    0xC4, 0x38, 0x06, 0x3F, 0x9F, 0xEC, 0x1B, 0x06, 0xC3, 0xBF, 0xE7, 0xD8, 0x04, 0x03, 0x00, 0xC0,
    0x1C, 0x00, 0x80, 0x18, 0x03, 0x00, 0x00, 0x0F, 0xE3, 0xFF, 0x38, 0x16, 0x00, 0xE0, 0x0C, 0x00,
    0xC0, 0x0C, 0x00, 0xC0, 0x0C, 0x00, 0xE0, 0x06, 0x00, 0x38, 0x13, 0xFF, 0x0F, 0xE0, 0x03, 0x03,
    0x03, 0x03, 0x00, 0x00, 0xF9, 0xFE, 0xE1, 0xE0, 0x60, 0x30, 0x18, 0x0E, 0x03, 0x85, 0xFE, 0x3E,
    0x03, 0x80, 0x28, 0x04, 0x40, 0x00, 0x0F, 0xE3, 0xFF, 0x38, 0x16, 0x00, 0xE0, 0x0C, 0x00, 0xC0,
    0x0C, 0x00, 0xC0, 0x0C, 0x00, 0xE0, 0x06, 0x00, 0x38, 0x13, 0xFF, 0x0F, 0xE0, 0x06, 0x07, 0x82,
    0x43, 0x30, 0x00, 0xF9, 0xFE, 0xE1, 0xE0, 0x60, 0x30, 0x18, 0x0E, 0x03, 0x85, 0xFE, 0x3E, 0x03,
    0x00, 0x30, 0x00, 0x00, 0x00, 0x0F, 0xE3, 0xFF, 0x38, 0x16, 0x00, 0xE0, 0x0C, 0x00, 0xC0, 0x0C,
    0x00, 0xC0, 0x0C, 0x00, 0xE0, 0x06, 0x00, 0x38, 0x13, 0xFF, 0x0F, 0xE0, 0x06, 0x03, 0x00, 0x00,
    0x01, 0xF3, 0xFD, 0xC3, 0xC0, 0xC0, 0x60, 0x30, 0x1C, 0x07, 0x0B, 0xFC, 0x7C, 0x0C, 0xC0, 0x78,
    0x03, 0x00, 0x00, 0x0F, 0xE3, 0xFF, 0x38, 0x16, 0x00, 0xE0, 0x0C, 0x00, 0xC0, 0x0C, 0x00, 0xC0,
    0x0C, 0x00, 0xE0, 0x06, 0x00, 0x38, 0x13, 0xFF, 0x0F, 0xE0, 0x33, 0x09, 0x07, 0x81, 0x80, 0x00,
    0xF9, 0xFE, 0xE1, 0xE0, 0x60, 0x30, 0x18, 0x0E, 0x03, 0x85, 0xFE, 0x3E, 0x33, 0x01, 0xE0, 0x0C,
    0x00, 0x00, 0xFF, 0x0F, 0xFC, 0xC1, 0xEC, 0x06, 0xC0, 0x7C, 0x03, 0xC0, 0x3C, 0x03, 0xC0, 0x3C,
    0x03, 0xC0, 0x7C, 0x06, 0xC1, 0xEF, 0xFC, 0xFF, 0x00, 0x00, 0x0C, 0x03, 0x30, 0x0C, 0x80, 0x36,
    0x00, 0xC0, 0xFB, 0x07, 0xFC, 0x18, 0x70, 0xC0, 0xC3, 0x03, 0x0C, 0x0C, 0x30, 0x30, 0xC0, 0xC1,
    0x87, 0x07, 0xFC, 0x0F, 0xB0, 0x3F, 0xC0, 0xFF, 0xC3, 0x07, 0x8C, 0x06, 0x30, 0x1C, 0xC0, 0x3F,
    0xE0, 0xFF, 0x83, 0x30, 0x0C, 0xC0, 0x33, 0x01, 0xCC, 0x06, 0x30, 0x78, 0xFF, 0xC3, 0xFC, 0x00,
    0x00, 0xC0, 0x0C, 0x07, 0xF0, 0x0C, 0x3E, 0xC7, 0xFC, 0x61, 0xCC, 0x0C, 0xC0, 0xCC, 0x0C, 0xC0,
    0xCC, 0x0C, 0x61, 0xC7, 0xFC, 0x3E, 0xC0, 0x3F, 0x1F, 0x80, 0x1F, 0xFF, 0xFE, 0x03, 0x01, 0x80,
    0xC0, 0x7F, 0xFF, 0xF8, 0x0C, 0x06, 0x03, 0x01, 0x80, 0xFF, 0xFF, 0xC0, 0x3F, 0x0F, 0xC0, 0x00,
    0x00, 0x1F, 0x1F, 0xE6, 0x1F, 0x03, 0xFF, 0xFF, 0xFC, 0x03, 0x00, 0x70, 0x4F, 0xF1, 0xF8, 0x21,
    0x0F, 0x00, 0x1F, 0xFF, 0xFE, 0x03, 0x01, 0x80, 0xC0, 0x7F, 0xFF, 0xF8, 0x0C, 0x06, 0x03, 0x01,
    0x80, 0xFF, 0xFF, 0xC0, 0x21, 0x0F, 0xC1, 0xE0, 0x00, 0x00, 0x07, 0xC7, 0xF9, 0x87, 0xC0, 0xFF,
    0xFF, 0xFF, 0x00, 0xC0, 0x1C, 0x13, 0xFC, 0x7E, 0x0C, 0x06, 0x00, 0x00, 0x0F, 0xFF, 0xFF, 0x01,
    0x80, 0xC0, 0x60, 0x3F, 0xFF, 0xFC, 0x06, 0x03, 0x01, 0x80, 0xC0, 0x7F, 0xFF, 0xE0, 0x0C, 0x03,
    0x00, 0x00, 0x00, 0x1F, 0x1F, 0xE6, 0x1F, 0x03, 0xFF, 0xFF, 0xFC, 0x03, 0x00, 0x70, 0x4F, 0xF1,
    0xF8, 0xFF, 0xBF, 0xEC, 0x03, 0x00, 0xC0, 0x30, 0x0F, 0xFB, 0xFE, 0xC0, 0x30, 0x0C, 0x03, 0x00,
    0xC0, 0x3F, 0xEF, 0xF8, 0x04, 0x03, 0x00, 0xC0, 0x1C, 0x1F, 0x1F, 0xE6, 0x1F, 0x03, 0xFF, 0xFF,
    0xFC, 0x03, 0x00, 0x70, 0x4F, 0xF1, 0xF8, 0x04, 0x03, 0x00, 0xC0, 0x1C, 0x33, 0x0F, 0x03, 0x00,
    0x0F, 0xFF, 0xFF, 0x01, 0x80, 0xC0, 0x60, 0x3F, 0xFF, 0xFC, 0x06, 0x03, 0x01, 0x80, 0xC0, 0x7F,
    0xFF, 0xE0, 0x33, 0x04, 0x81, 0xE0, 0x30, 0x00, 0x07, 0xC7, 0xF9, 0x87, 0xC0, 0xFF, 0xFF, 0xFF,
    0x00, 0xC0, 0x1C, 0x13, 0xFC, 0x7E, 0x03, 0x00, 0x3C, 0x03, 0x30, 0x00, 0x00, 0xFE, 0x1F, 0xF9,
    0xE0, 0x4C, 0x00, 0xE0, 0x06, 0x00, 0x30, 0x01, 0x81, 0xFC, 0x0F, 0xE0, 0x0F, 0x80, 0x6C, 0x03,
    0x38, 0x18, 0xFF, 0x83, 0xF0, 0x0C, 0x07, 0x81, 0x20, 0xCC, 0x00, 0x0F, 0xB7, 0xFD, 0x87, 0xC0,
    0xF0, 0x3C, 0x0F, 0x03, 0xC0, 0xD8, 0x77, 0xFC, 0xFB, 0x00, 0xD0, 0x67, 0xF8, 0xF8, 0x08, 0x40,
    0x3C, 0x00, 0x00, 0x1F, 0xC3, 0xFF, 0x3C, 0x09, 0x80, 0x1C, 0x00, 0xC0, 0x06, 0x00, 0x30, 0x3F,
    0x81, 0xFC, 0x01, 0xF0, 0x0D, 0x80, 0x67, 0x03, 0x1F, 0xF0, 0x7E, 0x00, 0x21, 0x0F, 0xC1, 0xE0,
    0x00, 0x00, 0x0F, 0xB7, 0xFD, 0x87, 0xC0, 0xF0, 0x3C, 0x0F, 0x03, 0xC0, 0xD8, 0x77, 0xFC, 0xFB,
    0x00, 0xD0, 0x67, 0xF8, 0xF8, 0x03, 0x00, 0x18, 0x00, 0x00, 0x00, 0x00, 0xFE, 0x1F, 0xF9, 0xE0,
    0x4C, 0x00, 0xE0, 0x06, 0x00, 0x30, 0x01, 0x81, 0xFC, 0x0F, 0xE0, 0x0F, 0x80, 0x6C, 0x03, 0x38,
    0x18, 0xFF, 0x83, 0xF0, 0x0C, 0x03, 0x00, 0x00, 0x00, 0x3E, 0xDF, 0xF6, 0x1F, 0x03, 0xC0, 0xF0,
    0x3C, 0x0F, 0x03, 0x61, 0xDF, 0xF3, 0xEC, 0x03, 0x41, 0x9F, 0xE3, 0xE0, 0x0F, 0xE1, 0xFF, 0x9E,
    0x04, 0xC0, 0x0E, 0x00, 0x60, 0x03, 0x00, 0x18, 0x1F, 0xC0, 0xFE, 0x00, 0xF8, 0x06, 0xC0, 0x33,
    0x81, 0x8F, 0xF8, 0x3F, 0x00, 0x00, 0x00, 0x00, 0x18, 0x00, 0xC0, 0x04, 0x00, 0x02, 0x01, 0x80,
    0x40, 0x00, 0x00, 0x0F, 0xB7, 0xFD, 0x87, 0xC0, 0xF0, 0x3C, 0x0F, 0x03, 0xC0, 0xD8, 0x77, 0xFC,
    0xFB, 0x00, 0xD0, 0x67, 0xF8, 0xF8, 0x0E, 0x01, 0x40, 0x44, 0x00, 0x0C, 0x07, 0x80, 0xF0, 0x1E,
    0x03, 0xC0, 0x78, 0x0F, 0xFF, 0xFF, 0xFC, 0x07, 0x80, 0xF0, 0x1E, 0x03, 0xC0, 0x78, 0x0F, 0x01,
    0x80, 0x30, 0x0F, 0x03, 0x30, 0x00, 0x03, 0x00, 0x60, 0x0C, 0x01, 0x80, 0x37, 0x87, 0xF8, 0xE3,
    0x98, 0x33, 0x06, 0x60, 0xCC, 0x19, 0x83, 0x30, 0x66, 0x0C, 0xC1, 0x80, 0x30, 0x18, 0x60, 0x33,
    0xFF, 0xFF, 0xFF, 0xF3, 0x01, 0x86, 0x03, 0x0F, 0xFE, 0x1F, 0xFC, 0x30, 0x18, 0x60, 0x30, 0xC0,
    0x61, 0x80, 0xC3, 0x01, 0x86, 0x03, 0x0C, 0x06, 0x00, 0x60, 0x3F, 0x0F, 0xC1, 0x80, 0x6F, 0x1F,
    0xE7, 0x1D, 0x83, 0x60, 0xD8, 0x36, 0x0D, 0x83, 0x60, 0xD8, 0x36, 0x0C, 0x66, 0x60, 0x0C, 0x30,
    0xC3, 0x0C, 0x30, 0xC3, 0x0C, 0x30, 0xC3, 0x0C, 0x30, 0xC0, 0x66, 0xD9, 0x80, 0x00, 0xC3, 0x0C,
    0x30, 0xC3, 0x0C, 0x30, 0xC3, 0x0C, 0xFF, 0xF0, 0x0C, 0x30, 0xC3, 0x0C, 0x30, 0xC3, 0x0C, 0x30,
    0xC3, 0x0C, 0x30, 0xC0, 0xFF, 0xF0, 0x00, 0x30, 0xC3, 0x0C, 0x30, 0xC3, 0x0C, 0x30, 0xC3, 0x00,
    0x85, 0xE0, 0x0C, 0x30, 0xC3, 0x0C, 0x30, 0xC3, 0x0C, 0x30, 0xC3, 0x0C, 0x30, 0xC0, 0x87, 0xF7,
    0x80, 0x00, 0xC3, 0x0C, 0x30, 0xC3, 0x0C, 0x30, 0xC3, 0x0C, 0x66, 0x66, 0x66, 0x66, 0x66, 0x66,
    0x66, 0x64, 0xCC, 0x70, 0x66, 0x00, 0x66, 0x66, 0x66, 0x66, 0x66, 0x64, 0xCC, 0x70, 0xF0, 0xFF,
    0xFF, 0xFF, 0xFC, 0xFF, 0xFF, 0xFC, 0xC3, 0xC3, 0xC3, 0xC3, 0xC3, 0xC3, 0xC3, 0xC3, 0xC3, 0xC3,
    0xC3, 0xC3, 0xC3, 0xC3, 0xC3, 0x03, 0x07, 0x1E, 0x1C, 0xC3, 0xC3, 0x00, 0x00, 0xC3, 0xC3, 0xC3,
    0xC3, 0xC3, 0xC3, 0xC3, 0xC3, 0xC3, 0xC3, 0xC3, 0x03, 0x03, 0x0E, 0x0E, 0x18, 0x79, 0x98, 0x01,
    0x83, 0x06, 0x0C, 0x18, 0x30, 0x60, 0xC1, 0x83, 0x06, 0x0C, 0x18, 0x30, 0x60, 0xC3, 0x9E, 0x38,
    0x00, 0x31, 0xE4, 0xB3, 0x00, 0xC3, 0x0C, 0x30, 0xC3, 0x0C, 0x30, 0xC3, 0x0C, 0x30, 0xCE, 0x38,
    0xC1, 0xD8, 0x73, 0x1C, 0x67, 0x0D, 0xC1, 0xF0, 0x3C, 0x07, 0x80, 0xF8, 0x1B, 0x83, 0x38, 0x63,
    0x8C, 0x39, 0x83, 0xB0, 0x38, 0x00, 0x00, 0x00, 0xC0, 0x18, 0x02, 0x00, 0xC0, 0x60, 0x30, 0x18,
    0x0C, 0x3E, 0x3B, 0x39, 0xB8, 0xF8, 0x78, 0x3E, 0x1B, 0x8C, 0xE6, 0x3B, 0x0E, 0x00, 0x00, 0x06,
    0x03, 0x01, 0x00, 0xC3, 0xE3, 0xB3, 0x9B, 0x8F, 0x87, 0x83, 0xE1, 0xB8, 0xCE, 0x63, 0xB0, 0xE0,
    0x10, 0x18, 0x18, 0x00, 0x0C, 0x06, 0x03, 0x01, 0x80, 0xC0, 0x60, 0x30, 0x18, 0x0C, 0x06, 0x03,
    0x01, 0x80, 0xC0, 0x7F, 0xFF, 0xE0, 0x2F, 0x0D, 0xB6, 0xDB, 0x6D, 0xB6, 0xDB, 0x00, 0xC0, 0x60,
    0x30, 0x18, 0x0C, 0x06, 0x03, 0x01, 0x80, 0xC0, 0x60, 0x30, 0x18, 0x0C, 0x07, 0xFF, 0xFE, 0x00,
    0x00, 0x06, 0x03, 0x01, 0x00, 0xFF, 0xFF, 0xFF, 0xFC, 0x3E, 0xC6, 0x63, 0x31, 0x19, 0x8C, 0x06,
    0x03, 0x01, 0x80, 0xC0, 0x60, 0x30, 0x18, 0x0C, 0x07, 0xFF, 0xFE, 0x0F, 0x3C, 0xB6, 0xC3, 0x0C,
    0x30, 0xC3, 0x0C, 0x30, 0xC3, 0x0C, 0x30, 0xC0, 0x60, 0x30, 0x18, 0x0C, 0x06, 0x03, 0x19, 0x8C,
    0xC0, 0x60, 0x30, 0x18, 0x0C, 0x07, 0xFF, 0xFE, 0xC6, 0x31, 0x8C, 0x63, 0x7B, 0xC6, 0x31, 0x8C,
    0x63, 0x00, 0x30, 0x06, 0x00, 0xC0, 0x18, 0x03, 0x30, 0x6C, 0x0F, 0x01, 0x80, 0x70, 0x16, 0x00,
    0xC0, 0x18, 0x03, 0x00, 0x7F, 0xCF, 0xF8, 0x30, 0xC3, 0x0C, 0x30, 0xF3, 0x9C, 0xF0, 0xC3, 0x0C,
    0x30, 0xC3, 0x00, 0x02, 0x00, 0xC0, 0x30, 0x00, 0x0E, 0x07, 0xE0, 0xFC, 0x1F, 0xC3, 0xD8, 0x7B,
    0x8F, 0x31, 0xE7, 0x3C, 0x67, 0x8E, 0xF0, 0xDE, 0x1F, 0xC1, 0xF8, 0x1F, 0x03, 0x80, 0x06, 0x06,
    0x06, 0x06, 0x00, 0x06, 0xF3, 0xFD, 0xC7, 0xC1, 0xE0, 0xF0, 0x78, 0x3C, 0x1E, 0x0F, 0x07, 0x83,
    0xE0, 0x7E, 0x0F, 0xC1, 0xFC, 0x3D, 0x87, 0xB8, 0xF3, 0x1E, 0x73, 0xC6, 0x78, 0xEF, 0x0D, 0xE1,
    0xFC, 0x1F, 0x81, 0xF0, 0x38, 0x00, 0x00, 0x00, 0xC0, 0x18, 0x02, 0x00, 0xDE, 0x7F, 0xB8, 0xF8,
    0x3C, 0x1E, 0x0F, 0x07, 0x83, 0xC1, 0xE0, 0xF0, 0x60, 0x00, 0x00, 0xC0, 0x60, 0x20, 0x11, 0x01,
    0x40, 0x38, 0x00, 0x0E, 0x07, 0xE0, 0xFC, 0x1F, 0xC3, 0xD8, 0x7B, 0x8F, 0x31, 0xE7, 0x3C, 0x67,
    0x8E, 0xF0, 0xDE, 0x1F, 0xC1, 0xF8, 0x1F, 0x03, 0x80, 0x22, 0x0A, 0x05, 0x01, 0x00, 0x06, 0xF3,
    0xFD, 0xC7, 0xC1, 0xE0, 0xF0, 0x78, 0x3C, 0x1E, 0x0F, 0x07, 0x83, 0x60, 0x06, 0x00, 0x40, 0x0C,
    0x00, 0x9B, 0xC1, 0xFE, 0x1C, 0x71, 0x83, 0x18, 0x31, 0x83, 0x18, 0x31, 0x83, 0x18, 0x31, 0x83,
    0x18, 0x30, 0xCF, 0x9B, 0xFB, 0xC3, 0x70, 0x3C, 0x07, 0x80, 0xF0, 0x1E, 0x03, 0xC0, 0x78, 0x0F,
    0x01, 0xE0, 0x3C, 0x07, 0x80, 0xF0, 0x18, 0x03, 0x00, 0x60, 0x3C, 0x07, 0x00, 0xDE, 0x7F, 0xB8,
    0xF8, 0x3C, 0x1E, 0x0F, 0x07, 0x83, 0xC1, 0xE0, 0xF0, 0x60, 0x30, 0x18, 0xFC, 0x7C, 0x0F, 0xC0,
    0x3F, 0x00, 0x00, 0x03, 0xF0, 0x3F, 0xF0, 0xE1, 0xC6, 0x01, 0xB8, 0x07, 0xC0, 0x0F, 0x00, 0x3C,
    0x00, 0xF0, 0x03, 0xC0, 0x0F, 0x80, 0x76, 0x01, 0x8E, 0x1C, 0x3F, 0xF0, 0x3F, 0x00, 0x3F, 0x0F,
    0xC0, 0x00, 0x00, 0x1E, 0x1F, 0xE6, 0x1B, 0x03, 0xC0, 0xF0, 0x3C, 0x0F, 0x03, 0x61, 0x9F, 0xE1,
    0xE0, 0x08, 0x40, 0x1E, 0x00, 0x00, 0x03, 0xF0, 0x3F, 0xF0, 0xE1, 0xC6, 0x01, 0xB8, 0x07, 0xC0,
    0x0F, 0x00, 0x3C, 0x00, 0xF0, 0x03, 0xC0, 0x0F, 0x80, 0x76, 0x01, 0x8E, 0x1C, 0x3F, 0xF0, 0x3F,
    0x00, 0x21, 0x0F, 0xC1, 0xE0, 0x00, 0x00, 0x07, 0x87, 0xF9, 0x86, 0xC0, 0xF0, 0x3C, 0x0F, 0x03,
    0xC0, 0xD8, 0x67, 0xF8, 0x78, 0x03, 0x60, 0x1B, 0x00, 0x48, 0x00, 0x00, 0x0F, 0xC0, 0xFF, 0xC3,
    0x87, 0x18, 0x06, 0xE0, 0x1F, 0x00, 0x3C, 0x00, 0xF0, 0x03, 0xC0, 0x0F, 0x00, 0x3E, 0x01, 0xD8,
    0x06, 0x38, 0x70, 0xFF, 0xC0, 0xFC, 0x00, 0x06, 0x61, 0x98, 0x22, 0x0C, 0xC0, 0x00, 0x3C, 0x1F,
    0xE3, 0x0C, 0xC0, 0xD8, 0x1B, 0x03, 0x60, 0x6C, 0x0C, 0xC3, 0x1F, 0xE0, 0xF0, 0x07, 0xFF, 0xE3,
    0xFF, 0xFC, 0xE0, 0xC0, 0x38, 0x18, 0x0E, 0x03, 0x01, 0x80, 0x60, 0x30, 0x0F, 0xFE, 0x01, 0xFF,
    0xC0, 0x30, 0x18, 0x06, 0x03, 0x80, 0xC0, 0x38, 0x18, 0x03, 0x83, 0x00, 0x3F, 0xFF, 0xC1, 0xFF,
    0xF8, 0x1E, 0x1F, 0x1F, 0xFF, 0xE6, 0x1E, 0x1F, 0x03, 0x03, 0xC0, 0xFF, 0xF0, 0x3F, 0xFC, 0x0C,
    0x03, 0x03, 0x00, 0x61, 0xF0, 0x5F, 0xFF, 0xF1, 0xE1, 0xF8, 0x04, 0x01, 0x80, 0x60, 0x00, 0x0F,
    0xE1, 0xFE, 0x30, 0xE6, 0x0C, 0xC1, 0x98, 0x73, 0xFC, 0x7F, 0x0C, 0x71, 0x87, 0x30, 0x66, 0x0C,
    0xC0, 0xD8, 0x1B, 0x01, 0x80, 0x06, 0x18, 0x61, 0x80, 0x1B, 0xBF, 0x70, 0xC1, 0x83, 0x06, 0x0C,
    0x18, 0x30, 0x60, 0xFE, 0x1F, 0xE3, 0x0E, 0x60, 0xCC, 0x19, 0x87, 0x3F, 0xC7, 0xF0, 0xC7, 0x18,
    0x73, 0x06, 0x60, 0xCC, 0x0D, 0x81, 0xB0, 0x18, 0x00, 0x00, 0x00, 0xC0, 0x18, 0x02, 0x00, 0xDF,
    0xFE, 0x30, 0xC3, 0x0C, 0x30, 0xC3, 0x0C, 0x00, 0x03, 0x0C, 0x20, 0x66, 0x07, 0x80, 0x60, 0x00,
    0x0F, 0xE1, 0xFE, 0x30, 0xE6, 0x0C, 0xC1, 0x98, 0x73, 0xFC, 0x7F, 0x0C, 0x71, 0x87, 0x30, 0x66,
    0x0C, 0xC0, 0xD8, 0x1B, 0x01, 0x80, 0xCD, 0x27, 0x8C, 0x03, 0x7F, 0xF8, 0xC3, 0x0C, 0x30, 0xC3,
    0x0C, 0x30, 0x02, 0x01, 0x80, 0xC0, 0x00, 0x3F, 0x1F, 0xEE, 0x0B, 0x00, 0xC0, 0x38, 0x07, 0xC0,
    0xFC, 0x03, 0x80, 0x30, 0x0C, 0x03, 0x81, 0xFF, 0xE7, 0xF0, 0x03, 0x06, 0x0C, 0x18, 0x00, 0x3E,
    0xFF, 0xC1, 0xC0, 0xFC, 0x3E, 0x07, 0x03, 0x83, 0xFF, 0x7C, 0x0C, 0x07, 0x83, 0x30, 0x00, 0x3F,
    0x1F, 0xEE, 0x0B, 0x00, 0xC0, 0x38, 0x07, 0xC0, 0xFC, 0x03, 0x80, 0x30, 0x0C, 0x03, 0x81, 0xFF,
    0xE7, 0xF0, 0x18, 0x3C, 0x24, 0x66, 0x00, 0x3E, 0xFF, 0xC1, 0xC0, 0xFC, 0x3E, 0x07, 0x03, 0x83,
    0xFF, 0x7C, 0x3F, 0x1F, 0xEE, 0x0B, 0x00, 0xC0, 0x38, 0x07, 0xC0, 0xFC, 0x03, 0x80, 0x30, 0x0C,
    0x03, 0x81, 0xFF, 0xE7, 0xF0, 0x10, 0x06, 0x01, 0x81, 0xC0, 0x3E, 0xFF, 0xC1, 0xC0, 0xFC, 0x3E,
    0x07, 0x03, 0x83, 0xFF, 0x7C, 0x08, 0x0C, 0x0C, 0x38, 0x33, 0x07, 0x80, 0xC0, 0x00, 0x3F, 0x1F,
    0xEE, 0x0B, 0x00, 0xC0, 0x38, 0x07, 0xC0, 0xFC, 0x03, 0x80, 0x30, 0x0C, 0x03, 0x81, 0xFF, 0xE7,
    0xF0, 0x66, 0x24, 0x3C, 0x18, 0x00, 0x3E, 0xFF, 0xC1, 0xC0, 0xFC, 0x3E, 0x07, 0x03, 0x83, 0xFF,
    0x7C, 0xFF, 0xFF, 0xFF, 0x06, 0x00, 0x60, 0x06, 0x00, 0x60, 0x06, 0x00, 0x60, 0x06, 0x00, 0x60,
    0x06, 0x00, 0x60, 0x06, 0x00, 0x60, 0x06, 0x00, 0x20, 0x03, 0x00, 0x30, 0x0E, 0x00, 0x60, 0xC1,
    0x87, 0xFF, 0xEC, 0x18, 0x30, 0x60, 0xC1, 0x83, 0x07, 0xE7, 0xC2, 0x06, 0x0C, 0x70, 0x19, 0x80,
    0xF0, 0x06, 0x00, 0x00, 0xFF, 0xFF, 0xFF, 0x06, 0x00, 0x60, 0x06, 0x00, 0x60, 0x06, 0x00, 0x60,
    0x06, 0x00, 0x60, 0x06, 0x00, 0x60, 0x06, 0x00, 0x60, 0x06, 0x00, 0x06, 0x0C, 0x13, 0x66, 0x0C,
    0x3F, 0xFF, 0x60, 0xC1, 0x83, 0x06, 0x0C, 0x18, 0x3F, 0x3E, 0xFF, 0xFF, 0xFF, 0x06, 0x00, 0x60,
    0x06, 0x00, 0x60, 0x06, 0x00, 0x60, 0x3F, 0xC3, 0xFC, 0x06, 0x00, 0x60, 0x06, 0x00, 0x60, 0x06,
    0x00, 0x60, 0xC1, 0x87, 0xFF, 0xEC, 0x18, 0x7F, 0xFE, 0xC1, 0x83, 0x07, 0xE7, 0xC0, 0x1D, 0x02,
    0xE0, 0x00, 0x60, 0x3C, 0x07, 0x80, 0xF0, 0x1E, 0x03, 0xC0, 0x78, 0x0F, 0x01, 0xE0, 0x3C, 0x07,
    0x80, 0xF8, 0x3B, 0x06, 0x7F, 0xC3, 0xE0, 0x39, 0x24, 0x93, 0x80, 0x00, 0x06, 0x0F, 0x07, 0x83,
    0xC1, 0xE0, 0xF0, 0x78, 0x3C, 0x1F, 0x1D, 0xFE, 0x7B, 0x1F, 0x03, 0xE0, 0x00, 0x60, 0x3C, 0x07,
    0x80, 0xF0, 0x1E, 0x03, 0xC0, 0x78, 0x0F, 0x01, 0xE0, 0x3C, 0x07, 0x80, 0xF8, 0x3B, 0x06, 0x7F,
    0xC3, 0xE0, 0x7F, 0x3F, 0x80, 0x00, 0x0C, 0x1E, 0x0F, 0x07, 0x83, 0xC1, 0xE0, 0xF0, 0x78, 0x3E,
    0x3B, 0xFC, 0xF6, 0x11, 0x01, 0xC0, 0x00, 0x60, 0x3C, 0x07, 0x80, 0xF0, 0x1E, 0x03, 0xC0, 0x78,
    0x0F, 0x01, 0xE0, 0x3C, 0x07, 0x80, 0xF8, 0x3B, 0x06, 0x7F, 0xC3, 0xE0, 0x43, 0x3F, 0x8F, 0x80,
    0x00, 0x06, 0x0F, 0x07, 0x83, 0xC1, 0xE0, 0xF0, 0x78, 0x3C, 0x1F, 0x1D, 0xFE, 0x7B, 0x1C, 0x04,
    0x40, 0x88, 0x71, 0x3D, 0xC7, 0x80, 0xF0, 0x1E, 0x03, 0xC0, 0x78, 0x0F, 0x01, 0xE0, 0x3C, 0x07,
    0x80, 0xF8, 0x3B, 0x06, 0x7F, 0xC3, 0xE0, 0x38, 0x22, 0x11, 0x08, 0x83, 0x86, 0x0F, 0x07, 0x83,
    0xC1, 0xE0, 0xF0, 0x78, 0x3C, 0x1F, 0x1D, 0xFE, 0x7B, 0x0D, 0x83, 0x60, 0x48, 0x00, 0x0C, 0x07,
    0x80, 0xF0, 0x1E, 0x03, 0xC0, 0x78, 0x0F, 0x01, 0xE0, 0x3C, 0x07, 0x80, 0xF0, 0x1F, 0x07, 0x60,
    0xCF, 0xF8, 0x7C, 0x00, 0x0C, 0xC6, 0x61, 0x10, 0xCC, 0x00, 0x30, 0x6C, 0x1B, 0x06, 0xC1, 0xB0,
    0x6C, 0x1B, 0x06, 0xC1, 0xB8, 0xE7, 0xF8, 0xF6, 0xC0, 0x78, 0x0F, 0x01, 0xE0, 0x3C, 0x07, 0x80,
    0xF0, 0x1E, 0x03, 0xC0, 0x78, 0x0F, 0x01, 0xF0, 0x76, 0x0C, 0xFF, 0x87, 0xC0, 0x40, 0x18, 0x03,
    0x00, 0x38, 0x00, 0xC1, 0xB0, 0x6C, 0x1B, 0x06, 0xC1, 0xB0, 0x6C, 0x1B, 0x06, 0xE3, 0x9F, 0xE3,
    0xD8, 0x04, 0x03, 0x00, 0xC0, 0x1C, 0x00, 0xC0, 0x00, 0x78, 0x00, 0x33, 0x00, 0x00, 0x00, 0xC1,
    0xE0, 0xF0, 0x78, 0x36, 0x1E, 0x19, 0x87, 0x86, 0x63, 0x31, 0x98, 0xCC, 0x63, 0x33, 0x30, 0xCC,
    0xCC, 0x36, 0x1B, 0x0D, 0x86, 0xC3, 0xE1, 0xE0, 0x78, 0x78, 0x1E, 0x1E, 0x07, 0x03, 0x81, 0xC0,
    0xE0, 0x01, 0x00, 0x05, 0x00, 0x0A, 0x00, 0x22, 0x00, 0x00, 0x18, 0x70, 0xF0, 0xE1, 0xB1, 0x46,
    0x66, 0xCC, 0xCD, 0x99, 0x9B, 0x31, 0xA2, 0xC3, 0xC7, 0x87, 0x8F, 0x06, 0x0C, 0x0C, 0x18, 0x06,
    0x00, 0xF0, 0x19, 0x80, 0x00, 0xE0, 0x76, 0x06, 0x30, 0xC3, 0x9C, 0x19, 0x81, 0xF8, 0x0F, 0x00,
    0x60, 0x06, 0x00, 0x60, 0x06, 0x00, 0x60, 0x06, 0x00, 0x60, 0x06, 0x00, 0x04, 0x01, 0x40, 0x28,
    0x08, 0x80, 0x01, 0x80, 0xD8, 0x33, 0x06, 0x71, 0x86, 0x30, 0xEE, 0x0D, 0x81, 0xB0, 0x1C, 0x03,
    0x80, 0x60, 0x0C, 0x03, 0x81, 0xE0, 0x38, 0x00, 0x19, 0x81, 0x98, 0x00, 0x00, 0x00, 0xE0, 0x76,
    0x06, 0x30, 0xC3, 0x9C, 0x19, 0x81, 0xF8, 0x0F, 0x00, 0x60, 0x06, 0x00, 0x60, 0x06, 0x00, 0x60,
    0x06, 0x00, 0x60, 0x06, 0x00, 0x02, 0x00, 0x60, 0x0C, 0x00, 0x00, 0xFF, 0xFF, 0xFF, 0x00, 0x60,
    0x0C, 0x01, 0xC0, 0x38, 0x07, 0x00, 0x60, 0x0C, 0x01, 0xC0, 0x38, 0x03, 0x00, 0x60, 0x0F, 0xFF,
    0xFF, 0xF0, 0x03, 0x03, 0x03, 0x03, 0x00, 0x07, 0xFF, 0xFE, 0x06, 0x06, 0x07, 0x07, 0x07, 0x03,
    0x03, 0x83, 0xFF, 0xFF, 0x06, 0x00, 0x60, 0x00, 0x00, 0x00, 0xFF, 0xFF, 0xFF, 0x00, 0x60, 0x0C,
    0x01, 0xC0, 0x38, 0x07, 0x00, 0x60, 0x0C, 0x01, 0xC0, 0x38, 0x03, 0x00, 0x60, 0x0F, 0xFF, 0xFF,
    0xF0, 0x18, 0x0C, 0x00, 0x00, 0x0F, 0xFF, 0xFC, 0x0C, 0x0C, 0x0E, 0x0E, 0x0E, 0x06, 0x07, 0x07,
    0xFF, 0xFE, 0x19, 0x80, 0xF0, 0x06, 0x00, 0x00, 0xFF, 0xFF, 0xFF, 0x00, 0x60, 0x0C, 0x01, 0xC0,
    0x38, 0x07, 0x00, 0x60, 0x0C, 0x01, 0xC0, 0x38, 0x03, 0x00, 0x60, 0x0F, 0xFF, 0xFF, 0xF0, 0x22,
    0x0A, 0x05, 0x01, 0x00, 0x07, 0xFF, 0xFE, 0x06, 0x06, 0x07, 0x07, 0x07, 0x03, 0x03, 0x83, 0xFF,
    0xFF, 0x1E, 0x7C, 0xC1, 0x8F, 0x1E, 0x0C, 0x18, 0x30, 0x60, 0xC1, 0x83, 0x06, 0x0C, 0x00, 0x18,
    0x06, 0x01, 0x00, 0x0F, 0xFF, 0xFF, 0x01, 0x80, 0xC0, 0x60, 0x3F, 0xFF, 0xFC, 0x06, 0x03, 0x01,
    0x80, 0xC0, 0x7F, 0xFF, 0xE0, 0x63, 0x31, 0x80, 0x00, 0x0F, 0xFF, 0xFF, 0x01, 0x80, 0xC0, 0x60,
    0x3F, 0xFF, 0xFC, 0x06, 0x03, 0x01, 0x80, 0xC0, 0x7F, 0xFF, 0xE0, 0xFF, 0xE3, 0xFF, 0x80, 0xC0,
    0x03, 0x00, 0x0C, 0x00, 0x30, 0x00, 0xFF, 0x03, 0xFE, 0x0C, 0x1C, 0x30, 0x30, 0xC0, 0xC3, 0x03,
    0x0C, 0x0C, 0x30, 0x30, 0xC0, 0xC0, 0x03, 0x00, 0x1C, 0x01, 0xE0, 0x07, 0x00, 0x02, 0x03, 0x03,
    0x00, 0x0F, 0xFF, 0xFF, 0x01, 0x80, 0xC0, 0x60, 0x30, 0x18, 0x0C, 0x06, 0x03, 0x01, 0x80, 0xC0,
    0x60, 0x30, 0x00, 0x0F, 0xE3, 0xFF, 0x30, 0x16, 0x00, 0xC0, 0x0C, 0x00, 0xFF, 0xCF, 0xFC, 0xC0,
    0x0C, 0x00, 0xE0, 0x06, 0x00, 0x38, 0x13, 0xFF, 0x0F, 0xE0, 0x3F, 0x1F, 0xEE, 0x0B, 0x00, 0xC0,
    0x38, 0x07, 0xC0, 0xFC, 0x03, 0x80, 0x30, 0x0C, 0x03, 0x81, 0xFF, 0xE7, 0xF0, 0xFF, 0xFF, 0xFF,
    0xFC, 0xCF, 0x30, 0x00, 0x30, 0xC3, 0x0C, 0x30, 0xC3, 0x0C, 0x30, 0xC3, 0x0C, 0x30, 0xC3, 0x00,
    0x18, 0xC6, 0x31, 0x8C, 0x63, 0x18, 0xC6, 0x31, 0x8C, 0x63, 0x3F, 0xB8, 0x0F, 0xF8, 0x00, 0xFF,
    0x80, 0x0C, 0x18, 0x00, 0xC1, 0x80, 0x0C, 0x18, 0x00, 0xC1, 0x80, 0x0C, 0x1F, 0xC0, 0xC1, 0xFE,
    0x0C, 0x18, 0x71, 0xC1, 0x83, 0x18, 0x18, 0x31, 0x81, 0x83, 0x78, 0x18, 0x7F, 0x01, 0xFE, 0xC0,
    0x1F, 0xC0, 0xC0, 0xC0, 0x60, 0x60, 0x30, 0x30, 0x18, 0x18, 0x0C, 0x0C, 0x06, 0x06, 0x03, 0xFF,
    0xF9, 0xFF, 0xFE, 0xC0, 0xC3, 0xE0, 0x60, 0xF0, 0x30, 0x78, 0x18, 0x3C, 0x0C, 0x3E, 0x07, 0xFB,
    0x03, 0xF8, 0xFF, 0xE3, 0xFF, 0x80, 0xC0, 0x03, 0x00, 0x0C, 0x00, 0x30, 0x00, 0xFF, 0x03, 0xFE,
    0x0C, 0x1C, 0x30, 0x30, 0xC0, 0xC3, 0x03, 0x0C, 0x0C, 0x30, 0x30, 0xC0, 0xC0, 0x02, 0x00, 0x60,
    0x0C, 0x00, 0x00, 0xC0, 0x7C, 0x0E, 0xC1, 0xCC, 0x38, 0xC7, 0x0C, 0xE0, 0xDC, 0x0F, 0xE0, 0xF7,
    0x0E, 0x30, 0xC1, 0x8C, 0x1C, 0xC0, 0xCC, 0x06, 0xC0, 0x70, 0x18, 0x01, 0x80, 0x10, 0x00, 0x0C,
    0x0F, 0x83, 0xF0, 0x7E, 0x1F, 0xC3, 0x78, 0xEF, 0x19, 0xE7, 0x3C, 0xC7, 0xB8, 0xF6, 0x1F, 0xC3,
    0xF0, 0x7C, 0x0F, 0x81, 0x80, 0x10, 0x80, 0xF0, 0x00, 0x0C, 0x03, 0x60, 0x66, 0x06, 0x30, 0xE3,
    0x0C, 0x18, 0xC1, 0x98, 0x1D, 0x80, 0xF0, 0x0F, 0x00, 0x70, 0x06, 0x00, 0xE0, 0x3C, 0x03, 0x80,
    0xC0, 0xF0, 0x3C, 0x0F, 0x03, 0xC0, 0xF0, 0x3C, 0x0F, 0x03, 0xC0, 0xF0, 0x3C, 0x0F, 0x03, 0xC0,
    0xFF, 0xFF, 0xFC, 0x30, 0x0C, 0x03, 0x00, 0x07, 0x00, 0x38, 0x01, 0xC0, 0x1B, 0x00, 0xD8, 0x0E,
    0xE0, 0x63, 0x03, 0x18, 0x30, 0x61, 0x83, 0x0F, 0xF8, 0xFF, 0xE6, 0x03, 0x30, 0x1B, 0x00, 0x60,
    0xFF, 0xBF, 0xEC, 0x03, 0x00, 0xC0, 0x30, 0x0F, 0xF3, 0xFE, 0xC1, 0xF0, 0x3C, 0x0F, 0x03, 0xC1,
    0xFF, 0xEF, 0xF0, 0xFE, 0x3F, 0xCC, 0x3B, 0x06, 0xC1, 0xB0, 0xEF, 0xF3, 0xFC, 0xC1, 0xB0, 0x3C,
    0x0F, 0x03, 0xC1, 0xFF, 0xEF, 0xF0, 0xFF, 0xFF, 0xF0, 0x18, 0x0C, 0x06, 0x03, 0x01, 0x80, 0xC0,
    0x60, 0x30, 0x18, 0x0C, 0x06, 0x03, 0x00, 0x1F, 0xF0, 0x7F, 0xC1, 0x83, 0x06, 0x0C, 0x18, 0x30,
    0x60, 0xC1, 0x83, 0x06, 0x0C, 0x18, 0x30, 0x60, 0xC3, 0x03, 0x0C, 0x0C, 0x70, 0x33, 0xFF, 0xFF,
    0xFF, 0xF0, 0x03, 0xC0, 0x0F, 0x00, 0x30, 0xFF, 0xFF, 0xF0, 0x18, 0x0C, 0x06, 0x03, 0xFF, 0xFF,
    0xC0, 0x60, 0x30, 0x18, 0x0C, 0x07, 0xFF, 0xFE, 0xE0, 0x60, 0x77, 0x06, 0x0E, 0x38, 0x61, 0xC1,
    0xC6, 0x38, 0x0E, 0x67, 0x00, 0x76, 0xE0, 0x07, 0x6E, 0x00, 0xFF, 0xF0, 0x0C, 0xF3, 0x01, 0xCF,
    0x38, 0x18, 0x61, 0x83, 0x06, 0x0C, 0x70, 0x60, 0xE6, 0x06, 0x06, 0xE0, 0x60, 0x70, 0x7E, 0x3F,
    0xEC, 0x1C, 0x03, 0x00, 0xC0, 0x71, 0xF0, 0x7E, 0x01, 0xC0, 0x30, 0x0C, 0x03, 0x81, 0xFF, 0xE7,
    0xE0, 0xC0, 0xF8, 0x3F, 0x07, 0xE1, 0xFC, 0x37, 0x8E, 0xF1, 0x9E, 0x73, 0xCC, 0x7B, 0x8F, 0x61,
    0xFC, 0x3F, 0x07, 0xC0, 0xF8, 0x18, 0x11, 0x01, 0xC0, 0x00, 0x60, 0x7C, 0x1F, 0x83, 0xF0, 0xFE,
    0x1B, 0xC7, 0x78, 0xCF, 0x39, 0xE6, 0x3D, 0xC7, 0xB0, 0xFE, 0x1F, 0x83, 0xE0, 0x7C, 0x0C, 0xC0,
    0x7C, 0x0E, 0xC1, 0xCC, 0x38, 0xC7, 0x0C, 0xE0, 0xDC, 0x0F, 0xE0, 0xF7, 0x0E, 0x30, 0xC1, 0x8C,
    0x1C, 0xC0, 0xCC, 0x06, 0xC0, 0x70, 0x0F, 0xF8, 0x7F, 0xC3, 0x06, 0x18, 0x30, 0xC1, 0x86, 0x0C,
    0x30, 0x61, 0x83, 0x0C, 0x18, 0xE0, 0xC6, 0x06, 0x30, 0x33, 0x81, 0xF8, 0x0F, 0x00, 0x60, 0xF0,
    0x7F, 0x83, 0xFC, 0x1F, 0xB1, 0xBD, 0x8D, 0xEC, 0x6F, 0x36, 0x79, 0xB3, 0xCD, 0x9E, 0x38, 0xF1,
    0xC7, 0x8E, 0x3C, 0x01, 0xE0, 0x0F, 0x00, 0x60, 0xC0, 0x78, 0x0F, 0x01, 0xE0, 0x3C, 0x07, 0x80,
    0xFF, 0xFF, 0xFF, 0xC0, 0x78, 0x0F, 0x01, 0xE0, 0x3C, 0x07, 0x80, 0xF0, 0x18, 0x0F, 0xC0, 0xFF,
    0xC3, 0x87, 0x18, 0x06, 0xE0, 0x1F, 0x00, 0x3C, 0x00, 0xF0, 0x03, 0xC0, 0x0F, 0x00, 0x3E, 0x01,
    0xD8, 0x06, 0x38, 0x70, 0xFF, 0xC0, 0xFC, 0x00, 0xFF, 0xFF, 0xFF, 0x01, 0xE0, 0x3C, 0x07, 0x80,
    0xF0, 0x1E, 0x03, 0xC0, 0x78, 0x0F, 0x01, 0xE0, 0x3C, 0x07, 0x80, 0xF0, 0x18, 0xFE, 0x7F, 0xB0,
    0xF8, 0x3C, 0x1E, 0x0F, 0x0F, 0xFE, 0xFE, 0x60, 0x30, 0x18, 0x0C, 0x06, 0x03, 0x00, 0x0F, 0xE3,
    0xFF, 0x38, 0x16, 0x00, 0xE0, 0x0C, 0x00, 0xC0, 0x0C, 0x00, 0xC0, 0x0C, 0x00, 0xE0, 0x06, 0x00,
    0x38, 0x13, 0xFF, 0x0F, 0xE0, 0xFF, 0xFF, 0xFF, 0x06, 0x00, 0x60, 0x06, 0x00, 0x60, 0x06, 0x00,
    0x60, 0x06, 0x00, 0x60, 0x06, 0x00, 0x60, 0x06, 0x00, 0x60, 0x06, 0x00, 0xC0, 0x36, 0x06, 0x60,
    0x63, 0x0E, 0x30, 0xC1, 0x8C, 0x19, 0x81, 0xD8, 0x0F, 0x00, 0xF0, 0x07, 0x00, 0x60, 0x0E, 0x03,
    0xC0, 0x38, 0x00, 0x03, 0x00, 0x3F, 0x03, 0xFF, 0x1C, 0xCE, 0xE3, 0x1F, 0x0C, 0x3C, 0x30, 0xF0,
    0xC3, 0xC3, 0x0F, 0x8C, 0x77, 0x33, 0x8F, 0xFC, 0x0F, 0xC0, 0x0C, 0x00, 0x30, 0x00, 0x70, 0x73,
    0x06, 0x38, 0xC1, 0x9C, 0x0D, 0x80, 0xF0, 0x07, 0x00, 0x70, 0x0F, 0x00, 0xF8, 0x19, 0x83, 0x8C,
    0x30, 0xE6, 0x06, 0xE0, 0x70, 0xC0, 0x66, 0x03, 0x30, 0x19, 0x80, 0xCC, 0x06, 0x60, 0x33, 0x01,
    0x98, 0x0C, 0xC0, 0x66, 0x03, 0x30, 0x19, 0x80, 0xCC, 0x06, 0x7F, 0xFF, 0xFF, 0xE0, 0x03, 0x00,
    0x18, 0x00, 0xC0, 0xC0, 0xF0, 0x3C, 0x0F, 0x03, 0xC0, 0xF0, 0x3E, 0x0D, 0xFF, 0x3F, 0xC0, 0x30,
    0x0C, 0x03, 0x00, 0xC0, 0x30, 0x0C, 0xC0, 0xC0, 0xF0, 0x30, 0x3C, 0x0C, 0x0F, 0x03, 0x03, 0xC0,
    0xC0, 0xF0, 0x30, 0x3C, 0x0C, 0x0F, 0x03, 0x03, 0xC0, 0xC0, 0xF0, 0x30, 0x3C, 0x0C, 0x0F, 0x03,
    0x03, 0xC0, 0xC0, 0xFF, 0xFF, 0xFF, 0xFF, 0xFC, 0xC0, 0xC0, 0xCC, 0x0C, 0x0C, 0xC0, 0xC0, 0xCC,
    0x0C, 0x0C, 0xC0, 0xC0, 0xCC, 0x0C, 0x0C, 0xC0, 0xC0, 0xCC, 0x0C, 0x0C, 0xC0, 0xC0, 0xCC, 0x0C,
    0x0C, 0xC0, 0xC0, 0xCC, 0x0C, 0x0C, 0xC0, 0xC0, 0xCF, 0xFF, 0xFF, 0xFF, 0xFF, 0xF0, 0x00, 0x03,
    0x00, 0x00, 0x30, 0x00, 0x03, 0xFC, 0x03, 0xF0, 0x00, 0xC0, 0x03, 0x00, 0x0C, 0x00, 0x30, 0x00,
    0xFF, 0x03, 0xFE, 0x0C, 0x1C, 0x30, 0x30, 0xC0, 0xC3, 0x03, 0x0C, 0x1C, 0x3F, 0xE0, 0xFF, 0x00,
    0xC0, 0x0F, 0x00, 0x3C, 0x00, 0xF0, 0x03, 0xC0, 0x0F, 0x00, 0x3F, 0xF0, 0xFF, 0xE3, 0xC1, 0xCF,
    0x03, 0x3C, 0x0C, 0xF0, 0x33, 0xC1, 0xCF, 0xFE, 0x3F, 0xF0, 0xC0, 0xC0, 0x30, 0x0C, 0x03, 0x00,
    0xC0, 0x30, 0x0F, 0xF3, 0xFE, 0xC1, 0xF0, 0x3C, 0x0F, 0x03, 0xC1, 0xFF, 0xEF, 0xF0, 0x7F, 0x0F,
    0xFC, 0x80, 0xC0, 0x06, 0x00, 0x30, 0x03, 0x3F, 0xF3, 0xFF, 0x00, 0x30, 0x03, 0x00, 0x70, 0x06,
    0x81, 0xCF, 0xFC, 0x7F, 0x00, 0xC0, 0x7C, 0x30, 0x7F, 0xCC, 0x18, 0x3B, 0x0C, 0x06, 0xC7, 0x01,
    0xF1, 0x80, 0x3C, 0x60, 0x0F, 0xF8, 0x03, 0xFE, 0x00, 0xF1, 0x80, 0x3C, 0x70, 0x1F, 0x0C, 0x06,
    0xC3, 0x83, 0xB0, 0x7F, 0xCC, 0x07, 0xC0, 0x1F, 0xE7, 0xFD, 0xC1, 0xB0, 0x36, 0x06, 0xC0, 0xDC,
    0x18, 0xFF, 0x0F, 0xE1, 0x8C, 0x61, 0x9C, 0x33, 0x06, 0xC0, 0xF8, 0x18, 0x3E, 0x3F, 0x90, 0xE0,
    0x33, 0xFB, 0xFF, 0x07, 0x83, 0xC3, 0xFF, 0xDF, 0x60, 0x1F, 0x0F, 0xE7, 0x03, 0x80, 0xDE, 0x3F,
    0xEE, 0x1B, 0x03, 0xC0, 0xF0, 0x3C, 0x0F, 0x03, 0x61, 0x9F, 0xE1, 0xE0, 0xFE, 0x7F, 0xB0, 0xD8,
    0x6C, 0x27, 0xF3, 0xFF, 0x83, 0xC1, 0xFF, 0xFF, 0x80, 0xFF, 0xFF, 0xC0, 0xC0, 0xC0, 0xC0, 0xC0,
    0xC0, 0xC0, 0xC0, 0xC0, 0x1F, 0xC1, 0xFC, 0x18, 0xC1, 0x8C, 0x18, 0xC1, 0x8C, 0x18, 0xC3, 0x0C,
    0x30, 0xCF, 0xFF, 0xFF, 0xFC, 0x03, 0xC0, 0x3C, 0x03, 0x1F, 0x1F, 0xE6, 0x1F, 0x03, 0xFF, 0xFF,
    0xFC, 0x03, 0x00, 0x70, 0x4F, 0xF1, 0xF8, 0x71, 0x8E, 0x39, 0x9C, 0x1D, 0xB8, 0x0D, 0xB0, 0x0F,
    0xF0, 0x0F, 0xF0, 0x1B, 0xD8, 0x39, 0x9C, 0x31, 0x8C, 0x61, 0x86, 0xE1, 0x87, 0x7C, 0xFF, 0x83,
    0x03, 0x3E, 0x3E, 0x07, 0x03, 0x87, 0xFE, 0x7C, 0xC3, 0xE1, 0xF1, 0xF9, 0xFC, 0xDE, 0xEF, 0x67,
    0xE3, 0xF1, 0xF0, 0xF8, 0x60, 0x43, 0x3F, 0x8F, 0x80, 0x0C, 0x3E, 0x1F, 0x1F, 0x9F, 0xCD, 0xEE,
    0xF6, 0x7E, 0x3F, 0x1F, 0x0F, 0x86, 0xC3, 0xB1, 0xCC, 0xE3, 0x70, 0xF8, 0x3F, 0x0E, 0xE3, 0x18,
    0xC3, 0x30, 0xEC, 0x1C, 0x1F, 0xC7, 0xF1, 0x8C, 0x63, 0x18, 0xC6, 0x31, 0x8C, 0xE3, 0x70, 0xFC,
    0x3C, 0x0C, 0xF1, 0xFE, 0x3F, 0xC7, 0xED, 0xBD, 0xB7, 0xBE, 0xF3, 0x9E, 0x73, 0xC4, 0x78, 0x0F,
    0x01, 0x80, 0xC1, 0xE0, 0xF0, 0x78, 0x3C, 0x1F, 0xFF, 0xFF, 0x83, 0xC1, 0xE0, 0xF0, 0x60, 0x1E,
    0x1F, 0xE6, 0x1B, 0x03, 0xC0, 0xF0, 0x3C, 0x0F, 0x03, 0x61, 0x9F, 0xE1, 0xE0, 0xFF, 0xFF, 0xF0,
    0x78, 0x3C, 0x1E, 0x0F, 0x07, 0x83, 0xC1, 0xE0, 0xF0, 0x60, 0xDF, 0x3F, 0xEE, 0x1B, 0x03, 0xC0,
    0xF0, 0x3C, 0x0F, 0x03, 0xE1, 0xBF, 0xED, 0xF3, 0x00, 0xC0, 0x30, 0x0C, 0x00, 0x1F, 0x3F, 0xDC,
    0x3C, 0x0C, 0x06, 0x03, 0x01, 0xC0, 0x70, 0xBF, 0xC7, 0xC0, 0xFF, 0xFF, 0xF0, 0xC0, 0x30, 0x0C,
    0x03, 0x00, 0xC0, 0x30, 0x0C, 0x03, 0x00, 0xC0, 0xC0, 0x6C, 0x19, 0x83, 0x38, 0xC3, 0x18, 0x77,
    0x06, 0xC0, 0xD8, 0x0E, 0x01, 0xC0, 0x30, 0x06, 0x01, 0xC0, 0xF0, 0x1C, 0x00, 0x03, 0x00, 0x0C,
    0x00, 0x30, 0x00, 0xC0, 0x3B, 0x71, 0xFF, 0xEE, 0x79, 0xF0, 0xC3, 0xC3, 0x0F, 0x0C, 0x3C, 0x30,
    0xF0, 0xC3, 0xE7, 0x9D, 0xFF, 0xE3, 0xB7, 0x00, 0xC0, 0x03, 0x00, 0x0C, 0x00, 0x30, 0x00, 0xE0,
    0xEE, 0x38, 0xEE, 0x0D, 0x80, 0xE0, 0x1C, 0x07, 0xC0, 0xD8, 0x31, 0x8E, 0x3B, 0x83, 0x80, 0xC1,
    0x98, 0x33, 0x06, 0x60, 0xCC, 0x19, 0x83, 0x30, 0x66, 0x0C, 0xC1, 0x9F, 0xFF, 0xFF, 0x80, 0x30,
    0x06, 0x00, 0xC0, 0xC1, 0xE0, 0xF0, 0x78, 0x3E, 0x1B, 0xFC, 0xFE, 0x03, 0x01, 0x80, 0xC0, 0x60,
    0xC3, 0x0F, 0x0C, 0x3C, 0x30, 0xF0, 0xC3, 0xC3, 0x0F, 0x0C, 0x3C, 0x30, 0xF0, 0xC3, 0xC3, 0x0F,
    0xFF, 0xFF, 0xFF, 0xC0, 0xC3, 0x0C, 0xC3, 0x0C, 0xC3, 0x0C, 0xC3, 0x0C, 0xC3, 0x0C, 0xC3, 0x0C,
    0xC3, 0x0C, 0xC3, 0x0C, 0xC3, 0x0C, 0xFF, 0xFF, 0xFF, 0xFF, 0x00, 0x03, 0x00, 0x03, 0x00, 0x03,
    0xF8, 0x0F, 0x80, 0x18, 0x01, 0x80, 0x18, 0x01, 0xFC, 0x1F, 0xF1, 0x83, 0x18, 0x31, 0xFF, 0x1F,
    0xC0, 0xC0, 0x3C, 0x03, 0xC0, 0x3C, 0x03, 0xC0, 0x3F, 0xE3, 0xFF, 0xBC, 0x1B, 0xC1, 0xBF, 0xFB,
    0xFE, 0x30, 0xC0, 0x60, 0x30, 0x18, 0x0C, 0x07, 0xF3, 0xFF, 0x83, 0xC1, 0xFF, 0xFF, 0x80, 0x7C,
    0x7F, 0x20, 0xC0, 0x37, 0xFB, 0xFC, 0x06, 0x03, 0x83, 0x7F, 0x9F, 0x00, 0xC3, 0xE3, 0x1F, 0xEC,
    0xE1, 0xB3, 0x03, 0xFC, 0x0F, 0xF0, 0x3C, 0xC0, 0xF3, 0x03, 0xC6, 0x1B, 0x1F, 0xEC, 0x1E, 0x00,
    0x1F, 0xDF, 0xF6, 0x0D, 0x83, 0x70, 0xCF, 0xF1, 0xFC, 0x63, 0x30, 0xDC, 0x3E, 0x0C, 0x60, 0x0C,
    0x01, 0x80, 0x30, 0x00, 0x07, 0xC7, 0xF9, 0x87, 0xC0, 0xFF, 0xFF, 0xFF, 0x00, 0xC0, 0x1C, 0x13,
    0xFC, 0x7E, 0x33, 0x0C, 0xC0, 0x00, 0x00, 0x1F, 0x1F, 0xE6, 0x1F, 0x03, 0xFF, 0xFF, 0xFC, 0x03,
    0x00, 0x70, 0x4F, 0xF1, 0xF8, 0x30, 0x06, 0x00, 0xC0, 0x18, 0x0F, 0xF9, 0xFF, 0x0C, 0x01, 0xBC,
    0x3F, 0xC7, 0x1C, 0xC1, 0x98, 0x33, 0x06, 0x60, 0xCC, 0x30, 0x06, 0x03, 0x80, 0xE0, 0x18, 0x00,
    0x06, 0x0C, 0x18, 0x30, 0x00, 0xFF, 0xFF, 0xC0, 0xC0, 0xC0, 0xC0, 0xC0, 0xC0, 0xC0, 0xC0, 0xC0,
    0x1F, 0x1F, 0xD8, 0x38, 0x0F, 0xE7, 0xF3, 0x01, 0x80, 0x60, 0xBF, 0xC7, 0xC0, 0x3E, 0xFF, 0xC1,
    0xC0, 0xFC, 0x3E, 0x07, 0x03, 0x83, 0xFF, 0x7C, 0xF0, 0xFF, 0xFF, 0xFC, 0xCF, 0x30, 0x00, 0x30,
    0xC3, 0x0C, 0x30, 0xC3, 0x0C, 0x30, 0xC3, 0x00, 0x33, 0x00, 0x33, 0x33, 0x33, 0x33, 0x33, 0x33,
    0x3E, 0xE0, 0x1F, 0xC0, 0x1F, 0xC0, 0x18, 0xC0, 0x18, 0xC0, 0x18, 0xC0, 0x18, 0xFC, 0x18, 0xFF,
    0x38, 0xC3, 0x70, 0xC3, 0xF0, 0xFF, 0xC0, 0xFC, 0xC1, 0x81, 0x83, 0x03, 0x06, 0x06, 0x0C, 0x0C,
    0x18, 0x1F, 0xFF, 0x3F, 0xFF, 0xE0, 0xC3, 0xC1, 0x87, 0x83, 0xFF, 0x07, 0xE0, 0x30, 0x06, 0x00,
    0xC0, 0x18, 0x0F, 0xF9, 0xFF, 0x0C, 0x01, 0xBC, 0x3F, 0xC7, 0x1C, 0xC1, 0x98, 0x33, 0x06, 0x60,
    0xCC, 0x18, 0x06, 0x03, 0x01, 0x80, 0xC0, 0x00, 0x30, 0xEC, 0x73, 0x38, 0xDC, 0x3E, 0x0F, 0xC3,
    0xB8, 0xC6, 0x30, 0xCC, 0x3B, 0x07, 0xC0, 0x30, 0x0C, 0x03, 0x00, 0x06, 0x1F, 0x0F, 0x8F, 0xCF,
    0xE6, 0xF7, 0x7B, 0x3F, 0x1F, 0x8F, 0x87, 0xC3, 0x10, 0x83, 0xF0, 0x3C, 0x00, 0x0C, 0x06, 0xC1,
    0x98, 0x33, 0x8C, 0x31, 0x87, 0x70, 0x6C, 0x0D, 0x80, 0xE0, 0x1C, 0x03, 0x00, 0x60, 0x1C, 0x0F,
    0x01, 0xC0, 0x00, 0xC3, 0xC3, 0xC3, 0xC3, 0xC3, 0xC3, 0xC3, 0xC3, 0xC3, 0xFF, 0xFF, 0x18, 0x18,
    0x18, 0x01, 0x80, 0xC0, 0x7F, 0xFF, 0xFE, 0x03, 0x01, 0x80, 0xC0, 0x60, 0x30, 0x18, 0x0C, 0x06,
    0x03, 0x01, 0x80, 0xC0, 0x60, 0x00, 0x01, 0x01, 0x01, 0xFF, 0xFF, 0xC0, 0xC0, 0xC0, 0xC0, 0xC0,
    0xC0, 0xC0, 0xC0, 0xC0,
};

static const lgfx::GFXglyph kLargeGlyphs[] PROGMEM = {
    {0, 0, 0, 6, 0, 0}, // 0x0020
    {0, 2, 15, 8, 3, -15}, // 0x0021
    {4, 6, 5, 9, 2, -15}, // 0x0022
    {8, 14, 15, 17, 2, -15}, // 0x0023
    {35, 9, 18, 13, 2, -15}, // 0x0024
    {56, 17, 15, 19, 0, -15}, // 0x0025
    {88, 14, 15, 16, 1, -15}, // 0x0026
    {115, 2, 5, 6, 2, -15}, // 0x0027
    {117, 4, 18, 8, 2, -15}, // 0x0028
    {126, 4, 18, 8, 2, -15}, // 0x0029
    {135, 9, 10, 10, 0, -15}, // 0x002A
    {147, 12, 12, 17, 2, -12}, // 0x002B
    {165, 3, 5, 6, 1, -2}, // 0x002C
    {167, 5, 2, 7, 1, -7}, // 0x002D
    {169, 2, 2, 6, 2, -2}, // 0x002E
    {170, 7, 16, 7, 0, -15}, // 0x002F
    {184, 10, 15, 13, 1, -15}, // 0x0030
    {203, 9, 15, 13, 2, -15}, // 0x0031
    {220, 9, 15, 13, 1, -15}, // 0x0032
    {237, 10, 15, 13, 1, -15}, // 0x0033
    {256, 11, 15, 13, 1, -15}, // 0x0034
    {277, 9, 15, 13, 1, -15}, // 0x0035
    {294, 10, 15, 13, 1, -15}, // 0x0036
    {313, 10, 15, 13, 1, -15}, // 0x0037
    {332, 10, 15, 13, 1, -15}, // 0x0038
    {351, 10, 15, 13, 1, -15}, // 0x0039
    {370, 2, 10, 7, 2, -10}, // 0x003A
    {373, 3, 13, 7, 1, -10}, // 0x003B
    {378, 13, 11, 17, 2, -12}, // 0x003C
    {396, 13, 6, 17, 2, -9}, // 0x003D
    {406, 13, 11, 17, 2, -12}, // 0x003E
    {424, 8, 15, 11, 1, -15}, // 0x003F
    {439, 18, 17, 20, 1, -14}, // 0x0040
    {478, 13, 15, 14, 0, -15}, // 0x0041
    {503, 10, 15, 14, 2, -15}, // 0x0042
    {522, 12, 15, 14, 1, -15}, // 0x0043
    {545, 12, 15, 15, 2, -15}, // 0x0044
    {568, 9, 15, 13, 2, -15}, // 0x0045
    {585, 8, 15, 12, 2, -15}, // 0x0046
    {600, 13, 15, 16, 1, -15}, // 0x0047
    {625, 11, 15, 15, 2, -15}, // 0x0048
    {646, 2, 15, 6, 2, -15}, // 0x0049
    {650, 5, 19, 6, -1, -15}, // 0x004A
    {662, 11, 15, 13, 2, -15}, // 0x004B
    {683, 9, 15, 11, 2, -15}, // 0x004C
    {700, 13, 15, 17, 2, -15}, // 0x004D
    {725, 11, 15, 15, 2, -15}, // 0x004E
    {746, 14, 15, 16, 1, -15}, // 0x004F
    {773, 9, 15, 12, 2, -15}, // 0x0050
    {790, 14, 18, 16, 1, -15}, // 0x0051
    {822, 11, 15, 14, 2, -15}, // 0x0052
    {843, 10, 15, 13, 1, -15}, // 0x0053
    {862, 12, 15, 12, 0, -15}, // 0x0054
    {885, 11, 15, 15, 2, -15}, // 0x0055
    {906, 13, 15, 14, 0, -15}, // 0x0056
    {931, 18, 15, 20, 1, -15}, // 0x0057
    {965, 12, 15, 14, 1, -15}, // 0x0058
    {988, 12, 15, 12, 0, -15}, // 0x0059
    {1011, 12, 15, 14, 1, -15}, // 0x005A
    {1034, 4, 18, 8, 2, -15}, // 0x005B
    {1043, 7, 16, 7, 0, -15}, // 0x005C
    {1057, 4, 18, 8, 2, -15}, // 0x005D
    {1066, 11, 5, 17, 3, -15}, // 0x005E
    {1073, 10, 2, 10, 0, 3}, // 0x005F
    {1076, 5, 4, 10, 1, -16}, // 0x0060
    {1079, 9, 11, 12, 1, -11}, // 0x0061
    {1092, 10, 15, 13, 2, -15}, // 0x0062
    {1111, 9, 11, 11, 1, -11}, // 0x0063
    {1124, 10, 15, 13, 1, -15}, // 0x0064
    {1143, 10, 11, 12, 1, -11}, // 0x0065
    {1157, 7, 15, 7, 0, -15}, // 0x0066
    {1171, 10, 15, 13, 1, -11}, // 0x0067
    {1190, 9, 15, 13, 2, -15}, // 0x0068
    {1207, 2, 15, 6, 2, -15}, // 0x0069
    {1211, 4, 19, 6, 0, -15}, // 0x006A
    {1221, 9, 15, 12, 2, -15}, // 0x006B
    {1238, 2, 15, 6, 2, -15}, // 0x006C
    {1242, 16, 11, 19, 2, -11}, // 0x006D
    {1264, 9, 11, 13, 2, -11}, // 0x006E
    {1277, 10, 11, 12, 1, -11}, // 0x006F
    {1291, 10, 15, 13, 2, -11}, // 0x0070
    {1310, 10, 15, 13, 1, -11}, // 0x0071
    {1329, 6, 11, 8, 2, -11}, // 0x0072
    {1338, 8, 11, 10, 1, -11}, // 0x0073
    {1349, 7, 14, 8, 1, -14}, // 0x0074
    {1362, 9, 11, 13, 2, -11}, // 0x0075
    {1375, 11, 11, 12, 0, -11}, // 0x0076
    {1391, 15, 11, 16, 1, -11}, // 0x0077
    {1412, 11, 11, 12, 0, -11}, // 0x0078
    {1428, 11, 15, 12, 0, -11}, // 0x0079
    {1449, 9, 11, 10, 1, -11}, // 0x007A
    {1462, 8, 18, 13, 3, -15}, // 0x007B
    {1480, 2, 20, 7, 3, -15}, // 0x007C
    {1485, 8, 18, 13, 2, -15}, // 0x007D
    {1503, 13, 3, 17, 2, -9}, // 0x007E
    {0, 0, 0, 0, 0, 0}, // 0x007F
    {0, 0, 0, 0, 0, 0}, // 0x0080
    {0, 0, 0, 0, 0, 0}, // 0x0081
    {0, 0, 0, 0, 0, 0}, // 0x0082
    {0, 0, 0, 0, 0, 0}, // 0x0083
    {0, 0, 0, 0, 0, 0}, // 0x0084
    {0, 0, 0, 0, 0, 0}, // 0x0085
    {0, 0, 0, 0, 0, 0}, // 0x0086
    {0, 0, 0, 0, 0, 0}, // 0x0087
    {0, 0, 0, 0, 0, 0}, // 0x0088
    {0, 0, 0, 0, 0, 0}, // 0x0089
    {0, 0, 0, 0, 0, 0}, // 0x008A
    {0, 0, 0, 0, 0, 0}, // 0x008B
    {0, 0, 0, 0, 0, 0}, // 0x008C
    {0, 0, 0, 0, 0, 0}, // 0x008D
    {0, 0, 0, 0, 0, 0}, // 0x008E
    {0, 0, 0, 0, 0, 0}, // 0x008F
    {0, 0, 0, 0, 0, 0}, // 0x0090
    {0, 0, 0, 0, 0, 0}, // 0x0091
    {0, 0, 0, 0, 0, 0}, // 0x0092
    {0, 0, 0, 0, 0, 0}, // 0x0093
    {0, 0, 0, 0, 0, 0}, // 0x0094
    {0, 0, 0, 0, 0, 0}, // 0x0095
    {0, 0, 0, 0, 0, 0}, // 0x0096
    {0, 0, 0, 0, 0, 0}, // 0x0097
    {0, 0, 0, 0, 0, 0}, // 0x0098
    {0, 0, 0, 0, 0, 0}, // 0x0099
    {0, 0, 0, 0, 0, 0}, // 0x009A
    {0, 0, 0, 0, 0, 0}, // 0x009B
    {0, 0, 0, 0, 0, 0}, // 0x009C
    {0, 0, 0, 0, 0, 0}, // 0x009D
    {0, 0, 0, 0, 0, 0}, // 0x009E
    {0, 0, 0, 0, 0, 0}, // 0x009F
    {0, 0, 0, 6, 0, 0}, // 0x00A0
    {1508, 2, 15, 8, 3, -11}, // 0x00A1
    {1512, 9, 17, 13, 2, -14}, // 0x00A2
    {1532, 9, 15, 13, 2, -15}, // 0x00A3
    {1549, 10, 10, 13, 1, -12}, // 0x00A4
    {1562, 12, 15, 13, 0, -15}, // 0x00A5
    {1585, 2, 17, 7, 3, -14}, // 0x00A6
    {1590, 8, 17, 10, 1, -15}, // 0x00A7
    {1607, 6, 2, 10, 2, -15}, // 0x00A8
    {1609, 14, 15, 20, 3, -15}, // 0x00A9
    {1636, 8, 10, 9, 1, -15}, // 0x00AA
    {1646, 10, 9, 12, 2, -10}, // 0x00AB
    {1658, 13, 6, 17, 2, -8}, // 0x00AC
    {0, 0, 0, 0, 0, 0}, // 0x00AD
    {1668, 15, 15, 20, 3, -15}, // 0x00AE
    {1697, 6, 2, 10, 2, -15}, // 0x00AF
    {1699, 6, 6, 10, 2, -15}, // 0x00B0
    {1704, 12, 13, 17, 3, -13}, // 0x00B1
    {1724, 6, 8, 8, 1, -15}, // 0x00B2
    {1730, 6, 8, 8, 1, -15}, // 0x00B3
    {1736, 5, 4, 10, 3, -16}, // 0x00B4
    {1739, 10, 15, 13, 2, -11}, // 0x00B5
    {1758, 9, 17, 13, 2, -15}, // 0x00B6
    {1778, 2, 2, 6, 2, -8}, // 0x00B7
    {1779, 4, 4, 10, 3, 0}, // 0x00B8
    {1781, 5, 8, 8, 2, -15}, // 0x00B9
    {1786, 8, 10, 9, 1, -15}, // 0x00BA
    {1796, 10, 9, 12, 2, -10}, // 0x00BB
    {1808, 16, 15, 19, 2, -15}, // 0x00BC
    {1838, 16, 15, 19, 2, -15}, // 0x00BD
    {1868, 17, 15, 19, 1, -15}, // 0x00BE
    {1900, 8, 15, 11, 1, -11}, // 0x00BF
    {1915, 13, 19, 14, 0, -19}, // 0x00C0
    {1946, 13, 19, 14, 0, -19}, // 0x00C1
    {1977, 13, 19, 14, 0, -19}, // 0x00C2
    {2008, 13, 18, 14, 0, -18}, // 0x00C3
    {2038, 13, 19, 14, 0, -19}, // 0x00C4
    {2069, 13, 19, 14, 0, -19}, // 0x00C5
    {2100, 18, 15, 19, 0, -15}, // 0x00C6
    {2134, 12, 19, 14, 1, -15}, // 0x00C7
    {2163, 9, 19, 13, 2, -19}, // 0x00C8
    {2185, 9, 19, 13, 2, -19}, // 0x00C9
    {2207, 9, 19, 13, 2, -19}, // 0x00CA
    {2229, 9, 19, 13, 2, -19}, // 0x00CB
    {2251, 3, 19, 6, 1, -19}, // 0x00CC
    {2259, 3, 19, 6, 2, -19}, // 0x00CD
    {2267, 6, 19, 6, 0, -19}, // 0x00CE
    {2282, 6, 19, 6, 0, -19}, // 0x00CF
    {2297, 14, 15, 16, 0, -15}, // 0x00D0
    {2324, 11, 18, 15, 2, -18}, // 0x00D1
    {2349, 14, 19, 16, 1, -19}, // 0x00D2
    {2383, 14, 19, 16, 1, -19}, // 0x00D3
    {2417, 14, 19, 16, 1, -19}, // 0x00D4
    {2451, 14, 18, 16, 1, -18}, // 0x00D5
    {2483, 14, 19, 16, 1, -19}, // 0x00D6
    {2517, 11, 11, 17, 3, -12}, // 0x00D7
    {2533, 14, 15, 16, 1, -16}, // 0x00D8
    {2560, 11, 19, 15, 2, -19}, // 0x00D9
    {2587, 11, 19, 15, 2, -19}, // 0x00DA
    {2614, 11, 19, 15, 2, -19}, // 0x00DB
    {2641, 11, 19, 15, 2, -19}, // 0x00DC
    {2668, 12, 19, 12, 0, -19}, // 0x00DD
    {2697, 9, 15, 12, 2, -15}, // 0x00DE
    {2714, 10, 15, 13, 2, -15}, // 0x00DF
    {2733, 9, 16, 12, 1, -16}, // 0x00E0
    {2751, 9, 16, 12, 1, -16}, // 0x00E1
    {2769, 9, 16, 12, 1, -16}, // 0x00E2
    {2787, 9, 16, 12, 1, -16}, // 0x00E3
    {2805, 9, 15, 12, 1, -15}, // 0x00E4
    {2822, 9, 17, 12, 1, -17}, // 0x00E5
    {2842, 17, 11, 20, 1, -11}, // 0x00E6
    {2866, 9, 15, 11, 1, -11}, // 0x00E7
    {2883, 10, 16, 12, 1, -16}, // 0x00E8
    {2903, 10, 16, 12, 1, -16}, // 0x00E9
    {2923, 10, 16, 12, 1, -16}, // 0x00EA
    {2943, 10, 15, 12, 1, -15}, // 0x00EB
    {2962, 5, 16, 6, -1, -16}, // 0x00EC
    {2972, 5, 16, 6, 1, -16}, // 0x00ED
    {2982, 6, 16, 6, 0, -16}, // 0x00EE
    {2994, 6, 15, 6, 0, -15}, // 0x00EF
    {3006, 10, 15, 12, 1, -15}, // 0x00F0
    {3025, 9, 16, 13, 2, -16}, // 0x00F1
    {3043, 10, 16, 12, 1, -16}, // 0x00F2
    {3063, 10, 16, 12, 1, -16}, // 0x00F3
    {3083, 10, 16, 12, 1, -16}, // 0x00F4
    {3103, 10, 16, 12, 1, -16}, // 0x00F5
    {3123, 10, 15, 12, 1, -15}, // 0x00F6
    {3142, 12, 10, 17, 2, -11}, // 0x00F7
    {3157, 10, 13, 12, 1, -12}, // 0x00F8
    {3174, 9, 16, 13, 2, -16}, // 0x00F9
    {3192, 9, 16, 13, 2, -16}, // 0x00FA
    {3210, 9, 16, 13, 2, -16}, // 0x00FB
    {3228, 9, 15, 13, 2, -15}, // 0x00FC
    {3245, 11, 20, 12, 0, -16}, // 0x00FD
    {3273, 10, 19, 13, 2, -15}, // 0x00FE
    {3297, 11, 19, 12, 0, -15}, // 0x00FF
    {3324, 13, 18, 14, 0, -18}, // 0x0100
    {3354, 9, 15, 12, 1, -15}, // 0x0101
    {3371, 13, 19, 14, 0, -19}, // 0x0102
    {3402, 9, 16, 12, 1, -16}, // 0x0103
    {3420, 14, 19, 14, 0, -15}, // 0x0104
    {3454, 10, 15, 12, 1, -11}, // 0x0105
    {3473, 12, 19, 14, 1, -19}, // 0x0106
    {3502, 9, 16, 11, 1, -16}, // 0x0107
    {3520, 12, 19, 14, 1, -19}, // 0x0108
    {3549, 9, 16, 11, 1, -16}, // 0x0109
    {3567, 12, 19, 14, 1, -19}, // 0x010A
    {3596, 9, 15, 11, 1, -15}, // 0x010B
    {3613, 12, 19, 14, 1, -19}, // 0x010C
    {3642, 9, 16, 11, 1, -16}, // 0x010D
    {3660, 12, 19, 15, 2, -19}, // 0x010E
    {3689, 14, 16, 13, 1, -16}, // 0x010F
    {3717, 14, 15, 16, 0, -15}, // 0x0110
    {3744, 12, 15, 13, 1, -15}, // 0x0111
    {3767, 9, 18, 13, 2, -18}, // 0x0112
    {3788, 10, 15, 12, 1, -15}, // 0x0113
    {3807, 9, 18, 13, 2, -18}, // 0x0114
    {3828, 10, 16, 12, 1, -16}, // 0x0115
    {3848, 9, 19, 13, 2, -19}, // 0x0116
    {3870, 10, 15, 12, 1, -15}, // 0x0117
    {3889, 10, 19, 13, 2, -15}, // 0x0118
    {3913, 10, 15, 12, 1, -11}, // 0x0119
    {3932, 9, 19, 13, 2, -19}, // 0x011A
    {3954, 10, 16, 12, 1, -16}, // 0x011B
    {3974, 13, 19, 16, 1, -19}, // 0x011C
    {4005, 10, 20, 13, 1, -16}, // 0x011D
    {4030, 13, 18, 16, 1, -18}, // 0x011E
    {4060, 10, 20, 13, 1, -16}, // 0x011F
    {4085, 13, 19, 16, 1, -19}, // 0x0120
    {4116, 10, 19, 13, 1, -15}, // 0x0121
    {4140, 13, 20, 16, 1, -15}, // 0x0122
    {4173, 10, 20, 13, 1, -16}, // 0x0123
    {4198, 11, 19, 15, 2, -19}, // 0x0124
    {4225, 11, 19, 13, 0, -19}, // 0x0125
    {4252, 15, 15, 18, 2, -15}, // 0x0126
    {4281, 10, 15, 14, 1, -15}, // 0x0127
    {4300, 6, 18, 6, 0, -18}, // 0x0128
    {4314, 6, 16, 6, 0, -16}, // 0x0129
    {4326, 6, 18, 6, 0, -18}, // 0x012A
    {4340, 6, 15, 6, 0, -15}, // 0x012B
    {4352, 6, 18, 6, 0, -18}, // 0x012C
    {4366, 6, 16, 6, 0, -16}, // 0x012D
    {4378, 4, 19, 6, 1, -15}, // 0x012E
    {4388, 4, 19, 6, 1, -15}, // 0x012F
    {4398, 2, 19, 6, 2, -19}, // 0x0130
    {4403, 2, 11, 6, 2, -11}, // 0x0131
    {4406, 8, 19, 12, 2, -15}, // 0x0132
    {4425, 8, 19, 11, 2, -15}, // 0x0133
    {4444, 7, 23, 6, -1, -19}, // 0x0134
    {4465, 6, 20, 6, 0, -16}, // 0x0135
    {4480, 11, 20, 13, 2, -15}, // 0x0136
    {4508, 9, 20, 12, 2, -15}, // 0x0137
    {4531, 9, 11, 12, 2, -11}, // 0x0138
    {4544, 9, 19, 11, 2, -19}, // 0x0139
    {4566, 3, 19, 6, 2, -19}, // 0x013A
    {4574, 9, 20, 11, 2, -15}, // 0x013B
    {4597, 2, 20, 6, 2, -15}, // 0x013C
    {4602, 9, 15, 11, 2, -15}, // 0x013D
    {4619, 6, 16, 8, 2, -16}, // 0x013E
    {4631, 9, 15, 11, 2, -15}, // 0x013F
    {4648, 5, 15, 7, 2, -15}, // 0x0140
    {4658, 11, 15, 11, 0, -15}, // 0x0141
    {4679, 6, 15, 6, 0, -15}, // 0x0142
    {4691, 11, 19, 15, 2, -19}, // 0x0143
    {4718, 9, 16, 13, 2, -16}, // 0x0144
    {4736, 11, 20, 15, 2, -15}, // 0x0145
    {4764, 9, 16, 13, 2, -11}, // 0x0146
    {4782, 11, 19, 15, 2, -19}, // 0x0147
    {4809, 9, 16, 13, 2, -16}, // 0x0148
    {4827, 12, 15, 16, 2, -15}, // 0x0149
    {4850, 11, 19, 15, 2, -15}, // 0x014A
    {4877, 9, 15, 13, 2, -11}, // 0x014B
    {4894, 14, 18, 16, 1, -18}, // 0x014C
    {4926, 10, 15, 12, 1, -15}, // 0x014D
    {4945, 14, 18, 16, 1, -18}, // 0x014E
    {4977, 10, 16, 12, 1, -16}, // 0x014F
    {4997, 14, 19, 16, 1, -19}, // 0x0150
    {5031, 11, 16, 12, 1, -16}, // 0x0151
    {5053, 19, 15, 21, 1, -15}, // 0x0152
    {5089, 18, 11, 20, 1, -11}, // 0x0153
    {5114, 11, 19, 14, 2, -19}, // 0x0154
    {5141, 7, 16, 8, 2, -16}, // 0x0155
    {5155, 11, 20, 14, 2, -15}, // 0x0156
    {5183, 6, 16, 8, 2, -11}, // 0x0157
    {5195, 11, 19, 14, 2, -19}, // 0x0158
    {5222, 6, 16, 8, 2, -16}, // 0x0159
    {5234, 10, 19, 13, 1, -19}, // 0x015A
    {5258, 8, 16, 10, 1, -16}, // 0x015B
    {5274, 10, 19, 13, 1, -19}, // 0x015C
    {5298, 8, 16, 10, 1, -16}, // 0x015D
    {5314, 10, 19, 13, 1, -15}, // 0x015E
    {5338, 8, 15, 10, 1, -11}, // 0x015F
    {5353, 10, 19, 13, 1, -19}, // 0x0160
    {5377, 8, 16, 10, 1, -16}, // 0x0161
    {5393, 12, 19, 12, 0, -15}, // 0x0162
    {5422, 7, 18, 8, 1, -14}, // 0x0163
    {5438, 12, 19, 12, 0, -19}, // 0x0164
    {5467, 7, 17, 8, 1, -17}, // 0x0165
    {5482, 12, 15, 12, 0, -15}, // 0x0166
    {5505, 7, 14, 8, 1, -14}, // 0x0167
    {5518, 11, 18, 15, 2, -18}, // 0x0168
    {5543, 9, 16, 13, 2, -16}, // 0x0169
    {5561, 11, 18, 15, 2, -18}, // 0x016A
    {5586, 9, 15, 13, 2, -15}, // 0x016B
    {5603, 11, 18, 15, 2, -18}, // 0x016C
    {5628, 9, 16, 13, 2, -16}, // 0x016D
    {5646, 11, 18, 15, 2, -18}, // 0x016E
    {5671, 9, 16, 13, 2, -16}, // 0x016F
    {5689, 11, 19, 15, 2, -19}, // 0x0170
    {5716, 10, 16, 13, 2, -16}, // 0x0171
    {5736, 11, 19, 15, 2, -15}, // 0x0172
    {5763, 10, 15, 13, 2, -11}, // 0x0173
    {5782, 18, 19, 20, 1, -19}, // 0x0174
    {5825, 15, 16, 16, 1, -16}, // 0x0175
    {5855, 12, 19, 12, 0, -19}, // 0x0176
    {5884, 11, 20, 12, 0, -16}, // 0x0177
    {5912, 12, 19, 12, 0, -19}, // 0x0178
    {5941, 12, 19, 14, 1, -19}, // 0x0179
    {5970, 9, 16, 10, 1, -16}, // 0x017A
    {5988, 12, 19, 14, 1, -19}, // 0x017B
    {6017, 9, 15, 10, 1, -15}, // 0x017C
    {6034, 12, 19, 14, 1, -19}, // 0x017D
    {6063, 9, 16, 10, 1, -16}, // 0x017E
    {6081, 7, 15, 7, 0, -15}, // 0x017F
    {0, 0, 0, 0, 0, 0}, // 0x0180
    {0, 0, 0, 0, 0, 0}, // 0x0181
    {0, 0, 0, 0, 0, 0}, // 0x0182
    {0, 0, 0, 0, 0, 0}, // 0x0183
    {0, 0, 0, 0, 0, 0}, // 0x0184
    {0, 0, 0, 0, 0, 0}, // 0x0185
    {0, 0, 0, 0, 0, 0}, // 0x0186
    {0, 0, 0, 0, 0, 0}, // 0x0187
    {0, 0, 0, 0, 0, 0}, // 0x0188
    {0, 0, 0, 0, 0, 0}, // 0x0189
    {0, 0, 0, 0, 0, 0}, // 0x018A
    {0, 0, 0, 0, 0, 0}, // 0x018B
    {0, 0, 0, 0, 0, 0}, // 0x018C
    {0, 0, 0, 0, 0, 0}, // 0x018D
    {0, 0, 0, 0, 0, 0}, // 0x018E
    {0, 0, 0, 0, 0, 0}, // 0x018F
    {0, 0, 0, 0, 0, 0}, // 0x0190
    {0, 0, 0, 0, 0, 0}, // 0x0191
    {0, 0, 0, 0, 0, 0}, // 0x0192
    {0, 0, 0, 0, 0, 0}, // 0x0193
    {0, 0, 0, 0, 0, 0}, // 0x0194
    {0, 0, 0, 0, 0, 0}, // 0x0195
    {0, 0, 0, 0, 0, 0}, // 0x0196
    {0, 0, 0, 0, 0, 0}, // 0x0197
    {0, 0, 0, 0, 0, 0}, // 0x0198
    {0, 0, 0, 0, 0, 0}, // 0x0199
    {0, 0, 0, 0, 0, 0}, // 0x019A
    {0, 0, 0, 0, 0, 0}, // 0x019B
    {0, 0, 0, 0, 0, 0}, // 0x019C
    {0, 0, 0, 0, 0, 0}, // 0x019D
    {0, 0, 0, 0, 0, 0}, // 0x019E
    {0, 0, 0, 0, 0, 0}, // 0x019F
    {0, 0, 0, 0, 0, 0}, // 0x01A0
    {0, 0, 0, 0, 0, 0}, // 0x01A1
    {0, 0, 0, 0, 0, 0}, // 0x01A2
    {0, 0, 0, 0, 0, 0}, // 0x01A3
    {0, 0, 0, 0, 0, 0}, // 0x01A4
    {0, 0, 0, 0, 0, 0}, // 0x01A5
    {0, 0, 0, 0, 0, 0}, // 0x01A6
    {0, 0, 0, 0, 0, 0}, // 0x01A7
    {0, 0, 0, 0, 0, 0}, // 0x01A8
    {0, 0, 0, 0, 0, 0}, // 0x01A9
    {0, 0, 0, 0, 0, 0}, // 0x01AA
    {0, 0, 0, 0, 0, 0}, // 0x01AB
    {0, 0, 0, 0, 0, 0}, // 0x01AC
    {0, 0, 0, 0, 0, 0}, // 0x01AD
    {0, 0, 0, 0, 0, 0}, // 0x01AE
    {0, 0, 0, 0, 0, 0}, // 0x01AF
    {0, 0, 0, 0, 0, 0}, // 0x01B0
    {0, 0, 0, 0, 0, 0}, // 0x01B1
    {0, 0, 0, 0, 0, 0}, // 0x01B2
    {0, 0, 0, 0, 0, 0}, // 0x01B3
    {0, 0, 0, 0, 0, 0}, // 0x01B4
    {0, 0, 0, 0, 0, 0}, // 0x01B5
    {0, 0, 0, 0, 0, 0}, // 0x01B6
    {0, 0, 0, 0, 0, 0}, // 0x01B7
    {0, 0, 0, 0, 0, 0}, // 0x01B8
    {0, 0, 0, 0, 0, 0}, // 0x01B9
    {0, 0, 0, 0, 0, 0}, // 0x01BA
    {0, 0, 0, 0, 0, 0}, // 0x01BB
    {0, 0, 0, 0, 0, 0}, // 0x01BC
    {0, 0, 0, 0, 0, 0}, // 0x01BD
    {0, 0, 0, 0, 0, 0}, // 0x01BE
    {0, 0, 0, 0, 0, 0}, // 0x01BF
    {0, 0, 0, 0, 0, 0}, // 0x01C0
    {0, 0, 0, 0, 0, 0}, // 0x01C1
    {0, 0, 0, 0, 0, 0}, // 0x01C2
    {0, 0, 0, 0, 0, 0}, // 0x01C3
    {0, 0, 0, 0, 0, 0}, // 0x01C4
    {0, 0, 0, 0, 0, 0}, // 0x01C5
    {0, 0, 0, 0, 0, 0}, // 0x01C6
    {0, 0, 0, 0, 0, 0}, // 0x01C7
    {0, 0, 0, 0, 0, 0}, // 0x01C8
    {0, 0, 0, 0, 0, 0}, // 0x01C9
    {0, 0, 0, 0, 0, 0}, // 0x01CA
    {0, 0, 0, 0, 0, 0}, // 0x01CB
    {0, 0, 0, 0, 0, 0}, // 0x01CC
    {0, 0, 0, 0, 0, 0}, // 0x01CD
    {0, 0, 0, 0, 0, 0}, // 0x01CE
    {0, 0, 0, 0, 0, 0}, // 0x01CF
    {0, 0, 0, 0, 0, 0}, // 0x01D0
    {0, 0, 0, 0, 0, 0}, // 0x01D1
    {0, 0, 0, 0, 0, 0}, // 0x01D2
    {0, 0, 0, 0, 0, 0}, // 0x01D3
    {0, 0, 0, 0, 0, 0}, // 0x01D4
    {0, 0, 0, 0, 0, 0}, // 0x01D5
    {0, 0, 0, 0, 0, 0}, // 0x01D6
    {0, 0, 0, 0, 0, 0}, // 0x01D7
    {0, 0, 0, 0, 0, 0}, // 0x01D8
    {0, 0, 0, 0, 0, 0}, // 0x01D9
    {0, 0, 0, 0, 0, 0}, // 0x01DA
    {0, 0, 0, 0, 0, 0}, // 0x01DB
    {0, 0, 0, 0, 0, 0}, // 0x01DC
    {0, 0, 0, 0, 0, 0}, // 0x01DD
    {0, 0, 0, 0, 0, 0}, // 0x01DE
    {0, 0, 0, 0, 0, 0}, // 0x01DF
    {0, 0, 0, 0, 0, 0}, // 0x01E0
    {0, 0, 0, 0, 0, 0}, // 0x01E1
    {0, 0, 0, 0, 0, 0}, // 0x01E2
    {0, 0, 0, 0, 0, 0}, // 0x01E3
    {0, 0, 0, 0, 0, 0}, // 0x01E4
    {0, 0, 0, 0, 0, 0}, // 0x01E5
    {0, 0, 0, 0, 0, 0}, // 0x01E6
    {0, 0, 0, 0, 0, 0}, // 0x01E7
    {0, 0, 0, 0, 0, 0}, // 0x01E8
    {0, 0, 0, 0, 0, 0}, // 0x01E9
    {0, 0, 0, 0, 0, 0}, // 0x01EA
    {0, 0, 0, 0, 0, 0}, // 0x01EB
    {0, 0, 0, 0, 0, 0}, // 0x01EC
    {0, 0, 0, 0, 0, 0}, // 0x01ED
    {0, 0, 0, 0, 0, 0}, // 0x01EE
    {0, 0, 0, 0, 0, 0}, // 0x01EF
    {0, 0, 0, 0, 0, 0}, // 0x01F0
    {0, 0, 0, 0, 0, 0}, // 0x01F1
    {0, 0, 0, 0, 0, 0}, // 0x01F2
    {0, 0, 0, 0, 0, 0}, // 0x01F3
    {0, 0, 0, 0, 0, 0}, // 0x01F4
    {0, 0, 0, 0, 0, 0}, // 0x01F5
    {0, 0, 0, 0, 0, 0}, // 0x01F6
    {0, 0, 0, 0, 0, 0}, // 0x01F7
    {0, 0, 0, 0, 0, 0}, // 0x01F8
    {0, 0, 0, 0, 0, 0}, // 0x01F9
    {0, 0, 0, 0, 0, 0}, // 0x01FA
    {0, 0, 0, 0, 0, 0}, // 0x01FB
    {0, 0, 0, 0, 0, 0}, // 0x01FC
    {0, 0, 0, 0, 0, 0}, // 0x01FD
    {0, 0, 0, 0, 0, 0}, // 0x01FE
    {0, 0, 0, 0, 0, 0}, // 0x01FF
    {0, 0, 0, 0, 0, 0}, // 0x0200
    {0, 0, 0, 0, 0, 0}, // 0x0201
    {0, 0, 0, 0, 0, 0}, // 0x0202
    {0, 0, 0, 0, 0, 0}, // 0x0203
    {0, 0, 0, 0, 0, 0}, // 0x0204
    {0, 0, 0, 0, 0, 0}, // 0x0205
    {0, 0, 0, 0, 0, 0}, // 0x0206
    {0, 0, 0, 0, 0, 0}, // 0x0207
    {0, 0, 0, 0, 0, 0}, // 0x0208
    {0, 0, 0, 0, 0, 0}, // 0x0209
    {0, 0, 0, 0, 0, 0}, // 0x020A
    {0, 0, 0, 0, 0, 0}, // 0x020B
    {0, 0, 0, 0, 0, 0}, // 0x020C
    {0, 0, 0, 0, 0, 0}, // 0x020D
    {0, 0, 0, 0, 0, 0}, // 0x020E
    {0, 0, 0, 0, 0, 0}, // 0x020F
    {0, 0, 0, 0, 0, 0}, // 0x0210
    {0, 0, 0, 0, 0, 0}, // 0x0211
    {0, 0, 0, 0, 0, 0}, // 0x0212
    {0, 0, 0, 0, 0, 0}, // 0x0213
    {0, 0, 0, 0, 0, 0}, // 0x0214
    {0, 0, 0, 0, 0, 0}, // 0x0215
    {0, 0, 0, 0, 0, 0}, // 0x0216
    {0, 0, 0, 0, 0, 0}, // 0x0217
    {0, 0, 0, 0, 0, 0}, // 0x0218
    {0, 0, 0, 0, 0, 0}, // 0x0219
    {0, 0, 0, 0, 0, 0}, // 0x021A
    {0, 0, 0, 0, 0, 0}, // 0x021B
    {0, 0, 0, 0, 0, 0}, // 0x021C
    {0, 0, 0, 0, 0, 0}, // 0x021D
    {0, 0, 0, 0, 0, 0}, // 0x021E
    {0, 0, 0, 0, 0, 0}, // 0x021F
    {0, 0, 0, 0, 0, 0}, // 0x0220
    {0, 0, 0, 0, 0, 0}, // 0x0221
    {0, 0, 0, 0, 0, 0}, // 0x0222
    {0, 0, 0, 0, 0, 0}, // 0x0223
    {0, 0, 0, 0, 0, 0}, // 0x0224
    {0, 0, 0, 0, 0, 0}, // 0x0225
    {0, 0, 0, 0, 0, 0}, // 0x0226
    {0, 0, 0, 0, 0, 0}, // 0x0227
    {0, 0, 0, 0, 0, 0}, // 0x0228
    {0, 0, 0, 0, 0, 0}, // 0x0229
    {0, 0, 0, 0, 0, 0}, // 0x022A
    {0, 0, 0, 0, 0, 0}, // 0x022B
    {0, 0, 0, 0, 0, 0}, // 0x022C
    {0, 0, 0, 0, 0, 0}, // 0x022D
    {0, 0, 0, 0, 0, 0}, // 0x022E
    {0, 0, 0, 0, 0, 0}, // 0x022F
    {0, 0, 0, 0, 0, 0}, // 0x0230
    {0, 0, 0, 0, 0, 0}, // 0x0231
    {0, 0, 0, 0, 0, 0}, // 0x0232
    {0, 0, 0, 0, 0, 0}, // 0x0233
    {0, 0, 0, 0, 0, 0}, // 0x0234
    {0, 0, 0, 0, 0, 0}, // 0x0235
    {0, 0, 0, 0, 0, 0}, // 0x0236
    {0, 0, 0, 0, 0, 0}, // 0x0237
    {0, 0, 0, 0, 0, 0}, // 0x0238
    {0, 0, 0, 0, 0, 0}, // 0x0239
    {0, 0, 0, 0, 0, 0}, // 0x023A
    {0, 0, 0, 0, 0, 0}, // 0x023B
    {0, 0, 0, 0, 0, 0}, // 0x023C
    {0, 0, 0, 0, 0, 0}, // 0x023D
    {0, 0, 0, 0, 0, 0}, // 0x023E
    {0, 0, 0, 0, 0, 0}, // 0x023F
    {0, 0, 0, 0, 0, 0}, // 0x0240
    {0, 0, 0, 0, 0, 0}, // 0x0241
    {0, 0, 0, 0, 0, 0}, // 0x0242
    {0, 0, 0, 0, 0, 0}, // 0x0243
    {0, 0, 0, 0, 0, 0}, // 0x0244
    {0, 0, 0, 0, 0, 0}, // 0x0245
    {0, 0, 0, 0, 0, 0}, // 0x0246
    {0, 0, 0, 0, 0, 0}, // 0x0247
    {0, 0, 0, 0, 0, 0}, // 0x0248
    {0, 0, 0, 0, 0, 0}, // 0x0249
    {0, 0, 0, 0, 0, 0}, // 0x024A
    {0, 0, 0, 0, 0, 0}, // 0x024B
    {0, 0, 0, 0, 0, 0}, // 0x024C
    {0, 0, 0, 0, 0, 0}, // 0x024D
    {0, 0, 0, 0, 0, 0}, // 0x024E
    {0, 0, 0, 0, 0, 0}, // 0x024F
    {0, 0, 0, 0, 0, 0}, // 0x0250
    {0, 0, 0, 0, 0, 0}, // 0x0251
    {0, 0, 0, 0, 0, 0}, // 0x0252
    {0, 0, 0, 0, 0, 0}, // 0x0253
    {0, 0, 0, 0, 0, 0}, // 0x0254
    {0, 0, 0, 0, 0, 0}, // 0x0255
    {0, 0, 0, 0, 0, 0}, // 0x0256
    {0, 0, 0, 0, 0, 0}, // 0x0257
    {0, 0, 0, 0, 0, 0}, // 0x0258
    {0, 0, 0, 0, 0, 0}, // 0x0259
    {0, 0, 0, 0, 0, 0}, // 0x025A
    {0, 0, 0, 0, 0, 0}, // 0x025B
    {0, 0, 0, 0, 0, 0}, // 0x025C
    {0, 0, 0, 0, 0, 0}, // 0x025D
    {0, 0, 0, 0, 0, 0}, // 0x025E
    {0, 0, 0, 0, 0, 0}, // 0x025F
    {0, 0, 0, 0, 0, 0}, // 0x0260
    {0, 0, 0, 0, 0, 0}, // 0x0261
    {0, 0, 0, 0, 0, 0}, // 0x0262
    {0, 0, 0, 0, 0, 0}, // 0x0263
    {0, 0, 0, 0, 0, 0}, // 0x0264
    {0, 0, 0, 0, 0, 0}, // 0x0265
    {0, 0, 0, 0, 0, 0}, // 0x0266
    {0, 0, 0, 0, 0, 0}, // 0x0267
    {0, 0, 0, 0, 0, 0}, // 0x0268
    {0, 0, 0, 0, 0, 0}, // 0x0269
    {0, 0, 0, 0, 0, 0}, // 0x026A
    {0, 0, 0, 0, 0, 0}, // 0x026B
    {0, 0, 0, 0, 0, 0}, // 0x026C
    {0, 0, 0, 0, 0, 0}, // 0x026D
    {0, 0, 0, 0, 0, 0}, // 0x026E
    {0, 0, 0, 0, 0, 0}, // 0x026F
    {0, 0, 0, 0, 0, 0}, // 0x0270
    {0, 0, 0, 0, 0, 0}, // 0x0271
    {0, 0, 0, 0, 0, 0}, // 0x0272
    {0, 0, 0, 0, 0, 0}, // 0x0273
    {0, 0, 0, 0, 0, 0}, // 0x0274
    {0, 0, 0, 0, 0, 0}, // 0x0275
    {0, 0, 0, 0, 0, 0}, // 0x0276
    {0, 0, 0, 0, 0, 0}, // 0x0277
    {0, 0, 0, 0, 0, 0}, // 0x0278
    {0, 0, 0, 0, 0, 0}, // 0x0279
    {0, 0, 0, 0, 0, 0}, // 0x027A
    {0, 0, 0, 0, 0, 0}, // 0x027B
    {0, 0, 0, 0, 0, 0}, // 0x027C
    {0, 0, 0, 0, 0, 0}, // 0x027D
    {0, 0, 0, 0, 0, 0}, // 0x027E
    {0, 0, 0, 0, 0, 0}, // 0x027F
    {0, 0, 0, 0, 0, 0}, // 0x0280
    {0, 0, 0, 0, 0, 0}, // 0x0281
    {0, 0, 0, 0, 0, 0}, // 0x0282
    {0, 0, 0, 0, 0, 0}, // 0x0283
    {0, 0, 0, 0, 0, 0}, // 0x0284
    {0, 0, 0, 0, 0, 0}, // 0x0285
    {0, 0, 0, 0, 0, 0}, // 0x0286
    {0, 0, 0, 0, 0, 0}, // 0x0287
    {0, 0, 0, 0, 0, 0}, // 0x0288
    {0, 0, 0, 0, 0, 0}, // 0x0289
    {0, 0, 0, 0, 0, 0}, // 0x028A
    {0, 0, 0, 0, 0, 0}, // 0x028B
    {0, 0, 0, 0, 0, 0}, // 0x028C
    {0, 0, 0, 0, 0, 0}, // 0x028D
    {0, 0, 0, 0, 0, 0}, // 0x028E
    {0, 0, 0, 0, 0, 0}, // 0x028F
    {0, 0, 0, 0, 0, 0}, // 0x0290
    {0, 0, 0, 0, 0, 0}, // 0x0291
    {0, 0, 0, 0, 0, 0}, // 0x0292
    {0, 0, 0, 0, 0, 0}, // 0x0293
    {0, 0, 0, 0, 0, 0}, // 0x0294
    {0, 0, 0, 0, 0, 0}, // 0x0295
    {0, 0, 0, 0, 0, 0}, // 0x0296
    {0, 0, 0, 0, 0, 0}, // 0x0297
    {0, 0, 0, 0, 0, 0}, // 0x0298
    {0, 0, 0, 0, 0, 0}, // 0x0299
    {0, 0, 0, 0, 0, 0}, // 0x029A
    {0, 0, 0, 0, 0, 0}, // 0x029B
    {0, 0, 0, 0, 0, 0}, // 0x029C
    {0, 0, 0, 0, 0, 0}, // 0x029D
    {0, 0, 0, 0, 0, 0}, // 0x029E
    {0, 0, 0, 0, 0, 0}, // 0x029F
    {0, 0, 0, 0, 0, 0}, // 0x02A0
    {0, 0, 0, 0, 0, 0}, // 0x02A1
    {0, 0, 0, 0, 0, 0}, // 0x02A2
    {0, 0, 0, 0, 0, 0}, // 0x02A3
    {0, 0, 0, 0, 0, 0}, // 0x02A4
    {0, 0, 0, 0, 0, 0}, // 0x02A5
    {0, 0, 0, 0, 0, 0}, // 0x02A6
    {0, 0, 0, 0, 0, 0}, // 0x02A7
    {0, 0, 0, 0, 0, 0}, // 0x02A8
    {0, 0, 0, 0, 0, 0}, // 0x02A9
    {0, 0, 0, 0, 0, 0}, // 0x02AA
    {0, 0, 0, 0, 0, 0}, // 0x02AB
    {0, 0, 0, 0, 0, 0}, // 0x02AC
    {0, 0, 0, 0, 0, 0}, // 0x02AD
    {0, 0, 0, 0, 0, 0}, // 0x02AE
    {0, 0, 0, 0, 0, 0}, // 0x02AF
    {0, 0, 0, 0, 0, 0}, // 0x02B0
    {0, 0, 0, 0, 0, 0}, // 0x02B1
    {0, 0, 0, 0, 0, 0}, // 0x02B2
    {0, 0, 0, 0, 0, 0}, // 0x02B3
    {0, 0, 0, 0, 0, 0}, // 0x02B4
    {0, 0, 0, 0, 0, 0}, // 0x02B5
    {0, 0, 0, 0, 0, 0}, // 0x02B6
    {0, 0, 0, 0, 0, 0}, // 0x02B7
    {0, 0, 0, 0, 0, 0}, // 0x02B8
    {0, 0, 0, 0, 0, 0}, // 0x02B9
    {0, 0, 0, 0, 0, 0}, // 0x02BA
    {0, 0, 0, 0, 0, 0}, // 0x02BB
    {0, 0, 0, 0, 0, 0}, // 0x02BC
    {0, 0, 0, 0, 0, 0}, // 0x02BD
    {0, 0, 0, 0, 0, 0}, // 0x02BE
    {0, 0, 0, 0, 0, 0}, // 0x02BF
    {0, 0, 0, 0, 0, 0}, // 0x02C0
    {0, 0, 0, 0, 0, 0}, // 0x02C1
    {0, 0, 0, 0, 0, 0}, // 0x02C2
    {0, 0, 0, 0, 0, 0}, // 0x02C3
    {0, 0, 0, 0, 0, 0}, // 0x02C4
    {0, 0, 0, 0, 0, 0}, // 0x02C5
    {0, 0, 0, 0, 0, 0}, // 0x02C6
    {0, 0, 0, 0, 0, 0}, // 0x02C7
    {0, 0, 0, 0, 0, 0}, // 0x02C8
    {0, 0, 0, 0, 0, 0}, // 0x02C9
    {0, 0, 0, 0, 0, 0}, // 0x02CA
    {0, 0, 0, 0, 0, 0}, // 0x02CB
    {0, 0, 0, 0, 0, 0}, // 0x02CC
    {0, 0, 0, 0, 0, 0}, // 0x02CD
    {0, 0, 0, 0, 0, 0}, // 0x02CE
    {0, 0, 0, 0, 0, 0}, // 0x02CF
    {0, 0, 0, 0, 0, 0}, // 0x02D0
    {0, 0, 0, 0, 0, 0}, // 0x02D1
    {0, 0, 0, 0, 0, 0}, // 0x02D2
    {0, 0, 0, 0, 0, 0}, // 0x02D3
    {0, 0, 0, 0, 0, 0}, // 0x02D4
    {0, 0, 0, 0, 0, 0}, // 0x02D5
    {0, 0, 0, 0, 0, 0}, // 0x02D6
    {0, 0, 0, 0, 0, 0}, // 0x02D7
    {0, 0, 0, 0, 0, 0}, // 0x02D8
    {0, 0, 0, 0, 0, 0}, // 0x02D9
    {0, 0, 0, 0, 0, 0}, // 0x02DA
    {0, 0, 0, 0, 0, 0}, // 0x02DB
    {0, 0, 0, 0, 0, 0}, // 0x02DC
    {0, 0, 0, 0, 0, 0}, // 0x02DD
    {0, 0, 0, 0, 0, 0}, // 0x02DE
    {0, 0, 0, 0, 0, 0}, // 0x02DF
    {0, 0, 0, 0, 0, 0}, // 0x02E0
    {0, 0, 0, 0, 0, 0}, // 0x02E1
    {0, 0, 0, 0, 0, 0}, // 0x02E2
    {0, 0, 0, 0, 0, 0}, // 0x02E3
    {0, 0, 0, 0, 0, 0}, // 0x02E4
    {0, 0, 0, 0, 0, 0}, // 0x02E5
    {0, 0, 0, 0, 0, 0}, // 0x02E6
    {0, 0, 0, 0, 0, 0}, // 0x02E7
    {0, 0, 0, 0, 0, 0}, // 0x02E8
    {0, 0, 0, 0, 0, 0}, // 0x02E9
    {0, 0, 0, 0, 0, 0}, // 0x02EA
    {0, 0, 0, 0, 0, 0}, // 0x02EB
    {0, 0, 0, 0, 0, 0}, // 0x02EC
    {0, 0, 0, 0, 0, 0}, // 0x02ED
    {0, 0, 0, 0, 0, 0}, // 0x02EE
    {0, 0, 0, 0, 0, 0}, // 0x02EF
    {0, 0, 0, 0, 0, 0}, // 0x02F0
    {0, 0, 0, 0, 0, 0}, // 0x02F1
    {0, 0, 0, 0, 0, 0}, // 0x02F2
    {0, 0, 0, 0, 0, 0}, // 0x02F3
    {0, 0, 0, 0, 0, 0}, // 0x02F4
    {0, 0, 0, 0, 0, 0}, // 0x02F5
    {0, 0, 0, 0, 0, 0}, // 0x02F6
    {0, 0, 0, 0, 0, 0}, // 0x02F7
    {0, 0, 0, 0, 0, 0}, // 0x02F8
    {0, 0, 0, 0, 0, 0}, // 0x02F9
    {0, 0, 0, 0, 0, 0}, // 0x02FA
    {0, 0, 0, 0, 0, 0}, // 0x02FB
    {0, 0, 0, 0, 0, 0}, // 0x02FC
    {0, 0, 0, 0, 0, 0}, // 0x02FD
    {0, 0, 0, 0, 0, 0}, // 0x02FE
    {0, 0, 0, 0, 0, 0}, // 0x02FF
    {0, 0, 0, 0, 0, 0}, // 0x0300
    {0, 0, 0, 0, 0, 0}, // 0x0301
    {0, 0, 0, 0, 0, 0}, // 0x0302
    {0, 0, 0, 0, 0, 0}, // 0x0303
    {0, 0, 0, 0, 0, 0}, // 0x0304
    {0, 0, 0, 0, 0, 0}, // 0x0305
    {0, 0, 0, 0, 0, 0}, // 0x0306
    {0, 0, 0, 0, 0, 0}, // 0x0307
    {0, 0, 0, 0, 0, 0}, // 0x0308
    {0, 0, 0, 0, 0, 0}, // 0x0309
    {0, 0, 0, 0, 0, 0}, // 0x030A
    {0, 0, 0, 0, 0, 0}, // 0x030B
    {0, 0, 0, 0, 0, 0}, // 0x030C
    {0, 0, 0, 0, 0, 0}, // 0x030D
    {0, 0, 0, 0, 0, 0}, // 0x030E
    {0, 0, 0, 0, 0, 0}, // 0x030F
    {0, 0, 0, 0, 0, 0}, // 0x0310
    {0, 0, 0, 0, 0, 0}, // 0x0311
    {0, 0, 0, 0, 0, 0}, // 0x0312
    {0, 0, 0, 0, 0, 0}, // 0x0313
    {0, 0, 0, 0, 0, 0}, // 0x0314
    {0, 0, 0, 0, 0, 0}, // 0x0315
    {0, 0, 0, 0, 0, 0}, // 0x0316
    {0, 0, 0, 0, 0, 0}, // 0x0317
    {0, 0, 0, 0, 0, 0}, // 0x0318
    {0, 0, 0, 0, 0, 0}, // 0x0319
    {0, 0, 0, 0, 0, 0}, // 0x031A
    {0, 0, 0, 0, 0, 0}, // 0x031B
    {0, 0, 0, 0, 0, 0}, // 0x031C
    {0, 0, 0, 0, 0, 0}, // 0x031D
    {0, 0, 0, 0, 0, 0}, // 0x031E
    {0, 0, 0, 0, 0, 0}, // 0x031F
    {0, 0, 0, 0, 0, 0}, // 0x0320
    {0, 0, 0, 0, 0, 0}, // 0x0321
    {0, 0, 0, 0, 0, 0}, // 0x0322
    {0, 0, 0, 0, 0, 0}, // 0x0323
    {0, 0, 0, 0, 0, 0}, // 0x0324
    {0, 0, 0, 0, 0, 0}, // 0x0325
    {0, 0, 0, 0, 0, 0}, // 0x0326
    {0, 0, 0, 0, 0, 0}, // 0x0327
    {0, 0, 0, 0, 0, 0}, // 0x0328
    {0, 0, 0, 0, 0, 0}, // 0x0329
    {0, 0, 0, 0, 0, 0}, // 0x032A
    {0, 0, 0, 0, 0, 0}, // 0x032B
    {0, 0, 0, 0, 0, 0}, // 0x032C
    {0, 0, 0, 0, 0, 0}, // 0x032D
    {0, 0, 0, 0, 0, 0}, // 0x032E
    {0, 0, 0, 0, 0, 0}, // 0x032F
    {0, 0, 0, 0, 0, 0}, // 0x0330
    {0, 0, 0, 0, 0, 0}, // 0x0331
    {0, 0, 0, 0, 0, 0}, // 0x0332
    {0, 0, 0, 0, 0, 0}, // 0x0333
    {0, 0, 0, 0, 0, 0}, // 0x0334
    {0, 0, 0, 0, 0, 0}, // 0x0335
    {0, 0, 0, 0, 0, 0}, // 0x0336
    {0, 0, 0, 0, 0, 0}, // 0x0337
    {0, 0, 0, 0, 0, 0}, // 0x0338
    {0, 0, 0, 0, 0, 0}, // 0x0339
    {0, 0, 0, 0, 0, 0}, // 0x033A
    {0, 0, 0, 0, 0, 0}, // 0x033B
    {0, 0, 0, 0, 0, 0}, // 0x033C
    {0, 0, 0, 0, 0, 0}, // 0x033D
    {0, 0, 0, 0, 0, 0}, // 0x033E
    {0, 0, 0, 0, 0, 0}, // 0x033F
    {0, 0, 0, 0, 0, 0}, // 0x0340
    {0, 0, 0, 0, 0, 0}, // 0x0341
    {0, 0, 0, 0, 0, 0}, // 0x0342
    {0, 0, 0, 0, 0, 0}, // 0x0343
    {0, 0, 0, 0, 0, 0}, // 0x0344
    {0, 0, 0, 0, 0, 0}, // 0x0345
    {0, 0, 0, 0, 0, 0}, // 0x0346
    {0, 0, 0, 0, 0, 0}, // 0x0347
    {0, 0, 0, 0, 0, 0}, // 0x0348
    {0, 0, 0, 0, 0, 0}, // 0x0349
    {0, 0, 0, 0, 0, 0}, // 0x034A
    {0, 0, 0, 0, 0, 0}, // 0x034B
    {0, 0, 0, 0, 0, 0}, // 0x034C
    {0, 0, 0, 0, 0, 0}, // 0x034D
    {0, 0, 0, 0, 0, 0}, // 0x034E
    {0, 0, 0, 0, 0, 0}, // 0x034F
    {0, 0, 0, 0, 0, 0}, // 0x0350
    {0, 0, 0, 0, 0, 0}, // 0x0351
    {0, 0, 0, 0, 0, 0}, // 0x0352
    {0, 0, 0, 0, 0, 0}, // 0x0353
    {0, 0, 0, 0, 0, 0}, // 0x0354
    {0, 0, 0, 0, 0, 0}, // 0x0355
    {0, 0, 0, 0, 0, 0}, // 0x0356
    {0, 0, 0, 0, 0, 0}, // 0x0357
    {0, 0, 0, 0, 0, 0}, // 0x0358
    {0, 0, 0, 0, 0, 0}, // 0x0359
    {0, 0, 0, 0, 0, 0}, // 0x035A
    {0, 0, 0, 0, 0, 0}, // 0x035B
    {0, 0, 0, 0, 0, 0}, // 0x035C
    {0, 0, 0, 0, 0, 0}, // 0x035D
    {0, 0, 0, 0, 0, 0}, // 0x035E
    {0, 0, 0, 0, 0, 0}, // 0x035F
    {0, 0, 0, 0, 0, 0}, // 0x0360
    {0, 0, 0, 0, 0, 0}, // 0x0361
    {0, 0, 0, 0, 0, 0}, // 0x0362
    {0, 0, 0, 0, 0, 0}, // 0x0363
    {0, 0, 0, 0, 0, 0}, // 0x0364
    {0, 0, 0, 0, 0, 0}, // 0x0365
    {0, 0, 0, 0, 0, 0}, // 0x0366
    {0, 0, 0, 0, 0, 0}, // 0x0367
    {0, 0, 0, 0, 0, 0}, // 0x0368
    {0, 0, 0, 0, 0, 0}, // 0x0369
    {0, 0, 0, 0, 0, 0}, // 0x036A
    {0, 0, 0, 0, 0, 0}, // 0x036B
    {0, 0, 0, 0, 0, 0}, // 0x036C
    {0, 0, 0, 0, 0, 0}, // 0x036D
    {0, 0, 0, 0, 0, 0}, // 0x036E
    {0, 0, 0, 0, 0, 0}, // 0x036F
    {0, 0, 0, 0, 0, 0}, // 0x0370
    {0, 0, 0, 0, 0, 0}, // 0x0371
    {0, 0, 0, 0, 0, 0}, // 0x0372
    {0, 0, 0, 0, 0, 0}, // 0x0373
    {0, 0, 0, 0, 0, 0}, // 0x0374
    {0, 0, 0, 0, 0, 0}, // 0x0375
    {0, 0, 0, 0, 0, 0}, // 0x0376
    {0, 0, 0, 0, 0, 0}, // 0x0377
    {0, 0, 0, 0, 0, 0}, // 0x0378
    {0, 0, 0, 0, 0, 0}, // 0x0379
    {0, 0, 0, 0, 0, 0}, // 0x037A
    {0, 0, 0, 0, 0, 0}, // 0x037B
    {0, 0, 0, 0, 0, 0}, // 0x037C
    {0, 0, 0, 0, 0, 0}, // 0x037D
    {0, 0, 0, 0, 0, 0}, // 0x037E
    {0, 0, 0, 0, 0, 0}, // 0x037F
    {0, 0, 0, 0, 0, 0}, // 0x0380
    {0, 0, 0, 0, 0, 0}, // 0x0381
    {0, 0, 0, 0, 0, 0}, // 0x0382
    {0, 0, 0, 0, 0, 0}, // 0x0383
    {0, 0, 0, 0, 0, 0}, // 0x0384
    {0, 0, 0, 0, 0, 0}, // 0x0385
    {0, 0, 0, 0, 0, 0}, // 0x0386
    {0, 0, 0, 0, 0, 0}, // 0x0387
    {0, 0, 0, 0, 0, 0}, // 0x0388
    {0, 0, 0, 0, 0, 0}, // 0x0389
    {0, 0, 0, 0, 0, 0}, // 0x038A
    {0, 0, 0, 0, 0, 0}, // 0x038B
    {0, 0, 0, 0, 0, 0}, // 0x038C
    {0, 0, 0, 0, 0, 0}, // 0x038D
    {0, 0, 0, 0, 0, 0}, // 0x038E
    {0, 0, 0, 0, 0, 0}, // 0x038F
    {0, 0, 0, 0, 0, 0}, // 0x0390
    {0, 0, 0, 0, 0, 0}, // 0x0391
    {0, 0, 0, 0, 0, 0}, // 0x0392
    {0, 0, 0, 0, 0, 0}, // 0x0393
    {0, 0, 0, 0, 0, 0}, // 0x0394
    {0, 0, 0, 0, 0, 0}, // 0x0395
    {0, 0, 0, 0, 0, 0}, // 0x0396
    {0, 0, 0, 0, 0, 0}, // 0x0397
    {0, 0, 0, 0, 0, 0}, // 0x0398
    {0, 0, 0, 0, 0, 0}, // 0x0399
    {0, 0, 0, 0, 0, 0}, // 0x039A
    {0, 0, 0, 0, 0, 0}, // 0x039B
    {0, 0, 0, 0, 0, 0}, // 0x039C
    {0, 0, 0, 0, 0, 0}, // 0x039D
    {0, 0, 0, 0, 0, 0}, // 0x039E
    {0, 0, 0, 0, 0, 0}, // 0x039F
    {0, 0, 0, 0, 0, 0}, // 0x03A0
    {0, 0, 0, 0, 0, 0}, // 0x03A1
    {0, 0, 0, 0, 0, 0}, // 0x03A2
    {0, 0, 0, 0, 0, 0}, // 0x03A3
    {0, 0, 0, 0, 0, 0}, // 0x03A4
    {0, 0, 0, 0, 0, 0}, // 0x03A5
    {0, 0, 0, 0, 0, 0}, // 0x03A6
    {0, 0, 0, 0, 0, 0}, // 0x03A7
    {0, 0, 0, 0, 0, 0}, // 0x03A8
    {0, 0, 0, 0, 0, 0}, // 0x03A9
    {0, 0, 0, 0, 0, 0}, // 0x03AA
    {0, 0, 0, 0, 0, 0}, // 0x03AB
    {0, 0, 0, 0, 0, 0}, // 0x03AC
    {0, 0, 0, 0, 0, 0}, // 0x03AD
    {0, 0, 0, 0, 0, 0}, // 0x03AE
    {0, 0, 0, 0, 0, 0}, // 0x03AF
    {0, 0, 0, 0, 0, 0}, // 0x03B0
    {0, 0, 0, 0, 0, 0}, // 0x03B1
    {0, 0, 0, 0, 0, 0}, // 0x03B2
    {0, 0, 0, 0, 0, 0}, // 0x03B3
    {0, 0, 0, 0, 0, 0}, // 0x03B4
    {0, 0, 0, 0, 0, 0}, // 0x03B5
    {0, 0, 0, 0, 0, 0}, // 0x03B6
    {0, 0, 0, 0, 0, 0}, // 0x03B7
    {0, 0, 0, 0, 0, 0}, // 0x03B8
    {0, 0, 0, 0, 0, 0}, // 0x03B9
    {0, 0, 0, 0, 0, 0}, // 0x03BA
    {0, 0, 0, 0, 0, 0}, // 0x03BB
    {0, 0, 0, 0, 0, 0}, // 0x03BC
    {0, 0, 0, 0, 0, 0}, // 0x03BD
    {0, 0, 0, 0, 0, 0}, // 0x03BE
    {0, 0, 0, 0, 0, 0}, // 0x03BF
    {0, 0, 0, 0, 0, 0}, // 0x03C0
    {0, 0, 0, 0, 0, 0}, // 0x03C1
    {0, 0, 0, 0, 0, 0}, // 0x03C2
    {0, 0, 0, 0, 0, 0}, // 0x03C3
    {0, 0, 0, 0, 0, 0}, // 0x03C4
    {0, 0, 0, 0, 0, 0}, // 0x03C5
    {0, 0, 0, 0, 0, 0}, // 0x03C6
    {0, 0, 0, 0, 0, 0}, // 0x03C7
    {0, 0, 0, 0, 0, 0}, // 0x03C8
    {0, 0, 0, 0, 0, 0}, // 0x03C9
    {0, 0, 0, 0, 0, 0}, // 0x03CA
    {0, 0, 0, 0, 0, 0}, // 0x03CB
    {0, 0, 0, 0, 0, 0}, // 0x03CC
    {0, 0, 0, 0, 0, 0}, // 0x03CD
    {0, 0, 0, 0, 0, 0}, // 0x03CE
    {0, 0, 0, 0, 0, 0}, // 0x03CF
    {0, 0, 0, 0, 0, 0}, // 0x03D0
    {0, 0, 0, 0, 0, 0}, // 0x03D1
    {0, 0, 0, 0, 0, 0}, // 0x03D2
    {0, 0, 0, 0, 0, 0}, // 0x03D3
    {0, 0, 0, 0, 0, 0}, // 0x03D4
    {0, 0, 0, 0, 0, 0}, // 0x03D5
    {0, 0, 0, 0, 0, 0}, // 0x03D6
    {0, 0, 0, 0, 0, 0}, // 0x03D7
    {0, 0, 0, 0, 0, 0}, // 0x03D8
    {0, 0, 0, 0, 0, 0}, // 0x03D9
    {0, 0, 0, 0, 0, 0}, // 0x03DA
    {0, 0, 0, 0, 0, 0}, // 0x03DB
    {0, 0, 0, 0, 0, 0}, // 0x03DC
    {0, 0, 0, 0, 0, 0}, // 0x03DD
    {0, 0, 0, 0, 0, 0}, // 0x03DE
    {0, 0, 0, 0, 0, 0}, // 0x03DF
    {0, 0, 0, 0, 0, 0}, // 0x03E0
    {0, 0, 0, 0, 0, 0}, // 0x03E1
    {0, 0, 0, 0, 0, 0}, // 0x03E2
    {0, 0, 0, 0, 0, 0}, // 0x03E3
    {0, 0, 0, 0, 0, 0}, // 0x03E4
    {0, 0, 0, 0, 0, 0}, // 0x03E5
    {0, 0, 0, 0, 0, 0}, // 0x03E6
    {0, 0, 0, 0, 0, 0}, // 0x03E7
    {0, 0, 0, 0, 0, 0}, // 0x03E8
    {0, 0, 0, 0, 0, 0}, // 0x03E9
    {0, 0, 0, 0, 0, 0}, // 0x03EA
    {0, 0, 0, 0, 0, 0}, // 0x03EB
    {0, 0, 0, 0, 0, 0}, // 0x03EC
    {0, 0, 0, 0, 0, 0}, // 0x03ED
    {0, 0, 0, 0, 0, 0}, // 0x03EE
    {0, 0, 0, 0, 0, 0}, // 0x03EF
    {0, 0, 0, 0, 0, 0}, // 0x03F0
    {0, 0, 0, 0, 0, 0}, // 0x03F1
    {0, 0, 0, 0, 0, 0}, // 0x03F2
    {0, 0, 0, 0, 0, 0}, // 0x03F3
    {0, 0, 0, 0, 0, 0}, // 0x03F4
    {0, 0, 0, 0, 0, 0}, // 0x03F5
    {0, 0, 0, 0, 0, 0}, // 0x03F6
    {0, 0, 0, 0, 0, 0}, // 0x03F7
    {0, 0, 0, 0, 0, 0}, // 0x03F8
    {0, 0, 0, 0, 0, 0}, // 0x03F9
    {0, 0, 0, 0, 0, 0}, // 0x03FA
    {0, 0, 0, 0, 0, 0}, // 0x03FB
    {0, 0, 0, 0, 0, 0}, // 0x03FC
    {0, 0, 0, 0, 0, 0}, // 0x03FD
    {0, 0, 0, 0, 0, 0}, // 0x03FE
    {0, 0, 0, 0, 0, 0}, // 0x03FF
    {6095, 9, 19, 13, 2, -19}, // 0x0400
    {6117, 9, 19, 13, 2, -19}, // 0x0401
    {6139, 14, 19, 16, 0, -15}, // 0x0402
    {6173, 9, 19, 12, 2, -19}, // 0x0403
    {6195, 12, 15, 14, 1, -15}, // 0x0404
    {6218, 10, 15, 13, 1, -15}, // 0x0405
    {6237, 2, 15, 6, 2, -15}, // 0x0406
    {6241, 6, 19, 6, 0, -19}, // 0x0407
    {6256, 5, 19, 6, -1, -15}, // 0x0408
    {6268, 20, 15, 22, 1, -15}, // 0x0409
    {6306, 17, 15, 21, 2, -15}, // 0x040A
    {6338, 14, 15, 16, 0, -15}, // 0x040B
    {6365, 12, 19, 14, 2, -19}, // 0x040C
    {6394, 11, 19, 15, 2, -19}, // 0x040D
    {6421, 12, 18, 12, 0, -18}, // 0x040E
    {6448, 10, 18, 15, 2, -15}, // 0x040F
    {6471, 13, 15, 14, 0, -15}, // 0x0410
    {6496, 10, 15, 14, 2, -15}, // 0x0411
    {6515, 10, 15, 14, 2, -15}, // 0x0412
    {6534, 9, 15, 12, 2, -15}, // 0x0413
    {6551, 14, 18, 16, 1, -15}, // 0x0414
    {6583, 9, 15, 13, 2, -15}, // 0x0415
    {6600, 20, 15, 22, 1, -15}, // 0x0416
    {6638, 10, 15, 13, 2, -15}, // 0x0417
    {6657, 11, 15, 15, 2, -15}, // 0x0418
    {6678, 11, 18, 15, 2, -18}, // 0x0419
    {6703, 12, 15, 14, 2, -15}, // 0x041A
    {6726, 13, 15, 15, 1, -15}, // 0x041B
    {6751, 13, 15, 17, 2, -15}, // 0x041C
    {6776, 11, 15, 15, 2, -15}, // 0x041D
    {6797, 14, 15, 16, 1, -15}, // 0x041E
    {6824, 11, 15, 15, 2, -15}, // 0x041F
    {6845, 9, 15, 12, 2, -15}, // 0x0420
    {6862, 12, 15, 14, 1, -15}, // 0x0421
    {6885, 12, 15, 12, 0, -15}, // 0x0422
    {6908, 12, 15, 12, 0, -15}, // 0x0423
    {6931, 14, 15, 17, 1, -15}, // 0x0424
    {6958, 12, 15, 14, 1, -15}, // 0x0425
    {6981, 13, 18, 16, 2, -15}, // 0x0426
    {7011, 10, 15, 14, 2, -15}, // 0x0427
    {7030, 18, 15, 21, 2, -15}, // 0x0428
    {7064, 20, 18, 22, 2, -15}, // 0x0429
    {7109, 14, 15, 17, 1, -15}, // 0x042A
    {7136, 14, 15, 18, 2, -15}, // 0x042B
    {7163, 10, 15, 14, 2, -15}, // 0x042C
    {7182, 12, 15, 14, 1, -15}, // 0x042D
    {7205, 18, 15, 22, 2, -15}, // 0x042E
    {7239, 11, 15, 14, 1, -15}, // 0x042F
    {7260, 9, 11, 12, 1, -11}, // 0x0430
    {7273, 10, 15, 12, 1, -16}, // 0x0431
    {7292, 9, 11, 12, 2, -11}, // 0x0432
    {7305, 8, 11, 11, 2, -11}, // 0x0433
    {7316, 12, 14, 14, 1, -11}, // 0x0434
    {7337, 10, 11, 12, 1, -11}, // 0x0435
    {7351, 16, 11, 18, 1, -11}, // 0x0436
    {7373, 8, 11, 11, 1, -11}, // 0x0437
    {7384, 9, 11, 13, 2, -11}, // 0x0438
    {7397, 9, 15, 13, 2, -15}, // 0x0439
    {7414, 10, 11, 12, 2, -11}, // 0x043A
    {7428, 10, 11, 13, 1, -11}, // 0x043B
    {7442, 11, 11, 15, 2, -11}, // 0x043C
    {7458, 9, 11, 13, 2, -11}, // 0x043D
    {7471, 10, 11, 12, 1, -11}, // 0x043E
    {7485, 9, 11, 13, 2, -11}, // 0x043F
    {7498, 10, 15, 13, 2, -11}, // 0x0440
    {7517, 9, 11, 11, 1, -11}, // 0x0441
    {7530, 10, 11, 12, 1, -11}, // 0x0442
    {7544, 11, 15, 12, 0, -11}, // 0x0443
    {7565, 14, 19, 17, 1, -15}, // 0x0444
    {7599, 11, 11, 12, 0, -11}, // 0x0445
    {7615, 11, 14, 14, 2, -11}, // 0x0446
    {7635, 9, 11, 12, 1, -11}, // 0x0447
    {7648, 14, 11, 18, 2, -11}, // 0x0448
    {7668, 16, 14, 19, 2, -11}, // 0x0449
    {7696, 12, 11, 14, 1, -11}, // 0x044A
    {7713, 12, 11, 16, 2, -11}, // 0x044B
    {7730, 9, 11, 12, 2, -11}, // 0x044C
    {7743, 9, 11, 11, 1, -11}, // 0x044D
    {7756, 14, 11, 17, 2, -11}, // 0x044E
    {7776, 10, 11, 12, 1, -11}, // 0x044F
    {7790, 10, 16, 12, 1, -16}, // 0x0450
    {7810, 10, 15, 12, 1, -15}, // 0x0451
    {7829, 11, 19, 12, 0, -15}, // 0x0452
    {7856, 8, 16, 11, 2, -16}, // 0x0453
    {7872, 9, 11, 11, 1, -11}, // 0x0454
    {7885, 8, 11, 10, 1, -11}, // 0x0455
    {7896, 2, 15, 6, 2, -15}, // 0x0456
    {7900, 6, 15, 6, 0, -15}, // 0x0457
    {7912, 4, 19, 6, 0, -15}, // 0x0458
    {7922, 16, 11, 18, 1, -11}, // 0x0459
    {7944, 15, 11, 18, 2, -11}, // 0x045A
    {7965, 11, 15, 13, 0, -15}, // 0x045B
    {7986, 10, 16, 12, 2, -16}, // 0x045C
    {8006, 9, 16, 13, 2, -16}, // 0x045D
    {8024, 11, 19, 12, 0, -15}, // 0x045E
    {8051, 8, 14, 13, 2, -11}, // 0x045F
    {0, 0, 0, 0, 0, 0}, // 0x0460
    {0, 0, 0, 0, 0, 0}, // 0x0461
    {0, 0, 0, 0, 0, 0}, // 0x0462
    {0, 0, 0, 0, 0, 0}, // 0x0463
    {0, 0, 0, 0, 0, 0}, // 0x0464
    {0, 0, 0, 0, 0, 0}, // 0x0465
    {0, 0, 0, 0, 0, 0}, // 0x0466
    {0, 0, 0, 0, 0, 0}, // 0x0467
    {0, 0, 0, 0, 0, 0}, // 0x0468
    {0, 0, 0, 0, 0, 0}, // 0x0469
    {0, 0, 0, 0, 0, 0}, // 0x046A
    {0, 0, 0, 0, 0, 0}, // 0x046B
    {0, 0, 0, 0, 0, 0}, // 0x046C
    {0, 0, 0, 0, 0, 0}, // 0x046D
    {0, 0, 0, 0, 0, 0}, // 0x046E
    {0, 0, 0, 0, 0, 0}, // 0x046F
    {0, 0, 0, 0, 0, 0}, // 0x0470
    {0, 0, 0, 0, 0, 0}, // 0x0471
    {0, 0, 0, 0, 0, 0}, // 0x0472
    {0, 0, 0, 0, 0, 0}, // 0x0473
    {0, 0, 0, 0, 0, 0}, // 0x0474
    {0, 0, 0, 0, 0, 0}, // 0x0475
    {0, 0, 0, 0, 0, 0}, // 0x0476
    {0, 0, 0, 0, 0, 0}, // 0x0477
    {0, 0, 0, 0, 0, 0}, // 0x0478
    {0, 0, 0, 0, 0, 0}, // 0x0479
    {0, 0, 0, 0, 0, 0}, // 0x047A
    {0, 0, 0, 0, 0, 0}, // 0x047B
    {0, 0, 0, 0, 0, 0}, // 0x047C
    {0, 0, 0, 0, 0, 0}, // 0x047D
    {0, 0, 0, 0, 0, 0}, // 0x047E
    {0, 0, 0, 0, 0, 0}, // 0x047F
    {0, 0, 0, 0, 0, 0}, // 0x0480
    {0, 0, 0, 0, 0, 0}, // 0x0481
    {0, 0, 0, 0, 0, 0}, // 0x0482
    {0, 0, 0, 0, 0, 0}, // 0x0483
    {0, 0, 0, 0, 0, 0}, // 0x0484
    {0, 0, 0, 0, 0, 0}, // 0x0485
    {0, 0, 0, 0, 0, 0}, // 0x0486
    {0, 0, 0, 0, 0, 0}, // 0x0487
    {0, 0, 0, 0, 0, 0}, // 0x0488
    {0, 0, 0, 0, 0, 0}, // 0x0489
    {0, 0, 0, 0, 0, 0}, // 0x048A
    {0, 0, 0, 0, 0, 0}, // 0x048B
    {0, 0, 0, 0, 0, 0}, // 0x048C
    {0, 0, 0, 0, 0, 0}, // 0x048D
    {0, 0, 0, 0, 0, 0}, // 0x048E
    {0, 0, 0, 0, 0, 0}, // 0x048F
    {8065, 9, 18, 12, 2, -18}, // 0x0490
    {8086, 8, 14, 11, 2, -14}, // 0x0491
};

// --- Small: em=14px, yAdvance=17, коди 0x0020..0x0491 ---
constexpr uint16_t kSmallFirst = 0x0020;
constexpr uint16_t kSmallLast = 0x0491;
constexpr uint8_t kSmallYAdvance = 17;

static const uint8_t kSmallBitmaps[] PROGMEM = {
    0xFC, 0xC0, 0xB6, 0xD0, 0x09, 0x02, 0x40, 0x91, 0xFF, 0x12, 0x04, 0x8F, 0xF8, 0x98, 0x24, 0x09,
    0x00, 0x10, 0x21, 0xF4, 0x99, 0x1A, 0x1F, 0x0B, 0x13, 0x25, 0xF0, 0x81, 0x00, 0x70, 0x88, 0x88,
    0x89, 0x08, 0xB0, 0x8A, 0xE7, 0x51, 0x0D, 0x10, 0x91, 0x11, 0x11, 0x0E, 0x38, 0x11, 0x04, 0x00,
    0x80, 0x50, 0x22, 0x18, 0x46, 0x0A, 0x43, 0x0F, 0x30, 0xF0, 0x69, 0x49, 0x24, 0x89, 0x10, 0x89,
    0x12, 0x49, 0x29, 0x40, 0x11, 0x25, 0xF1, 0xCD, 0x62, 0x00, 0x08, 0x04, 0x02, 0x01, 0x0F, 0xF8,
    0x40, 0x20, 0x10, 0x08, 0x00, 0x58, 0xF0, 0xC0, 0x08, 0xC4, 0x23, 0x10, 0x8C, 0x42, 0x31, 0x00,
    0x38, 0x8A, 0x0C, 0x18, 0x30, 0x60, 0xC1, 0x44, 0x70, 0x65, 0x08, 0x42, 0x10, 0x84, 0x27, 0xC0,
    0x7A, 0x30, 0x41, 0x0C, 0x21, 0x08, 0x43, 0xF0, 0x7D, 0x0C, 0x08, 0x13, 0xC0, 0xC0, 0x81, 0x86,
    0xF0, 0x0C, 0x28, 0x91, 0x24, 0x50, 0xBF, 0x82, 0x04, 0x08, 0xFD, 0x02, 0x07, 0xC8, 0x40, 0x40,
    0x81, 0x84, 0xF0, 0x3C, 0xC7, 0x04, 0x0B, 0xD8, 0xE0, 0xC1, 0x46, 0x78, 0xFE, 0x08, 0x10, 0x40,
    0x82, 0x04, 0x10, 0x20, 0x80, 0x7D, 0x8E, 0x0E, 0x33, 0x98, 0xE0, 0xC1, 0xC6, 0xF8, 0x79, 0x8A,
    0x0C, 0x1C, 0x6F, 0x40, 0x83, 0x8C, 0xF0, 0xC6, 0x50, 0x16, 0x00, 0x83, 0x8E, 0x1C, 0x0E, 0x01,
    0xC0, 0x1C, 0x01, 0xFF, 0x80, 0x00, 0x1F, 0xF0, 0x80, 0x38, 0x03, 0x80, 0x70, 0x38, 0x71, 0xC1,
    0x00, 0x74, 0x42, 0x33, 0x10, 0x80, 0x21, 0x00, 0x0F, 0x83, 0x04, 0x40, 0x24, 0xE9, 0x99, 0x99,
    0x09, 0x90, 0x99, 0x9A, 0x4E, 0xC4, 0x00, 0x30, 0x40, 0xF8, 0x08, 0x0A, 0x05, 0x04, 0x42, 0x21,
    0x11, 0xFC, 0x82, 0x41, 0x40, 0x40, 0xFE, 0x83, 0x81, 0x83, 0xFE, 0x83, 0x81, 0x81, 0x83, 0xFE,
    0x3E, 0x61, 0xC0, 0x80, 0x80, 0x80, 0x80, 0xC0, 0x61, 0x3E, 0xFC, 0x41, 0xA0, 0x70, 0x18, 0x0C,
    0x06, 0x03, 0x03, 0x83, 0x7E, 0x00, 0xFF, 0x02, 0x04, 0x0F, 0xF0, 0x20, 0x40, 0x81, 0xFC, 0xFE,
    0x08, 0x20, 0xFE, 0x08, 0x20, 0x82, 0x00, 0x1F, 0x30, 0x50, 0x10, 0x08, 0x04, 0x1E, 0x02, 0x81,
    0x60, 0x8F, 0x80, 0x81, 0x81, 0x81, 0x81, 0xFF, 0x81, 0x81, 0x81, 0x81, 0x81, 0xFF, 0xC0, 0x24,
    0x92, 0x49, 0x24, 0x9C, 0x83, 0x0A, 0x24, 0x8E, 0x14, 0x24, 0x44, 0x85, 0x04, 0x82, 0x08, 0x20,
    0x82, 0x08, 0x20, 0x83, 0xF0, 0xC0, 0xF0, 0x3A, 0x16, 0x85, 0x92, 0x64, 0x98, 0xC6, 0x31, 0x80,
    0x60, 0x10, 0xC1, 0xC1, 0xA1, 0x91, 0x91, 0x89, 0x89, 0x85, 0x83, 0x83, 0x3E, 0x31, 0xB0, 0x70,
    0x18, 0x0C, 0x06, 0x03, 0x83, 0x63, 0x1F, 0x00, 0xFD, 0x0E, 0x0C, 0x18, 0x7F, 0xA0, 0x40, 0x81,
    0x00, 0x3E, 0x31, 0xB0, 0x70, 0x18, 0x0C, 0x06, 0x03, 0x83, 0x63, 0x1F, 0x00, 0x80, 0x20, 0xFC,
    0x86, 0x82, 0x82, 0x86, 0xFC, 0x86, 0x82, 0x82, 0x81, 0x7D, 0x86, 0x04, 0x06, 0x03, 0x80, 0x81,
    0x86, 0xF8, 0xFF, 0x84, 0x02, 0x01, 0x00, 0x80, 0x40, 0x20, 0x10, 0x08, 0x04, 0x00, 0x81, 0x81,
    0x81, 0x81, 0x81, 0x81, 0x81, 0x81, 0x42, 0x3C, 0x80, 0xA0, 0x90, 0x48, 0x22, 0x21, 0x10, 0x50,
    0x28, 0x14, 0x04, 0x00, 0x82, 0x0C, 0x28, 0x51, 0x44, 0x8A, 0x24, 0x51, 0x14, 0x50, 0xA2, 0x85,
    0x14, 0x28, 0xA0, 0x82, 0x00, 0xC1, 0xA0, 0x88, 0x82, 0x80, 0x80, 0xC0, 0x50, 0x44, 0x41, 0x60,
    0xC0, 0xC1, 0xA0, 0x88, 0x84, 0x41, 0x40, 0x40, 0x20, 0x10, 0x08, 0x04, 0x00, 0xFF, 0x01, 0x02,
    0x04, 0x08, 0x10, 0x20, 0x40, 0x80, 0xFF, 0xF2, 0x49, 0x24, 0x92, 0x70, 0x86, 0x10, 0x86, 0x10,
    0x86, 0x10, 0x86, 0x10, 0xE4, 0x92, 0x49, 0x24, 0xF0, 0x1C, 0x1B, 0x18, 0xD8, 0x30, 0xFE, 0x90,
    0x7A, 0x10, 0x5F, 0x86, 0x18, 0xDD, 0x81, 0x02, 0x05, 0xCC, 0x50, 0x60, 0xC1, 0x83, 0x8A, 0xE0,
    0x39, 0x18, 0x20, 0x82, 0x04, 0x4E, 0x02, 0x04, 0x09, 0xD4, 0x70, 0x60, 0xC1, 0x82, 0x8C, 0xE8,
    0x3C, 0x8E, 0x0F, 0xF8, 0x10, 0x10, 0x9E, 0x34, 0x4F, 0x44, 0x44, 0x44, 0x40, 0x3A, 0x8E, 0x0C,
    0x18, 0x30, 0x51, 0x9D, 0x02, 0x8C, 0xF0, 0x81, 0x02, 0x05, 0xEC, 0x70, 0x60, 0xC1, 0x83, 0x06,
    0x08, 0xDF, 0xE0, 0x24, 0x12, 0x49, 0x24, 0x93, 0x80, 0x82, 0x08, 0x21, 0x8A, 0x4E, 0x28, 0x92,
    0x28, 0x40, 0xFF, 0xE0, 0xB9, 0xD8, 0xC6, 0x10, 0xC2, 0x18, 0x43, 0x08, 0x61, 0x0C, 0x21, 0xBD,
    0x8E, 0x0C, 0x18, 0x30, 0x60, 0xC1, 0x38, 0x8A, 0x0C, 0x18, 0x30, 0x51, 0x1C, 0xB9, 0x8A, 0x0C,
    0x18, 0x30, 0x71, 0x5C, 0x81, 0x02, 0x00, 0x3A, 0x8E, 0x0C, 0x18, 0x30, 0x51, 0x9D, 0x02, 0x04,
    0x08, 0xBC, 0x88, 0x88, 0x88, 0x7A, 0x18, 0x38, 0x1C, 0x18, 0x5E, 0x42, 0x3E, 0x84, 0x21, 0x08,
    0x41, 0xC0, 0x83, 0x06, 0x0C, 0x18, 0x30, 0x71, 0xBD, 0x04, 0x18, 0xA2, 0x89, 0x45, 0x08, 0x88,
    0xC4, 0x62, 0x2A, 0xA5, 0x52, 0xA8, 0x88, 0x44, 0x06, 0x25, 0x08, 0x21, 0x48, 0x81, 0x04, 0x18,
    0xA2, 0x51, 0x42, 0x08, 0x21, 0x08, 0x00, 0xFC, 0x10, 0x84, 0x21, 0x08, 0x3F, 0x19, 0x08, 0x42,
    0x13, 0x04, 0x21, 0x08, 0x41, 0x80, 0xFF, 0xFC, 0xC1, 0x08, 0x42, 0x10, 0x64, 0x21, 0x08, 0x4C,
    0x00, 0x78, 0xC7, 0x80, 0xCF, 0xC0, 0x10, 0x43, 0x95, 0x92, 0x49, 0x24, 0x54, 0xE1, 0x04, 0x1C,
    0x44, 0x81, 0x02, 0x0F, 0x88, 0x10, 0x21, 0xFC, 0x81, 0x7E, 0x66, 0x42, 0x42, 0x66, 0x7E, 0x81,
    0x82, 0x89, 0x11, 0x4E, 0xE2, 0x3F, 0x88, 0x10, 0x20, 0xF9, 0xF0, 0x7E, 0x0C, 0x1C, 0x8E, 0x16,
    0x4E, 0x0C, 0x1F, 0x80, 0xA0, 0x1E, 0x18, 0x65, 0xEA, 0xC1, 0xA0, 0x68, 0x1B, 0x05, 0x7A, 0x61,
    0x87, 0x80, 0x70, 0x5F, 0x18, 0xBC, 0x1F, 0x25, 0xBD, 0xB6, 0x6C, 0x90, 0xFF, 0x80, 0x40, 0x20,
    0x10, 0x1E, 0x18, 0x65, 0xEA, 0x49, 0x9C, 0x65, 0x19, 0x25, 0x4E, 0x61, 0x87, 0x80, 0x69, 0x96,
    0x08, 0x04, 0x02, 0x1F, 0xF0, 0x80, 0x40, 0x20, 0x00, 0xFF, 0x80, 0xE1, 0x12, 0x4F, 0xF1, 0x61,
    0x1E, 0x60, 0x82, 0x82, 0x82, 0x82, 0x82, 0x82, 0xC6, 0xFB, 0x80, 0x80, 0x80, 0x7F, 0xDF, 0x7D,
    0x74, 0xD1, 0x45, 0x14, 0x51, 0x40, 0xC0, 0x47, 0x80, 0xC9, 0x25, 0xC0, 0x74, 0x63, 0x18, 0xB8,
    0x1F, 0x93, 0x66, 0xDB, 0xDA, 0x40, 0xC0, 0x84, 0x10, 0x43, 0x04, 0x20, 0x44, 0x2E, 0x46, 0x08,
    0xA1, 0x92, 0x11, 0xF2, 0x02, 0xC0, 0x84, 0x10, 0x43, 0x04, 0x20, 0x44, 0x0E, 0x4E, 0x08, 0x11,
    0x81, 0x10, 0x22, 0x04, 0x00, 0xF0, 0xF0, 0x81, 0x10, 0x63, 0x01, 0x20, 0x14, 0x2E, 0x46, 0x08,
    0xA1, 0x92, 0x11, 0xF2, 0x02, 0x21, 0x00, 0x42, 0x11, 0x10, 0x84, 0x5C, 0x10, 0x04, 0x00, 0x01,
    0x01, 0x40, 0xA0, 0x88, 0x44, 0x22, 0x3F, 0x90, 0x48, 0x28, 0x08, 0x04, 0x04, 0x00, 0x01, 0x01,
    0x40, 0xA0, 0x88, 0x44, 0x22, 0x3F, 0x90, 0x48, 0x28, 0x08, 0x08, 0x0A, 0x00, 0x01, 0x01, 0x40,
    0xA0, 0x88, 0x44, 0x22, 0x3F, 0x90, 0x48, 0x28, 0x08, 0x3A, 0x17, 0x00, 0x01, 0x01, 0x40, 0xA0,
    0x88, 0x44, 0x22, 0x3F, 0x90, 0x48, 0x28, 0x08, 0x14, 0x00, 0x02, 0x02, 0x81, 0x41, 0x10, 0x88,
    0x44, 0x7F, 0x20, 0x90, 0x50, 0x10, 0x1C, 0x0A, 0x05, 0x01, 0x00, 0x80, 0xA0, 0x50, 0x44, 0x22,
    0x3F, 0x90, 0x48, 0x28, 0x08, 0x0F, 0xF8, 0x50, 0x04, 0x80, 0x24, 0x02, 0x3F, 0x91, 0x01, 0xF8,
    0x08, 0x40, 0x42, 0x04, 0x1F, 0xC0, 0x3E, 0x61, 0xC0, 0x80, 0x80, 0x80, 0x80, 0xC0, 0x61, 0x3E,
    0x08, 0x04, 0x1C, 0x20, 0x20, 0x07, 0xF8, 0x10, 0x20, 0x7F, 0x81, 0x02, 0x04, 0x0F, 0xE0, 0x08,
    0x20, 0x07, 0xF8, 0x10, 0x20, 0x7F, 0x81, 0x02, 0x04, 0x0F, 0xE0, 0x18, 0x48, 0x07, 0xF8, 0x10,
    0x20, 0x7F, 0x81, 0x02, 0x04, 0x0F, 0xE0, 0x28, 0x03, 0xFC, 0x08, 0x10, 0x3F, 0xC0, 0x81, 0x02,
    0x07, 0xF0, 0x92, 0xAA, 0xAA, 0x80, 0x28, 0x49, 0x24, 0x92, 0x48, 0xEB, 0x04, 0x44, 0x44, 0x44,
    0x44, 0x40, 0xA1, 0x24, 0x92, 0x49, 0x20, 0x7E, 0x10, 0x64, 0x09, 0x01, 0xF0, 0x50, 0x14, 0x05,
    0x02, 0x41, 0x9F, 0x80, 0x34, 0x2C, 0x00, 0xC1, 0xC1, 0xA1, 0x91, 0x91, 0x89, 0x89, 0x85, 0x83,
    0x83, 0x10, 0x04, 0x00, 0x07, 0xC6, 0x36, 0x0E, 0x03, 0x01, 0x80, 0xC0, 0x70, 0x6C, 0x63, 0xE0,
    0x04, 0x04, 0x00, 0x07, 0xC6, 0x36, 0x0E, 0x03, 0x01, 0x80, 0xC0, 0x70, 0x6C, 0x63, 0xE0, 0x08,
    0x0A, 0x00, 0x07, 0xC6, 0x36, 0x0E, 0x03, 0x01, 0x80, 0xC0, 0x70, 0x6C, 0x63, 0xE0, 0x3A, 0x17,
    0x00, 0x07, 0xC6, 0x36, 0x0E, 0x03, 0x01, 0x80, 0xC0, 0x70, 0x6C, 0x63, 0xE0, 0x14, 0x00, 0x0F,
    0x8C, 0x6C, 0x1C, 0x06, 0x03, 0x01, 0x80, 0xE0, 0xD8, 0xC7, 0xC0, 0x81, 0x42, 0x24, 0x18, 0x18,
    0x24, 0x42, 0x81, 0x3E, 0xB1, 0xB0, 0xD0, 0x98, 0x8C, 0x46, 0x42, 0xC2, 0x63, 0x5F, 0x00, 0x10,
    0x08, 0x00, 0x81, 0x81, 0x81, 0x81, 0x81, 0x81, 0x81, 0x81, 0x42, 0x3C, 0x04, 0x08, 0x00, 0x81,
    0x81, 0x81, 0x81, 0x81, 0x81, 0x81, 0x81, 0x42, 0x3C, 0x18, 0x24, 0x00, 0x81, 0x81, 0x81, 0x81,
    0x81, 0x81, 0x81, 0x81, 0x42, 0x3C, 0x24, 0x00, 0x81, 0x81, 0x81, 0x81, 0x81, 0x81, 0x81, 0x81,
    0x42, 0x3C, 0x04, 0x04, 0x00, 0x18, 0x34, 0x11, 0x10, 0x88, 0x28, 0x08, 0x04, 0x02, 0x01, 0x00,
    0x80, 0x81, 0xFA, 0x1C, 0x18, 0x30, 0xFF, 0x40, 0x81, 0x00, 0x79, 0x8A, 0x14, 0xC9, 0x12, 0x27,
    0x43, 0x83, 0x06, 0xF0, 0x20, 0x40, 0x1E, 0x84, 0x17, 0xE1, 0x86, 0x37, 0x40, 0x08, 0x40, 0x1E,
    0x84, 0x17, 0xE1, 0x86, 0x37, 0x40, 0x31, 0x20, 0x1E, 0x84, 0x17, 0xE1, 0x86, 0x37, 0x40, 0x69,
    0x60, 0x1E, 0x84, 0x17, 0xE1, 0x86, 0x37, 0x40, 0x48, 0x00, 0x1E, 0x84, 0x17, 0xE1, 0x86, 0x37,
    0x40, 0x31, 0x24, 0x8C, 0x01, 0xE8, 0x41, 0x7E, 0x18, 0x63, 0x74, 0x7B, 0xE8, 0x62, 0x04, 0x17,
    0xFF, 0x84, 0x08, 0x40, 0x8A, 0x17, 0x1E, 0x39, 0x18, 0x20, 0x82, 0x04, 0x4E, 0x10, 0x23, 0x80,
    0x20, 0x20, 0x01, 0xE4, 0x70, 0x7F, 0xC0, 0x80, 0x84, 0xF0, 0x08, 0x20, 0x01, 0xE4, 0x70, 0x7F,
    0xC0, 0x80, 0x84, 0xF0, 0x28, 0x88, 0x01, 0xE4, 0x70, 0x7F, 0xC0, 0x80, 0x84, 0xF0, 0x28, 0x00,
    0x01, 0xE4, 0x70, 0x7F, 0xC0, 0x80, 0x84, 0xF0, 0x91, 0x55, 0x54, 0x62, 0xAA, 0xA8, 0x54, 0x40,
    0x42, 0x10, 0x84, 0x21, 0x08, 0xA0, 0x24, 0x92, 0x49, 0x00, 0x70, 0x10, 0xF2, 0x38, 0x30, 0x60,
    0xC1, 0x44, 0x70, 0x74, 0xB8, 0x05, 0xEC, 0x70, 0x60, 0xC1, 0x83, 0x06, 0x08, 0x20, 0x20, 0x01,
    0xC4, 0x50, 0x60, 0xC1, 0x82, 0x88, 0xE0, 0x08, 0x20, 0x01, 0xC4, 0x50, 0x60, 0xC1, 0x82, 0x88,
    0xE0, 0x30, 0x50, 0x01, 0xC4, 0x50, 0x60, 0xC1, 0x82, 0x88, 0xE0, 0x74, 0xB8, 0x01, 0xC4, 0x50,
    0x60, 0xC1, 0x82, 0x88, 0xE0, 0x28, 0x00, 0x01, 0xC4, 0x50, 0x60, 0xC1, 0x82, 0x88, 0xE0, 0x0C,
    0x03, 0x00, 0x03, 0xFF, 0x00, 0x03, 0x00, 0xC0, 0x3A, 0x8A, 0x2C, 0x99, 0x34, 0x51, 0x5C, 0x20,
    0x20, 0x04, 0x18, 0x30, 0x60, 0xC1, 0x83, 0x8D, 0xE8, 0x08, 0x20, 0x04, 0x18, 0x30, 0x60, 0xC1,
    0x83, 0x8D, 0xE8, 0x30, 0x50, 0x04, 0x18, 0x30, 0x60, 0xC1, 0x83, 0x8D, 0xE8, 0x28, 0x00, 0x04,
    0x18, 0x30, 0x60, 0xC1, 0x83, 0x8D, 0xE8, 0x08, 0x40, 0x01, 0x06, 0x28, 0x94, 0x50, 0x82, 0x08,
    0x42, 0x00, 0x81, 0x02, 0x05, 0xCC, 0x50, 0x60, 0xC1, 0x83, 0x8A, 0xE4, 0x08, 0x10, 0x00, 0x50,
    0x00, 0x01, 0x06, 0x28, 0x94, 0x50, 0x82, 0x08, 0x42, 0x00, 0x08, 0x0A, 0x05, 0x04, 0x42, 0x21,
    0x11, 0xFC, 0x82, 0x41, 0x40, 0x40, 0x7A, 0x10, 0x5F, 0x86, 0x18, 0xDD, 0x14, 0x0E, 0x00, 0x01,
    0x01, 0x40, 0xA0, 0x88, 0x44, 0x22, 0x3F, 0x90, 0x48, 0x28, 0x08, 0x48, 0xC0, 0x1E, 0x84, 0x17,
    0xE1, 0x86, 0x37, 0x40, 0x08, 0x05, 0x01, 0x40, 0x88, 0x22, 0x08, 0x87, 0xF1, 0x04, 0x41, 0x20,
    0x20, 0x10, 0x04, 0x01, 0xC0, 0x79, 0x08, 0x13, 0xE8, 0x50, 0xA3, 0x3A, 0x08, 0x10, 0x38, 0x04,
    0x08, 0x00, 0x3E, 0x61, 0xC0, 0x80, 0x80, 0x80, 0x80, 0xC0, 0x61, 0x3E, 0x08, 0x40, 0x0E, 0x46,
    0x08, 0x20, 0x81, 0x13, 0x80, 0x0C, 0x12, 0x00, 0x3E, 0x61, 0xC0, 0x80, 0x80, 0x80, 0x80, 0xC0,
    0x61, 0x3E, 0x31, 0x20, 0x0E, 0x46, 0x08, 0x20, 0x81, 0x13, 0x80, 0x08, 0x00, 0x3E, 0x61, 0xC0,
    0x80, 0x80, 0x80, 0x80, 0xC0, 0x61, 0x3E, 0x10, 0x40, 0x0E, 0x46, 0x08, 0x20, 0x81, 0x13, 0x80,
    0x12, 0x0C, 0x00, 0x3E, 0x61, 0xC0, 0x80, 0x80, 0x80, 0x80, 0xC0, 0x61, 0x3E, 0x30, 0xC0, 0x0E,
    0x46, 0x08, 0x20, 0x81, 0x13, 0x80, 0x12, 0x06, 0x00, 0x1F, 0x88, 0x34, 0x0E, 0x03, 0x01, 0x80,
    0xC0, 0x60, 0x70, 0x6F, 0xC0, 0x02, 0x40, 0x90, 0x24, 0xE8, 0x46, 0x20, 0x88, 0x22, 0x08, 0x82,
    0x11, 0x83, 0xA0, 0x7E, 0x10, 0x64, 0x09, 0x01, 0xF0, 0x50, 0x14, 0x05, 0x02, 0x41, 0x9F, 0x80,
    0x02, 0x0F, 0x02, 0x3A, 0x46, 0x82, 0x82, 0x82, 0x82, 0x46, 0x3A, 0xFF, 0x02, 0x04, 0x0F, 0xF0,
    0x20, 0x40, 0x81, 0xFC, 0x3C, 0x8E, 0x0F, 0xF8, 0x10, 0x10, 0x9E, 0x24, 0x30, 0x07, 0xF8, 0x10,
    0x20, 0x7F, 0x81, 0x02, 0x04, 0x0F, 0xE0, 0x48, 0x60, 0x01, 0xE4, 0x70, 0x7F, 0xC0, 0x80, 0x84,
    0xF0, 0x10, 0x03, 0xFC, 0x08, 0x10, 0x3F, 0xC0, 0x81, 0x02, 0x07, 0xF0, 0x10, 0x20, 0x01, 0xE4,
    0x70, 0x7F, 0xC0, 0x80, 0x84, 0xF0, 0xFF, 0x02, 0x04, 0x0F, 0xF0, 0x20, 0x40, 0x81, 0xFC, 0x20,
    0x40, 0xE0, 0x3C, 0x8E, 0x0F, 0xF8, 0x10, 0x10, 0x9E, 0x08, 0x10, 0x38, 0x24, 0x30, 0x07, 0xF8,
    0x10, 0x20, 0x7F, 0x81, 0x02, 0x04, 0x0F, 0xE0, 0x30, 0x20, 0x01, 0xE4, 0x70, 0x7F, 0xC0, 0x80,
    0x84, 0xF0, 0x04, 0x05, 0x00, 0x03, 0xE6, 0x0A, 0x02, 0x01, 0x00, 0x83, 0xC0, 0x50, 0x2C, 0x11,
    0xF0, 0x28, 0x50, 0x01, 0xD4, 0x70, 0x60, 0xC1, 0x82, 0x8C, 0xE8, 0x14, 0x67, 0x80, 0x12, 0x06,
    0x00, 0x03, 0xE6, 0x0A, 0x02, 0x01, 0x00, 0x83, 0xC0, 0x50, 0x2C, 0x11, 0xF0, 0x48, 0x60, 0x01,
    0xD4, 0x70, 0x60, 0xC1, 0x82, 0x8C, 0xE8, 0x14, 0x67, 0x80, 0x08, 0x00, 0x07, 0xCC, 0x14, 0x04,
    0x02, 0x01, 0x07, 0x80, 0xA0, 0x58, 0x23, 0xE0, 0x10, 0x20, 0x01, 0xD4, 0x70, 0x60, 0xC1, 0x82,
    0x8C, 0xE8, 0x14, 0x67, 0x80, 0x1F, 0x30, 0x50, 0x10, 0x08, 0x04, 0x1E, 0x02, 0x81, 0x60, 0x8F,
    0x80, 0x01, 0x00, 0x80, 0x08, 0x20, 0x01, 0xD4, 0x70, 0x60, 0xC1, 0x82, 0x8C, 0xE8, 0x14, 0x67,
    0x80, 0x18, 0x24, 0x00, 0x81, 0x81, 0x81, 0x81, 0xFF, 0x81, 0x81, 0x81, 0x81, 0x81, 0x70, 0x6C,
    0x00, 0x04, 0x02, 0x01, 0x78, 0xC6, 0x41, 0x20, 0x90, 0x48, 0x24, 0x12, 0x08, 0x40, 0xBF, 0xF4,
    0x09, 0x02, 0x7F, 0x90, 0x24, 0x09, 0x02, 0x40, 0x90, 0x20, 0x40, 0xF8, 0x40, 0x5E, 0x63, 0x41,
    0x41, 0x41, 0x41, 0x41, 0x41, 0xED, 0xC0, 0x42, 0x10, 0x84, 0x21, 0x08, 0x42, 0x00, 0xED, 0xC0,
    0x42, 0x10, 0x84, 0x21, 0x08, 0xFF, 0xC0, 0xFF, 0x8B, 0x80, 0x42, 0x10, 0x84, 0x21, 0x08, 0x42,
    0x00, 0x8B, 0x80, 0x42, 0x10, 0x84, 0x21, 0x08, 0x92, 0x49, 0x24, 0x92, 0x4E, 0x90, 0x49, 0x24,
    0x92, 0x49, 0xC0, 0xBF, 0xF0, 0xFF, 0x8C, 0x63, 0x18, 0xC6, 0x31, 0x8C, 0x42, 0x13, 0x00, 0x8C,
    0x41, 0x18, 0xC6, 0x31, 0x8C, 0x62, 0x10, 0x98, 0x76, 0xC0, 0x42, 0x10, 0x84, 0x21, 0x08, 0x42,
    0x10, 0x98, 0x54, 0x40, 0x42, 0x10, 0x84, 0x21, 0x08, 0x42, 0x60, 0x83, 0x0A, 0x24, 0x8E, 0x14,
    0x24, 0x44, 0x85, 0x04, 0x00, 0x40, 0x80, 0x82, 0x08, 0x21, 0x8A, 0x4E, 0x28, 0x92, 0x28, 0x40,
    0x10, 0x40, 0x86, 0x29, 0x38, 0xA2, 0x48, 0xA1, 0x21, 0x00, 0x20, 0x82, 0x08, 0x20, 0x82, 0x08,
    0x20, 0xFC, 0x62, 0xAA, 0xAA, 0xA0, 0x82, 0x08, 0x20, 0x82, 0x08, 0x20, 0x83, 0xF0, 0x04, 0x10,
    0xFF, 0xEC, 0x0A, 0x28, 0xA0, 0x82, 0x08, 0x20, 0x82, 0x0F, 0xC0, 0x99, 0x98, 0x88, 0x88, 0x88,
    0x80, 0x82, 0x08, 0x21, 0x86, 0x08, 0x20, 0x83, 0xF0, 0x92, 0x4B, 0x64, 0x92, 0x00, 0x20, 0x20,
    0x20, 0x2C, 0x30, 0x60, 0xE0, 0x20, 0x20, 0x3F, 0x49, 0x26, 0xB2, 0x49, 0x00, 0x08, 0x10, 0x00,
    0xC1, 0xC1, 0xA1, 0x91, 0x91, 0x89, 0x89, 0x85, 0x83, 0x83, 0x10, 0x40, 0x05, 0xEC, 0x70, 0x60,
    0xC1, 0x83, 0x06, 0x08, 0xC1, 0xC1, 0xA1, 0x91, 0x91, 0x89, 0x89, 0x85, 0x83, 0x83, 0x00, 0x08,
    0x08, 0xBD, 0x8E, 0x0C, 0x18, 0x30, 0x60, 0xC1, 0x00, 0x20, 0x40, 0x24, 0x18, 0xC1, 0xC1, 0xA1,
    0x91, 0x91, 0x89, 0x89, 0x85, 0x83, 0x83, 0x30, 0x20, 0x05, 0xEC, 0x70, 0x60, 0xC1, 0x83, 0x06,
    0x08, 0x40, 0x20, 0x2B, 0xC6, 0x32, 0x09, 0x04, 0x82, 0x41, 0x20, 0x90, 0x40, 0xBC, 0xC2, 0x81,
    0x81, 0x81, 0x81, 0x81, 0x81, 0x81, 0x81, 0x01, 0x01, 0x06, 0xBD, 0x8E, 0x0C, 0x18, 0x30, 0x60,
    0xC1, 0x02, 0x04, 0x70, 0x3E, 0x31, 0xB0, 0x70, 0x18, 0x0C, 0x06, 0x03, 0x83, 0x63, 0x1F, 0x00,
    0x38, 0x8A, 0x0C, 0x18, 0x30, 0x51, 0x1C, 0x14, 0x0E, 0x00, 0x07, 0xC6, 0x36, 0x0E, 0x03, 0x01,
    0x80, 0xC0, 0x70, 0x6C, 0x63, 0xE0, 0x28, 0x70, 0x01, 0xC4, 0x50, 0x60, 0xC1, 0x82, 0x88, 0xE0,
    0x0A, 0x0A, 0x00, 0x00, 0x03, 0xE3, 0x1B, 0x07, 0x01, 0x80, 0xC0, 0x60, 0x38, 0x36, 0x31, 0xF0,
    0x24, 0x50, 0x01, 0xC4, 0x50, 0x60, 0xC1, 0x82, 0x88, 0xE0, 0x1F, 0xFB, 0x10, 0x30, 0x81, 0x04,
    0x08, 0x3F, 0xC1, 0x02, 0x08, 0x18, 0x40, 0x62, 0x00, 0xFF, 0xC0, 0x38, 0xF2, 0x28, 0xE0, 0x83,
    0x07, 0xF8, 0x20, 0x41, 0x01, 0x14, 0x27, 0x1E, 0x08, 0x10, 0x00, 0xFC, 0x86, 0x82, 0x82, 0x86,
    0xFC, 0x86, 0x82, 0x82, 0x81, 0x12, 0x0B, 0xC8, 0x88, 0x88, 0x80, 0xFC, 0x86, 0x82, 0x82, 0x86,
    0xFC, 0x86, 0x82, 0x82, 0x81, 0x00, 0x08, 0x08, 0xBC, 0x88, 0x88, 0x88, 0x08, 0x80, 0x24, 0x18,
    0x00, 0xFC, 0x86, 0x82, 0x82, 0x86, 0xFC, 0x86, 0x82, 0x82, 0x81, 0x66, 0x0B, 0xC8, 0x88, 0x88,
    0x80, 0x08, 0x20, 0x03, 0xEC, 0x30, 0x20, 0x30, 0x1C, 0x04, 0x0C, 0x37, 0xC0, 0x10, 0x80, 0x1E,
    0x86, 0x0E, 0x07, 0x06, 0x17, 0x80, 0x10, 0x50, 0x03, 0xEC, 0x30, 0x20, 0x30, 0x1C, 0x04, 0x0C,
    0x37, 0xC0, 0x31, 0x20, 0x1E, 0x86, 0x0E, 0x07, 0x06, 0x17, 0x80, 0x7D, 0x86, 0x04, 0x06, 0x03,
    0x80, 0x81, 0x86, 0xF8, 0x40, 0x43, 0x80, 0x7A, 0x18, 0x38, 0x1C, 0x18, 0x5E, 0x20, 0x47, 0x00,
    0x28, 0x20, 0x03, 0xEC, 0x30, 0x20, 0x30, 0x1C, 0x04, 0x0C, 0x37, 0xC0, 0x30, 0x07, 0xA1, 0x83,
    0x81, 0xC1, 0x85, 0xE0, 0xFF, 0x84, 0x02, 0x01, 0x00, 0x80, 0x40, 0x20, 0x10, 0x08, 0x04, 0x02,
    0x00, 0x81, 0xC0, 0x42, 0x3E, 0x84, 0x21, 0x08, 0x41, 0xC4, 0x13, 0x80, 0x14, 0x04, 0x00, 0x1F,
    0xF0, 0x80, 0x40, 0x20, 0x10, 0x08, 0x04, 0x02, 0x01, 0x00, 0x80, 0x08, 0x52, 0x8F, 0xA1, 0x08,
    0x42, 0x10, 0x70, 0xFF, 0x84, 0x02, 0x01, 0x00, 0x81, 0xF0, 0x20, 0x10, 0x08, 0x04, 0x00, 0x42,
    0x3E, 0x84, 0x7D, 0x08, 0x41, 0xC0, 0x34, 0x2C, 0x00, 0x81, 0x81, 0x81, 0x81, 0x81, 0x81, 0x81,
    0x81, 0x42, 0x3C, 0x74, 0xB8, 0x04, 0x18, 0x30, 0x60, 0xC1, 0x83, 0x8D, 0xE8, 0x81, 0x81, 0x81,
    0x81, 0x81, 0x81, 0x81, 0x81, 0x42, 0x3C, 0x83, 0x06, 0x0C, 0x18, 0x30, 0x71, 0xBD, 0x24, 0x18,
    0x00, 0x81, 0x81, 0x81, 0x81, 0x81, 0x81, 0x81, 0x81, 0x42, 0x3C, 0x28, 0x70, 0x04, 0x18, 0x30,
    0x60, 0xC1, 0x83, 0x8D, 0xE8, 0x0C, 0x12, 0x12, 0x0C, 0x81, 0x81, 0x81, 0x81, 0x81, 0x81, 0x81,
    0x81, 0x42, 0x3C, 0x18, 0x48, 0x90, 0xC0, 0x10, 0x60, 0xC1, 0x83, 0x06, 0x0E, 0x37, 0xA0, 0x0A,
    0x14, 0x00, 0x00, 0x81, 0x81, 0x81, 0x81, 0x81, 0x81, 0x81, 0x81, 0x42, 0x3C, 0x24, 0x50, 0x04,
    0x18, 0x30, 0x60, 0xC1, 0x83, 0x8D, 0xE8, 0x81, 0x81, 0x81, 0x81, 0x81, 0x81, 0x81, 0x81, 0x42,
    0x3C, 0x10, 0x10, 0x1C, 0x82, 0x82, 0x82, 0x82, 0x82, 0x82, 0xC6, 0x7A, 0x04, 0x04, 0x07, 0x02,
    0x00, 0x28, 0x00, 0x01, 0x04, 0x18, 0x50, 0xA2, 0x89, 0x14, 0x48, 0xA2, 0x28, 0xA1, 0x45, 0x0A,
    0x28, 0x51, 0x41, 0x04, 0x00, 0x18, 0x0A, 0x00, 0x11, 0x18, 0x8C, 0x45, 0x54, 0xAA, 0x55, 0x11,
    0x08, 0x80, 0x08, 0x0A, 0x00, 0x18, 0x34, 0x11, 0x10, 0x88, 0x28, 0x08, 0x04, 0x02, 0x01, 0x00,
    0x80, 0x61, 0x40, 0x01, 0x06, 0x28, 0x94, 0x50, 0x82, 0x08, 0x42, 0x00, 0x14, 0x00, 0x30, 0x68,
    0x22, 0x21, 0x10, 0x50, 0x10, 0x08, 0x04, 0x02, 0x01, 0x00, 0x08, 0x10, 0x00, 0xFF, 0x01, 0x02,
    0x04, 0x08, 0x10, 0x20, 0x40, 0x80, 0xFF, 0x10, 0x80, 0x3F, 0x04, 0x21, 0x08, 0x42, 0x0F, 0xC0,
    0x10, 0x00, 0xFF, 0x01, 0x02, 0x04, 0x08, 0x10, 0x20, 0x40, 0x80, 0xFF, 0x42, 0x01, 0xF0, 0x04,
    0x44, 0x44, 0x3E, 0x24, 0x18, 0x00, 0xFF, 0x01, 0x02, 0x04, 0x08, 0x10, 0x20, 0x40, 0x80, 0xFF,
    0x30, 0xC0, 0x3F, 0x04, 0x21, 0x08, 0x42, 0x0F, 0xC0, 0x34, 0x4C, 0x44, 0x44, 0x44, 0x40, 0x10,
    0x10, 0x07, 0xF8, 0x10, 0x20, 0x7F, 0x81, 0x02, 0x04, 0x0F, 0xE0, 0x28, 0x03, 0xFC, 0x08, 0x10,
    0x3F, 0xC0, 0x81, 0x02, 0x07, 0xF0, 0xFF, 0x04, 0x01, 0x00, 0x40, 0x1F, 0x84, 0x31, 0x04, 0x41,
    0x10, 0x44, 0x10, 0x04, 0x01, 0x01, 0x80, 0x08, 0x40, 0x3F, 0x82, 0x08, 0x20, 0x82, 0x08, 0x20,
    0x80, 0x3E, 0x41, 0x80, 0x80, 0xFE, 0x80, 0x80, 0xC0, 0x61, 0x3E, 0x7D, 0x86, 0x04, 0x06, 0x03,
    0x80, 0x81, 0x86, 0xF8, 0xFF, 0xC0, 0xA1, 0x24, 0x92, 0x49, 0x20, 0x24, 0x92, 0x49, 0x24, 0x9C,
    0x1F, 0x80, 0x42, 0x01, 0x08, 0x04, 0x20, 0x10, 0xF8, 0x42, 0x31, 0x08, 0x48, 0x21, 0x60, 0x8F,
    0x03, 0xE0, 0x82, 0x08, 0x20, 0x82, 0x08, 0x20, 0xFF, 0xE8, 0x23, 0x82, 0x18, 0x21, 0x82, 0x38,
    0x3E, 0xFF, 0x04, 0x01, 0x00, 0x40, 0x1F, 0x84, 0x31, 0x04, 0x41, 0x10, 0x44, 0x10, 0x04, 0x08,
    0x00, 0x82, 0x84, 0x88, 0x90, 0xB0, 0xC8, 0x8C, 0x84, 0x82, 0x83, 0x10, 0x08, 0x00, 0x83, 0x83,
    0x85, 0x89, 0x89, 0x91, 0x91, 0xA1, 0xC1, 0xC1, 0x12, 0x0C, 0x00, 0x81, 0x42, 0x42, 0x64, 0x24,
    0x24, 0x18, 0x18, 0x10, 0x70, 0x83, 0x06, 0x0C, 0x18, 0x30, 0x60, 0xC1, 0x83, 0xFC, 0x40, 0x80,
    0x08, 0x0A, 0x05, 0x04, 0x42, 0x21, 0x11, 0xFC, 0x82, 0x41, 0x40, 0x40, 0xFE, 0x80, 0x80, 0x80,
    0xFC, 0x83, 0x81, 0x81, 0x83, 0xFE, 0xFE, 0x83, 0x81, 0x83, 0xFE, 0x83, 0x81, 0x81, 0x83, 0xFE,
    0xFE, 0x08, 0x20, 0x82, 0x08, 0x20, 0x82, 0x00, 0x3F, 0x88, 0x22, 0x08, 0x82, 0x20, 0x88, 0x22,
    0x09, 0x02, 0x40, 0xBF, 0xF8, 0x06, 0x01, 0xFF, 0x02, 0x04, 0x0F, 0xF0, 0x20, 0x40, 0x81, 0xFC,
    0x41, 0x04, 0x42, 0x10, 0x44, 0x40, 0x49, 0x00, 0xD6, 0x02, 0x72, 0x0C, 0x46, 0x10, 0x84, 0x41,
    0x05, 0x82, 0x0C, 0x7D, 0x04, 0x08, 0x13, 0xC0, 0xC0, 0x81, 0x86, 0xF0, 0x83, 0x83, 0x85, 0x89,
    0x89, 0x91, 0x91, 0xA1, 0xC1, 0xC1, 0x24, 0x18, 0x00, 0x83, 0x83, 0x85, 0x89, 0x89, 0x91, 0x91,
    0xA1, 0xC1, 0xC1, 0x82, 0x84, 0x88, 0x90, 0xB0, 0xC8, 0x8C, 0x84, 0x82, 0x83, 0x1F, 0x88, 0x44,
    0x22, 0x11, 0x08, 0x84, 0x42, 0x41, 0x60, 0xE0, 0x40, 0xC0, 0xF0, 0x3A, 0x16, 0x85, 0x92, 0x64,
    0x98, 0xC6, 0x31, 0x80, 0x60, 0x10, 0x81, 0x81, 0x81, 0x81, 0xFF, 0x81, 0x81, 0x81, 0x81, 0x81,
    0x3E, 0x31, 0xB0, 0x70, 0x18, 0x0C, 0x06, 0x03, 0x83, 0x63, 0x1F, 0x00, 0xFF, 0x81, 0x81, 0x81,
    0x81, 0x81, 0x81, 0x81, 0x81, 0x81, 0xFD, 0x0E, 0x0C, 0x18, 0x7F, 0xA0, 0x40, 0x81, 0x00, 0x3E,
    0x61, 0xC0, 0x80, 0x80, 0x80, 0x80, 0xC0, 0x61, 0x3E, 0xFF, 0x84, 0x02, 0x01, 0x00, 0x80, 0x40,
    0x20, 0x10, 0x08, 0x04, 0x00, 0x81, 0x42, 0x42, 0x64, 0x24, 0x24, 0x18, 0x18, 0x10, 0x70, 0x04,
    0x03, 0xE1, 0x93, 0x42, 0x18, 0x43, 0x08, 0x61, 0x0A, 0x22, 0x3F, 0x80, 0x80, 0xC1, 0xA0, 0x88,
    0x82, 0x80, 0x80, 0xC0, 0x50, 0x44, 0x41, 0x60, 0xC0, 0x81, 0x40, 0xA0, 0x50, 0x28, 0x14, 0x0A,
    0x05, 0x02, 0x81, 0x7F, 0xC0, 0x20, 0x10, 0x83, 0x06, 0x0C, 0x17, 0xE0, 0x40, 0x81, 0x02, 0x04,
    0x82, 0x0C, 0x10, 0x60, 0x83, 0x04, 0x18, 0x20, 0xC1, 0x06, 0x08, 0x30, 0x41, 0x82, 0x0F, 0xFF,
    0xC0, 0x82, 0x0A, 0x08, 0x28, 0x20, 0xA0, 0x82, 0x82, 0x0A, 0x08, 0x28, 0x20, 0xA0, 0x82, 0x82,
    0x0B, 0xFF, 0xF0, 0x00, 0x40, 0x01, 0xE0, 0x10, 0x08, 0x04, 0x03, 0xF1, 0x0C, 0x82, 0x41, 0x21,
    0x9F, 0x80, 0x80, 0xC0, 0x60, 0x30, 0x1F, 0xCC, 0x36, 0x0B, 0x05, 0x86, 0xFE, 0x40, 0x81, 0x02,
    0x04, 0x0F, 0xD0, 0xE0, 0xC1, 0x87, 0xF8, 0x7C, 0x82, 0x01, 0x01, 0x7F, 0x01, 0x01, 0x03, 0x86,
    0x7C, 0x87, 0xC8, 0xC6, 0x98, 0x39, 0x01, 0xF0, 0x19, 0x01, 0x90, 0x18, 0x83, 0x8C, 0x68, 0x7C,
    0x7F, 0x06, 0x0C, 0x1F, 0xE6, 0x48, 0xB1, 0x43, 0x04, 0x7A, 0x10, 0x5F, 0x86, 0x18, 0xDD, 0x3C,
    0x82, 0x07, 0xCC, 0x50, 0x60, 0xC1, 0x82, 0x88, 0xE0, 0xFA, 0x18, 0x7E, 0x86, 0x18, 0x7E, 0xFC,
    0x21, 0x08, 0x42, 0x10, 0x3E, 0x22, 0x22, 0x22, 0x22, 0x22, 0x42, 0xFF, 0x81, 0x81, 0x3C, 0x8E,
    0x0F, 0xF8, 0x10, 0x10, 0x9E, 0xC4, 0x6C, 0x98, 0xD6, 0x0F, 0x82, 0xE8, 0xC9, 0x91, 0x14, 0x21,
    0x7A, 0x10, 0x4E, 0x04, 0x18, 0xDE, 0x87, 0x0E, 0x2C, 0x99, 0x34, 0x70, 0xE1, 0x44, 0x70, 0x04,
    0x38, 0x71, 0x64, 0xC9, 0xA3, 0x87, 0x08, 0x85, 0x12, 0x45, 0x8D, 0x91, 0x21, 0x43, 0x3E, 0x44,
    0x89, 0x12, 0x24, 0x50, 0xE1, 0xC3, 0xC3, 0xE7, 0xA5, 0xA5, 0x99, 0x99, 0x81, 0x83, 0x06, 0x0F,
    0xF8, 0x30, 0x60, 0xC1, 0x38, 0x8A, 0x0C, 0x18, 0x30, 0x51, 0x1C, 0xFF, 0x06, 0x0C, 0x18, 0x30,
    0x60, 0xC1, 0xB9, 0x8A, 0x0C, 0x18, 0x30, 0x71, 0x5C, 0x81, 0x02, 0x00, 0x39, 0x18, 0x20, 0x82,
    0x04, 0x4E, 0xFE, 0x20, 0x40, 0x81, 0x02, 0x04, 0x08, 0x04, 0x18, 0xA2, 0x51, 0x42, 0x08, 0x21,
    0x08, 0x00, 0x04, 0x00, 0x80, 0x10, 0x3A, 0xE4, 0xE5, 0x08, 0x61, 0x0C, 0x21, 0x84, 0x29, 0xC9,
    0xD7, 0x02, 0x00, 0x40, 0x08, 0x00, 0x06, 0x25, 0x08, 0x21, 0x48, 0x81, 0x82, 0x82, 0x82, 0x82,
    0x82, 0x82, 0x82, 0xFF, 0x01, 0x01, 0x86, 0x18, 0x61, 0x7C, 0x10, 0x41, 0x84, 0x30, 0x86, 0x10,
    0xC2, 0x18, 0x43, 0x08, 0x61, 0x0F, 0xFF, 0x84, 0x28, 0x42, 0x84, 0x28, 0x42, 0x84, 0x28, 0x42,
    0x84, 0x2F, 0xFF, 0x00, 0x10, 0x01, 0xF0, 0x08, 0x04, 0x03, 0xE1, 0x08, 0x84, 0x42, 0x3E, 0x81,
    0x81, 0x81, 0xF9, 0x85, 0x85, 0x85, 0xF9, 0x82, 0x08, 0x3E, 0x86, 0x18, 0x7E, 0x72, 0x20, 0x5F,
    0x04, 0x18, 0x9C, 0x8F, 0x22, 0x29, 0x07, 0xC1, 0x90, 0x64, 0x18, 0x8A, 0x1C, 0x3E, 0x85, 0x0A,
    0x13, 0xE4, 0x58, 0xE1, 0x20, 0x20, 0x01, 0xE4, 0x70, 0x7F, 0xC0, 0x80, 0x84, 0xF0, 0x28, 0x00,
    0x01, 0xE4, 0x70, 0x7F, 0xC0, 0x80, 0x84, 0xF0, 0x40, 0x40, 0x40, 0xFC, 0x40, 0x40, 0x5E, 0x63,
    0x41, 0x41, 0x41, 0x02, 0x06, 0x08, 0x08, 0x81, 0xF8, 0x42, 0x10, 0x84, 0x20, 0x39, 0x18, 0x3E,
    0x82, 0x04, 0x4E, 0x7A, 0x18, 0x38, 0x1C, 0x18, 0x5E, 0xDF, 0xE0, 0xA0, 0x24, 0x92, 0x49, 0x00,
    0x24, 0x12, 0x49, 0x24, 0x93, 0x80, 0x3E, 0x04, 0x40, 0x88, 0x11, 0xE2, 0x22, 0x44, 0x50, 0x8E,
    0x1E, 0x84, 0x21, 0x08, 0x43, 0xFE, 0x84, 0x61, 0x18, 0x46, 0x1E, 0x40, 0x40, 0x40, 0xFC, 0x40,
    0x40, 0x5E, 0x63, 0x41, 0x41, 0x41, 0x08, 0x20, 0x04, 0x28, 0x92, 0x2C, 0x6C, 0x89, 0x0A, 0x18,
    0x20, 0x20, 0x04, 0x38, 0x71, 0x64, 0xC9, 0xA3, 0x87, 0x08, 0x48, 0xC0, 0x01, 0x06, 0x28, 0x94,
    0x50, 0x82, 0x08, 0x42, 0x00, 0x83, 0x06, 0x0C, 0x18, 0x30, 0x60, 0xFF, 0x10, 0x20, 0x04, 0x1F,
    0xE0, 0x82, 0x08, 0x20, 0x82, 0x08, 0x20, 0x08, 0x7F, 0x08, 0x42, 0x10, 0x84, 0x00,
};

static const lgfx::GFXglyph kSmallGlyphs[] PROGMEM = {
    {0, 0, 0, 4, 0, 0}, // 0x0020
    {0, 1, 10, 6, 2, -10}, // 0x0021
    {2, 3, 4, 6, 1, -10}, // 0x0022
    {4, 10, 10, 12, 1, -10}, // 0x0023
    {17, 7, 13, 9, 1, -11}, // 0x0024
    {29, 12, 10, 13, 0, -10}, // 0x0025
    {44, 10, 10, 11, 1, -10}, // 0x0026
    {57, 1, 4, 4, 1, -10}, // 0x0027
    {58, 3, 12, 5, 1, -11}, // 0x0028
    {63, 3, 12, 5, 1, -11}, // 0x0029
    {68, 7, 6, 7, 0, -10}, // 0x002A
    {74, 9, 9, 12, 1, -9}, // 0x002B
    {85, 2, 3, 4, 1, -2}, // 0x002C
    {86, 4, 1, 5, 1, -4}, // 0x002D
    {87, 1, 2, 4, 2, -2}, // 0x002E
    {88, 5, 12, 5, 0, -10}, // 0x002F
    {96, 7, 10, 9, 1, -10}, // 0x0030
    {105, 5, 10, 9, 2, -10}, // 0x0031
    {112, 6, 10, 9, 1, -10}, // 0x0032
    {120, 7, 10, 9, 1, -10}, // 0x0033
    {129, 7, 10, 9, 1, -10}, // 0x0034
    {138, 7, 10, 9, 1, -10}, // 0x0035
    {147, 7, 10, 9, 1, -10}, // 0x0036
    {156, 7, 10, 9, 1, -10}, // 0x0037
    {165, 7, 10, 9, 1, -10}, // 0x0038
    {174, 7, 10, 9, 1, -10}, // 0x0039
    {183, 1, 7, 5, 2, -7}, // 0x003A
    {184, 2, 8, 5, 1, -7}, // 0x003B
    {186, 9, 8, 12, 1, -8}, // 0x003C
    {195, 9, 4, 12, 1, -7}, // 0x003D
    {200, 9, 8, 12, 1, -8}, // 0x003E
    {209, 5, 10, 7, 1, -10}, // 0x003F
    {216, 12, 12, 14, 1, -10}, // 0x0040
    {234, 9, 10, 10, 0, -10}, // 0x0041
    {246, 8, 10, 10, 1, -10}, // 0x0042
    {256, 8, 10, 10, 1, -10}, // 0x0043
    {266, 9, 10, 11, 1, -10}, // 0x0044
    {278, 7, 10, 9, 1, -10}, // 0x0045
    {287, 6, 10, 8, 1, -10}, // 0x0046
    {295, 9, 10, 11, 1, -10}, // 0x0047
    {307, 8, 10, 11, 1, -10}, // 0x0048
    {317, 1, 10, 4, 1, -10}, // 0x0049
    {319, 3, 13, 4, -1, -10}, // 0x004A
    {324, 7, 10, 9, 1, -10}, // 0x004B
    {333, 6, 10, 8, 1, -10}, // 0x004C
    {341, 10, 10, 12, 1, -10}, // 0x004D
    {354, 8, 10, 10, 1, -10}, // 0x004E
    {364, 9, 10, 11, 1, -10}, // 0x004F
    {376, 7, 10, 8, 1, -10}, // 0x0050
    {385, 9, 12, 11, 1, -10}, // 0x0051
    {399, 8, 10, 10, 1, -10}, // 0x0052
    {409, 7, 10, 9, 1, -10}, // 0x0053
    {418, 9, 10, 9, 0, -10}, // 0x0054
    {430, 8, 10, 10, 1, -10}, // 0x0055
    {440, 9, 10, 10, 0, -10}, // 0x0056
    {452, 13, 10, 14, 0, -10}, // 0x0057
    {469, 9, 10, 10, 0, -10}, // 0x0058
    {481, 9, 10, 9, 0, -10}, // 0x0059
    {493, 8, 10, 10, 1, -10}, // 0x005A
    {503, 3, 12, 5, 1, -11}, // 0x005B
    {508, 5, 12, 5, 0, -10}, // 0x005C
    {516, 3, 12, 5, 1, -11}, // 0x005D
    {521, 9, 4, 12, 1, -10}, // 0x005E
    {526, 7, 1, 7, 0, 2}, // 0x005F
    {527, 2, 2, 7, 2, -11}, // 0x0060
    {528, 6, 8, 9, 1, -8}, // 0x0061
    {534, 7, 11, 9, 1, -11}, // 0x0062
    {544, 6, 8, 8, 1, -8}, // 0x0063
    {550, 7, 11, 9, 1, -11}, // 0x0064
    {560, 7, 8, 9, 1, -8}, // 0x0065
    {567, 4, 11, 5, 0, -11}, // 0x0066
    {573, 7, 11, 9, 1, -8}, // 0x0067
    {583, 7, 11, 9, 1, -11}, // 0x0068
    {593, 1, 11, 4, 1, -11}, // 0x0069
    {595, 3, 14, 4, -1, -11}, // 0x006A
    {601, 6, 11, 8, 1, -11}, // 0x006B
    {610, 1, 11, 4, 1, -11}, // 0x006C
    {612, 11, 8, 14, 1, -8}, // 0x006D
    {623, 7, 8, 9, 1, -8}, // 0x006E
    {630, 7, 8, 9, 1, -8}, // 0x006F
    {637, 7, 11, 9, 1, -8}, // 0x0070
    {647, 7, 11, 9, 1, -8}, // 0x0071
    {657, 4, 8, 6, 1, -8}, // 0x0072
    {661, 6, 8, 7, 1, -8}, // 0x0073
    {667, 5, 10, 5, 0, -10}, // 0x0074
    {674, 7, 8, 9, 1, -8}, // 0x0075
    {681, 6, 8, 8, 0, -8}, // 0x0076
    {687, 9, 8, 11, 1, -8}, // 0x0077
    {696, 6, 8, 8, 0, -8}, // 0x0078
    {702, 6, 11, 8, 0, -8}, // 0x0079
    {711, 6, 8, 7, 1, -8}, // 0x007A
    {717, 5, 13, 9, 2, -11}, // 0x007B
    {726, 1, 14, 5, 2, -11}, // 0x007C
    {728, 5, 13, 9, 3, -11}, // 0x007D
    {737, 9, 2, 12, 1, -6}, // 0x007E
    {0, 0, 0, 0, 0, 0}, // 0x007F
    {0, 0, 0, 0, 0, 0}, // 0x0080
    {0, 0, 0, 0, 0, 0}, // 0x0081
    {0, 0, 0, 0, 0, 0}, // 0x0082
    {0, 0, 0, 0, 0, 0}, // 0x0083
    {0, 0, 0, 0, 0, 0}, // 0x0084
    {0, 0, 0, 0, 0, 0}, // 0x0085
    {0, 0, 0, 0, 0, 0}, // 0x0086
    {0, 0, 0, 0, 0, 0}, // 0x0087
    {0, 0, 0, 0, 0, 0}, // 0x0088
    {0, 0, 0, 0, 0, 0}, // 0x0089
    {0, 0, 0, 0, 0, 0}, // 0x008A
    {0, 0, 0, 0, 0, 0}, // 0x008B
    {0, 0, 0, 0, 0, 0}, // 0x008C
    {0, 0, 0, 0, 0, 0}, // 0x008D
    {0, 0, 0, 0, 0, 0}, // 0x008E
    {0, 0, 0, 0, 0, 0}, // 0x008F
    {0, 0, 0, 0, 0, 0}, // 0x0090
    {0, 0, 0, 0, 0, 0}, // 0x0091
    {0, 0, 0, 0, 0, 0}, // 0x0092
    {0, 0, 0, 0, 0, 0}, // 0x0093
    {0, 0, 0, 0, 0, 0}, // 0x0094
    {0, 0, 0, 0, 0, 0}, // 0x0095
    {0, 0, 0, 0, 0, 0}, // 0x0096
    {0, 0, 0, 0, 0, 0}, // 0x0097
    {0, 0, 0, 0, 0, 0}, // 0x0098
    {0, 0, 0, 0, 0, 0}, // 0x0099
    {0, 0, 0, 0, 0, 0}, // 0x009A
    {0, 0, 0, 0, 0, 0}, // 0x009B
    {0, 0, 0, 0, 0, 0}, // 0x009C
    {0, 0, 0, 0, 0, 0}, // 0x009D
    {0, 0, 0, 0, 0, 0}, // 0x009E
    {0, 0, 0, 0, 0, 0}, // 0x009F
    {0, 0, 0, 4, 0, 0}, // 0x00A0
    {740, 1, 10, 6, 2, -8}, // 0x00A1
    {742, 6, 12, 9, 1, -10}, // 0x00A2
    {751, 7, 10, 9, 1, -10}, // 0x00A3
    {760, 8, 8, 9, 1, -9}, // 0x00A4
    {768, 7, 10, 9, 1, -10}, // 0x00A5
    {777, 1, 12, 5, 2, -10}, // 0x00A6
    {779, 6, 11, 7, 0, -10}, // 0x00A7
    {788, 3, 1, 7, 2, -11}, // 0x00A8
    {789, 10, 10, 14, 2, -10}, // 0x00A9
    {802, 5, 8, 7, 1, -10}, // 0x00AA
    {807, 6, 6, 9, 1, -7}, // 0x00AB
    {812, 9, 4, 12, 1, -6}, // 0x00AC
    {0, 0, 0, 0, 0, 0}, // 0x00AD
    {817, 10, 10, 14, 2, -10}, // 0x00AE
    {0, 0, 0, 7, 0, 0}, // 0x00AF
    {830, 4, 4, 7, 1, -10}, // 0x00B0
    {832, 9, 9, 12, 1, -9}, // 0x00B1
    {843, 4, 6, 6, 1, -10}, // 0x00B2
    {846, 4, 6, 6, 1, -10}, // 0x00B3
    {849, 2, 2, 7, 3, -11}, // 0x00B4
    {850, 8, 11, 9, 1, -8}, // 0x00B5
    {861, 6, 11, 9, 1, -10}, // 0x00B6
    {870, 1, 2, 4, 2, -6}, // 0x00B7
    {871, 3, 3, 7, 2, 0}, // 0x00B8
    {873, 3, 6, 6, 1, -10}, // 0x00B9
    {876, 5, 8, 7, 1, -10}, // 0x00BA
    {881, 6, 6, 9, 1, -7}, // 0x00BB
    {886, 12, 10, 14, 1, -10}, // 0x00BC
    {901, 12, 11, 14, 1, -10}, // 0x00BD
    {918, 12, 10, 14, 1, -10}, // 0x00BE
    {933, 5, 11, 7, 1, -8}, // 0x00BF
    {940, 9, 13, 10, 0, -13}, // 0x00C0
    {955, 9, 13, 10, 0, -13}, // 0x00C1
    {970, 9, 13, 10, 0, -13}, // 0x00C2
    {985, 9, 13, 10, 0, -13}, // 0x00C3
    {1000, 9, 12, 10, 0, -12}, // 0x00C4
    {1014, 9, 13, 10, 0, -13}, // 0x00C5
    {1029, 13, 10, 14, 0, -10}, // 0x00C6
    {1046, 8, 13, 10, 1, -10}, // 0x00C7
    {1059, 7, 13, 9, 1, -13}, // 0x00C8
    {1071, 7, 13, 9, 1, -13}, // 0x00C9
    {1083, 7, 13, 9, 1, -13}, // 0x00CA
    {1095, 7, 12, 9, 1, -12}, // 0x00CB
    {1106, 2, 13, 4, 1, -13}, // 0x00CC
    {1110, 3, 13, 4, 1, -13}, // 0x00CD
    {1115, 4, 13, 4, 0, -13}, // 0x00CE
    {1122, 3, 12, 4, 0, -12}, // 0x00CF
    {1127, 10, 10, 11, 0, -10}, // 0x00D0
    {1140, 8, 13, 10, 1, -13}, // 0x00D1
    {1153, 9, 13, 11, 1, -13}, // 0x00D2
    {1168, 9, 13, 11, 1, -13}, // 0x00D3
    {1183, 9, 13, 11, 1, -13}, // 0x00D4
    {1198, 9, 13, 11, 1, -13}, // 0x00D5
    {1213, 9, 12, 11, 1, -12}, // 0x00D6
    {1227, 8, 8, 12, 2, -8}, // 0x00D7
    {1235, 9, 10, 11, 1, -11}, // 0x00D8
    {1247, 8, 13, 10, 1, -13}, // 0x00D9
    {1260, 8, 13, 10, 1, -13}, // 0x00DA
    {1273, 8, 13, 10, 1, -13}, // 0x00DB
    {1286, 8, 12, 10, 1, -12}, // 0x00DC
    {1298, 9, 13, 9, 0, -13}, // 0x00DD
    {1313, 7, 10, 8, 1, -10}, // 0x00DE
    {1322, 7, 11, 9, 1, -11}, // 0x00DF
    {1332, 6, 11, 9, 1, -11}, // 0x00E0
    {1341, 6, 11, 9, 1, -11}, // 0x00E1
    {1350, 6, 11, 9, 1, -11}, // 0x00E2
    {1359, 6, 11, 9, 1, -11}, // 0x00E3
    {1368, 6, 11, 9, 1, -11}, // 0x00E4
    {1377, 6, 13, 9, 1, -13}, // 0x00E5
    {1387, 12, 8, 14, 1, -8}, // 0x00E6
    {1399, 6, 11, 8, 1, -8}, // 0x00E7
    {1408, 7, 11, 9, 1, -11}, // 0x00E8
    {1418, 7, 11, 9, 1, -11}, // 0x00E9
    {1428, 7, 11, 9, 1, -11}, // 0x00EA
    {1438, 7, 11, 9, 1, -11}, // 0x00EB
    {1448, 2, 11, 4, 0, -11}, // 0x00EC
    {1451, 2, 11, 4, 1, -11}, // 0x00ED
    {1454, 5, 11, 4, -1, -11}, // 0x00EE
    {1461, 3, 11, 4, 0, -11}, // 0x00EF
    {1466, 7, 10, 9, 1, -11}, // 0x00F0
    {1475, 7, 11, 9, 1, -11}, // 0x00F1
    {1485, 7, 11, 9, 1, -11}, // 0x00F2
    {1495, 7, 11, 9, 1, -11}, // 0x00F3
    {1505, 7, 11, 9, 1, -11}, // 0x00F4
    {1515, 7, 11, 9, 1, -11}, // 0x00F5
    {1525, 7, 11, 9, 1, -11}, // 0x00F6
    {1535, 10, 7, 12, 1, -8}, // 0x00F7
    {1544, 7, 8, 9, 1, -9}, // 0x00F8
    {1551, 7, 11, 9, 1, -11}, // 0x00F9
    {1561, 7, 11, 9, 1, -11}, // 0x00FA
    {1571, 7, 11, 9, 1, -11}, // 0x00FB
    {1581, 7, 11, 9, 1, -11}, // 0x00FC
    {1591, 6, 14, 8, 0, -11}, // 0x00FD
    {1602, 7, 14, 9, 1, -11}, // 0x00FE
    {1615, 6, 14, 8, 0, -11}, // 0x00FF
    {1626, 9, 10, 10, 0, -10}, // 0x0100
    {1638, 6, 8, 9, 1, -8}, // 0x0101
    {1644, 9, 13, 10, 0, -13}, // 0x0102
    {1659, 6, 11, 9, 1, -11}, // 0x0103
    {1668, 10, 13, 10, 0, -10}, // 0x0104
    {1685, 7, 11, 9, 1, -8}, // 0x0105
    {1695, 8, 13, 10, 1, -13}, // 0x0106
    {1708, 6, 11, 8, 1, -11}, // 0x0107
    {1717, 8, 13, 10, 1, -13}, // 0x0108
    {1730, 6, 11, 8, 1, -11}, // 0x0109
    {1739, 8, 12, 10, 1, -12}, // 0x010A
    {1751, 6, 11, 8, 1, -11}, // 0x010B
    {1760, 8, 13, 10, 1, -13}, // 0x010C
    {1773, 6, 11, 8, 1, -11}, // 0x010D
    {1782, 9, 13, 11, 1, -13}, // 0x010E
    {1797, 10, 11, 9, 1, -11}, // 0x010F
    {1811, 10, 10, 11, 0, -10}, // 0x0110
    {1824, 8, 11, 9, 1, -11}, // 0x0111
    {1835, 7, 10, 9, 1, -10}, // 0x0112
    {1844, 7, 8, 9, 1, -8}, // 0x0113
    {1851, 7, 13, 9, 1, -13}, // 0x0114
    {1863, 7, 11, 9, 1, -11}, // 0x0115
    {1873, 7, 12, 9, 1, -12}, // 0x0116
    {1884, 7, 11, 9, 1, -11}, // 0x0117
    {1894, 7, 13, 9, 1, -10}, // 0x0118
    {1906, 7, 11, 9, 1, -8}, // 0x0119
    {1916, 7, 13, 9, 1, -13}, // 0x011A
    {1928, 7, 11, 9, 1, -11}, // 0x011B
    {1938, 9, 13, 11, 1, -13}, // 0x011C
    {1953, 7, 14, 9, 1, -11}, // 0x011D
    {1966, 9, 13, 11, 1, -13}, // 0x011E
    {1981, 7, 14, 9, 1, -11}, // 0x011F
    {1994, 9, 12, 11, 1, -12}, // 0x0120
    {2008, 7, 14, 9, 1, -11}, // 0x0121
    {2021, 9, 13, 11, 1, -10}, // 0x0122
    {2036, 7, 14, 9, 1, -11}, // 0x0123
    {2049, 8, 13, 11, 1, -13}, // 0x0124
    {2062, 9, 13, 9, -1, -13}, // 0x0125
    {2077, 10, 10, 13, 2, -10}, // 0x0126
    {2090, 8, 11, 10, 1, -11}, // 0x0127
    {2101, 5, 13, 4, -1, -13}, // 0x0128
    {2110, 5, 11, 4, -1, -11}, // 0x0129
    {2117, 1, 10, 4, 1, -10}, // 0x012A
    {2119, 1, 8, 4, 1, -8}, // 0x012B
    {2120, 5, 13, 4, -1, -13}, // 0x012C
    {2129, 5, 11, 4, -1, -11}, // 0x012D
    {2136, 3, 13, 4, 1, -10}, // 0x012E
    {2141, 3, 14, 4, 1, -11}, // 0x012F
    {2147, 1, 12, 4, 1, -12}, // 0x0130
    {2149, 1, 8, 4, 1, -8}, // 0x0131
    {2150, 5, 13, 8, 1, -10}, // 0x0132
    {2159, 5, 14, 8, 1, -11}, // 0x0133
    {2168, 5, 16, 4, -1, -13}, // 0x0134
    {2178, 5, 14, 4, -1, -11}, // 0x0135
    {2187, 7, 13, 9, 1, -10}, // 0x0136
    {2199, 6, 14, 8, 1, -11}, // 0x0137
    {2210, 6, 8, 8, 1, -8}, // 0x0138
    {2216, 6, 13, 8, 1, -13}, // 0x0139
    {2226, 2, 14, 4, 1, -14}, // 0x013A
    {2230, 6, 13, 8, 1, -10}, // 0x013B
    {2240, 1, 14, 4, 1, -11}, // 0x013C
    {2242, 6, 11, 8, 1, -11}, // 0x013D
    {2251, 4, 11, 5, 1, -11}, // 0x013E
    {2257, 6, 10, 8, 1, -10}, // 0x013F
    {2265, 3, 11, 5, 1, -11}, // 0x0140
    {2270, 8, 10, 8, -1, -10}, // 0x0141
    {2280, 3, 11, 4, 0, -11}, // 0x0142
    {2285, 8, 13, 10, 1, -13}, // 0x0143
    {2298, 7, 11, 9, 1, -11}, // 0x0144
    {2308, 8, 13, 10, 1, -10}, // 0x0145
    {2321, 7, 11, 9, 1, -8}, // 0x0146
    {2331, 8, 12, 10, 1, -12}, // 0x0147
    {2343, 7, 11, 9, 1, -11}, // 0x0148
    {2353, 9, 10, 11, 1, -10}, // 0x0149
    {2365, 8, 13, 10, 1, -10}, // 0x014A
    {2378, 7, 11, 9, 1, -8}, // 0x014B
    {2388, 9, 10, 11, 1, -10}, // 0x014C
    {2400, 7, 8, 9, 1, -8}, // 0x014D
    {2407, 9, 13, 11, 1, -13}, // 0x014E
    {2422, 7, 11, 9, 1, -11}, // 0x014F
    {2432, 9, 14, 11, 1, -14}, // 0x0150
    {2448, 7, 11, 9, 1, -11}, // 0x0151
    {2458, 13, 10, 15, 1, -10}, // 0x0152
    {2475, 13, 8, 14, 1, -8}, // 0x0153
    {2488, 8, 13, 10, 1, -13}, // 0x0154
    {2501, 4, 11, 6, 1, -11}, // 0x0155
    {2507, 8, 13, 10, 1, -10}, // 0x0156
    {2520, 4, 11, 6, 1, -8}, // 0x0157
    {2526, 8, 13, 10, 1, -13}, // 0x0158
    {2539, 4, 11, 6, 1, -11}, // 0x0159
    {2545, 7, 13, 9, 1, -13}, // 0x015A
    {2557, 6, 11, 7, 1, -11}, // 0x015B
    {2566, 7, 13, 9, 1, -13}, // 0x015C
    {2578, 6, 11, 7, 1, -11}, // 0x015D
    {2587, 7, 13, 9, 1, -10}, // 0x015E
    {2599, 6, 11, 7, 1, -8}, // 0x015F
    {2608, 7, 13, 9, 1, -13}, // 0x0160
    {2620, 6, 10, 7, 1, -11}, // 0x0161
    {2628, 9, 13, 9, 0, -10}, // 0x0162
    {2643, 5, 13, 5, 0, -10}, // 0x0163
    {2652, 9, 13, 9, 0, -13}, // 0x0164
    {2667, 5, 12, 5, 0, -12}, // 0x0165
    {2675, 9, 10, 9, 0, -10}, // 0x0166
    {2687, 5, 10, 5, 0, -10}, // 0x0167
    {2694, 8, 13, 10, 1, -13}, // 0x0168
    {2707, 7, 11, 9, 1, -11}, // 0x0169
    {2717, 8, 10, 10, 1, -10}, // 0x016A
    {2727, 7, 8, 9, 1, -8}, // 0x016B
    {2734, 8, 13, 10, 1, -13}, // 0x016C
    {2747, 7, 11, 9, 1, -11}, // 0x016D
    {2757, 8, 14, 10, 1, -14}, // 0x016E
    {2771, 7, 13, 9, 1, -13}, // 0x016F
    {2783, 8, 14, 10, 1, -14}, // 0x0170
    {2797, 7, 11, 9, 1, -11}, // 0x0171
    {2807, 8, 13, 10, 1, -10}, // 0x0172
    {2820, 8, 11, 9, 1, -8}, // 0x0173
    {2831, 13, 13, 14, 0, -13}, // 0x0174
    {2853, 9, 11, 11, 1, -11}, // 0x0175
    {2866, 9, 13, 9, 0, -13}, // 0x0176
    {2881, 6, 14, 8, 0, -11}, // 0x0177
    {2892, 9, 12, 9, 0, -12}, // 0x0178
    {2906, 8, 13, 10, 1, -13}, // 0x0179
    {2919, 6, 11, 7, 1, -11}, // 0x017A
    {2928, 8, 12, 10, 1, -12}, // 0x017B
    {2940, 5, 11, 7, 2, -11}, // 0x017C
    {2947, 8, 13, 10, 1, -13}, // 0x017D
    {2960, 6, 11, 7, 1, -11}, // 0x017E
    {2969, 4, 11, 5, 1, -11}, // 0x017F
    {0, 0, 0, 0, 0, 0}, // 0x0180
    {0, 0, 0, 0, 0, 0}, // 0x0181
    {0, 0, 0, 0, 0, 0}, // 0x0182
    {0, 0, 0, 0, 0, 0}, // 0x0183
    {0, 0, 0, 0, 0, 0}, // 0x0184
    {0, 0, 0, 0, 0, 0}, // 0x0185
    {0, 0, 0, 0, 0, 0}, // 0x0186
    {0, 0, 0, 0, 0, 0}, // 0x0187
    {0, 0, 0, 0, 0, 0}, // 0x0188
    {0, 0, 0, 0, 0, 0}, // 0x0189
    {0, 0, 0, 0, 0, 0}, // 0x018A
    {0, 0, 0, 0, 0, 0}, // 0x018B
    {0, 0, 0, 0, 0, 0}, // 0x018C
    {0, 0, 0, 0, 0, 0}, // 0x018D
    {0, 0, 0, 0, 0, 0}, // 0x018E
    {0, 0, 0, 0, 0, 0}, // 0x018F
    {0, 0, 0, 0, 0, 0}, // 0x0190
    {0, 0, 0, 0, 0, 0}, // 0x0191
    {0, 0, 0, 0, 0, 0}, // 0x0192
    {0, 0, 0, 0, 0, 0}, // 0x0193
    {0, 0, 0, 0, 0, 0}, // 0x0194
    {0, 0, 0, 0, 0, 0}, // 0x0195
    {0, 0, 0, 0, 0, 0}, // 0x0196
    {0, 0, 0, 0, 0, 0}, // 0x0197
    {0, 0, 0, 0, 0, 0}, // 0x0198
    {0, 0, 0, 0, 0, 0}, // 0x0199
    {0, 0, 0, 0, 0, 0}, // 0x019A
    {0, 0, 0, 0, 0, 0}, // 0x019B
    {0, 0, 0, 0, 0, 0}, // 0x019C
    {0, 0, 0, 0, 0, 0}, // 0x019D
    {0, 0, 0, 0, 0, 0}, // 0x019E
    {0, 0, 0, 0, 0, 0}, // 0x019F
    {0, 0, 0, 0, 0, 0}, // 0x01A0
    {0, 0, 0, 0, 0, 0}, // 0x01A1
    {0, 0, 0, 0, 0, 0}, // 0x01A2
    {0, 0, 0, 0, 0, 0}, // 0x01A3
    {0, 0, 0, 0, 0, 0}, // 0x01A4
    {0, 0, 0, 0, 0, 0}, // 0x01A5
    {0, 0, 0, 0, 0, 0}, // 0x01A6
    {0, 0, 0, 0, 0, 0}, // 0x01A7
    {0, 0, 0, 0, 0, 0}, // 0x01A8
    {0, 0, 0, 0, 0, 0}, // 0x01A9
    {0, 0, 0, 0, 0, 0}, // 0x01AA
    {0, 0, 0, 0, 0, 0}, // 0x01AB
    {0, 0, 0, 0, 0, 0}, // 0x01AC
    {0, 0, 0, 0, 0, 0}, // 0x01AD
    {0, 0, 0, 0, 0, 0}, // 0x01AE
    {0, 0, 0, 0, 0, 0}, // 0x01AF
    {0, 0, 0, 0, 0, 0}, // 0x01B0
    {0, 0, 0, 0, 0, 0}, // 0x01B1
    {0, 0, 0, 0, 0, 0}, // 0x01B2
    {0, 0, 0, 0, 0, 0}, // 0x01B3
    {0, 0, 0, 0, 0, 0}, // 0x01B4
    {0, 0, 0, 0, 0, 0}, // 0x01B5
    {0, 0, 0, 0, 0, 0}, // 0x01B6
    {0, 0, 0, 0, 0, 0}, // 0x01B7
    {0, 0, 0, 0, 0, 0}, // 0x01B8
    {0, 0, 0, 0, 0, 0}, // 0x01B9
    {0, 0, 0, 0, 0, 0}, // 0x01BA
    {0, 0, 0, 0, 0, 0}, // 0x01BB
    {0, 0, 0, 0, 0, 0}, // 0x01BC
    {0, 0, 0, 0, 0, 0}, // 0x01BD
    {0, 0, 0, 0, 0, 0}, // 0x01BE
    {0, 0, 0, 0, 0, 0}, // 0x01BF
    {0, 0, 0, 0, 0, 0}, // 0x01C0
    {0, 0, 0, 0, 0, 0}, // 0x01C1
    {0, 0, 0, 0, 0, 0}, // 0x01C2
    {0, 0, 0, 0, 0, 0}, // 0x01C3
    {0, 0, 0, 0, 0, 0}, // 0x01C4
    {0, 0, 0, 0, 0, 0}, // 0x01C5
    {0, 0, 0, 0, 0, 0}, // 0x01C6
    {0, 0, 0, 0, 0, 0}, // 0x01C7
    {0, 0, 0, 0, 0, 0}, // 0x01C8
    {0, 0, 0, 0, 0, 0}, // 0x01C9
    {0, 0, 0, 0, 0, 0}, // 0x01CA
    {0, 0, 0, 0, 0, 0}, // 0x01CB
    {0, 0, 0, 0, 0, 0}, // 0x01CC
    {0, 0, 0, 0, 0, 0}, // 0x01CD
    {0, 0, 0, 0, 0, 0}, // 0x01CE
    {0, 0, 0, 0, 0, 0}, // 0x01CF
    {0, 0, 0, 0, 0, 0}, // 0x01D0
    {0, 0, 0, 0, 0, 0}, // 0x01D1
    {0, 0, 0, 0, 0, 0}, // 0x01D2
    {0, 0, 0, 0, 0, 0}, // 0x01D3
    {0, 0, 0, 0, 0, 0}, // 0x01D4
    {0, 0, 0, 0, 0, 0}, // 0x01D5
    {0, 0, 0, 0, 0, 0}, // 0x01D6
    {0, 0, 0, 0, 0, 0}, // 0x01D7
    {0, 0, 0, 0, 0, 0}, // 0x01D8
    {0, 0, 0, 0, 0, 0}, // 0x01D9
    {0, 0, 0, 0, 0, 0}, // 0x01DA
    {0, 0, 0, 0, 0, 0}, // 0x01DB
    {0, 0, 0, 0, 0, 0}, // 0x01DC
    {0, 0, 0, 0, 0, 0}, // 0x01DD
    {0, 0, 0, 0, 0, 0}, // 0x01DE
    {0, 0, 0, 0, 0, 0}, // 0x01DF
    {0, 0, 0, 0, 0, 0}, // 0x01E0
    {0, 0, 0, 0, 0, 0}, // 0x01E1
    {0, 0, 0, 0, 0, 0}, // 0x01E2
    {0, 0, 0, 0, 0, 0}, // 0x01E3
    {0, 0, 0, 0, 0, 0}, // 0x01E4
    {0, 0, 0, 0, 0, 0}, // 0x01E5
    {0, 0, 0, 0, 0, 0}, // 0x01E6
    {0, 0, 0, 0, 0, 0}, // 0x01E7
    {0, 0, 0, 0, 0, 0}, // 0x01E8
    {0, 0, 0, 0, 0, 0}, // 0x01E9
    {0, 0, 0, 0, 0, 0}, // 0x01EA
    {0, 0, 0, 0, 0, 0}, // 0x01EB
    {0, 0, 0, 0, 0, 0}, // 0x01EC
    {0, 0, 0, 0, 0, 0}, // 0x01ED
    {0, 0, 0, 0, 0, 0}, // 0x01EE
    {0, 0, 0, 0, 0, 0}, // 0x01EF
    {0, 0, 0, 0, 0, 0}, // 0x01F0
    {0, 0, 0, 0, 0, 0}, // 0x01F1
    {0, 0, 0, 0, 0, 0}, // 0x01F2
    {0, 0, 0, 0, 0, 0}, // 0x01F3
    {0, 0, 0, 0, 0, 0}, // 0x01F4
    {0, 0, 0, 0, 0, 0}, // 0x01F5
    {0, 0, 0, 0, 0, 0}, // 0x01F6
    {0, 0, 0, 0, 0, 0}, // 0x01F7
    {0, 0, 0, 0, 0, 0}, // 0x01F8
    {0, 0, 0, 0, 0, 0}, // 0x01F9
    {0, 0, 0, 0, 0, 0}, // 0x01FA
    {0, 0, 0, 0, 0, 0}, // 0x01FB
    {0, 0, 0, 0, 0, 0}, // 0x01FC
    {0, 0, 0, 0, 0, 0}, // 0x01FD
    {0, 0, 0, 0, 0, 0}, // 0x01FE
    {0, 0, 0, 0, 0, 0}, // 0x01FF
    {0, 0, 0, 0, 0, 0}, // 0x0200
    {0, 0, 0, 0, 0, 0}, // 0x0201
    {0, 0, 0, 0, 0, 0}, // 0x0202
    {0, 0, 0, 0, 0, 0}, // 0x0203
    {0, 0, 0, 0, 0, 0}, // 0x0204
    {0, 0, 0, 0, 0, 0}, // 0x0205
    {0, 0, 0, 0, 0, 0}, // 0x0206
    {0, 0, 0, 0, 0, 0}, // 0x0207
    {0, 0, 0, 0, 0, 0}, // 0x0208
    {0, 0, 0, 0, 0, 0}, // 0x0209
    {0, 0, 0, 0, 0, 0}, // 0x020A
    {0, 0, 0, 0, 0, 0}, // 0x020B
    {0, 0, 0, 0, 0, 0}, // 0x020C
    {0, 0, 0, 0, 0, 0}, // 0x020D
    {0, 0, 0, 0, 0, 0}, // 0x020E
    {0, 0, 0, 0, 0, 0}, // 0x020F
    {0, 0, 0, 0, 0, 0}, // 0x0210
    {0, 0, 0, 0, 0, 0}, // 0x0211
    {0, 0, 0, 0, 0, 0}, // 0x0212
    {0, 0, 0, 0, 0, 0}, // 0x0213
    {0, 0, 0, 0, 0, 0}, // 0x0214
    {0, 0, 0, 0, 0, 0}, // 0x0215
    {0, 0, 0, 0, 0, 0}, // 0x0216
    {0, 0, 0, 0, 0, 0}, // 0x0217
    {0, 0, 0, 0, 0, 0}, // 0x0218
    {0, 0, 0, 0, 0, 0}, // 0x0219
    {0, 0, 0, 0, 0, 0}, // 0x021A
    {0, 0, 0, 0, 0, 0}, // 0x021B
    {0, 0, 0, 0, 0, 0}, // 0x021C
    {0, 0, 0, 0, 0, 0}, // 0x021D
    {0, 0, 0, 0, 0, 0}, // 0x021E
    {0, 0, 0, 0, 0, 0}, // 0x021F
    {0, 0, 0, 0, 0, 0}, // 0x0220
    {0, 0, 0, 0, 0, 0}, // 0x0221
    {0, 0, 0, 0, 0, 0}, // 0x0222
    {0, 0, 0, 0, 0, 0}, // 0x0223
    {0, 0, 0, 0, 0, 0}, // 0x0224
    {0, 0, 0, 0, 0, 0}, // 0x0225
    {0, 0, 0, 0, 0, 0}, // 0x0226
    {0, 0, 0, 0, 0, 0}, // 0x0227
    {0, 0, 0, 0, 0, 0}, // 0x0228
    {0, 0, 0, 0, 0, 0}, // 0x0229
    {0, 0, 0, 0, 0, 0}, // 0x022A
    {0, 0, 0, 0, 0, 0}, // 0x022B
    {0, 0, 0, 0, 0, 0}, // 0x022C
    {0, 0, 0, 0, 0, 0}, // 0x022D
    {0, 0, 0, 0, 0, 0}, // 0x022E
    {0, 0, 0, 0, 0, 0}, // 0x022F
    {0, 0, 0, 0, 0, 0}, // 0x0230
    {0, 0, 0, 0, 0, 0}, // 0x0231
    {0, 0, 0, 0, 0, 0}, // 0x0232
    {0, 0, 0, 0, 0, 0}, // 0x0233
    {0, 0, 0, 0, 0, 0}, // 0x0234
    {0, 0, 0, 0, 0, 0}, // 0x0235
    {0, 0, 0, 0, 0, 0}, // 0x0236
    {0, 0, 0, 0, 0, 0}, // 0x0237
    {0, 0, 0, 0, 0, 0}, // 0x0238
    {0, 0, 0, 0, 0, 0}, // 0x0239
    {0, 0, 0, 0, 0, 0}, // 0x023A
    {0, 0, 0, 0, 0, 0}, // 0x023B
    {0, 0, 0, 0, 0, 0}, // 0x023C
    {0, 0, 0, 0, 0, 0}, // 0x023D
    {0, 0, 0, 0, 0, 0}, // 0x023E
    {0, 0, 0, 0, 0, 0}, // 0x023F
    {0, 0, 0, 0, 0, 0}, // 0x0240
    {0, 0, 0, 0, 0, 0}, // 0x0241
    {0, 0, 0, 0, 0, 0}, // 0x0242
    {0, 0, 0, 0, 0, 0}, // 0x0243
    {0, 0, 0, 0, 0, 0}, // 0x0244
    {0, 0, 0, 0, 0, 0}, // 0x0245
    {0, 0, 0, 0, 0, 0}, // 0x0246
    {0, 0, 0, 0, 0, 0}, // 0x0247
    {0, 0, 0, 0, 0, 0}, // 0x0248
    {0, 0, 0, 0, 0, 0}, // 0x0249
    {0, 0, 0, 0, 0, 0}, // 0x024A
    {0, 0, 0, 0, 0, 0}, // 0x024B
    {0, 0, 0, 0, 0, 0}, // 0x024C
    {0, 0, 0, 0, 0, 0}, // 0x024D
    {0, 0, 0, 0, 0, 0}, // 0x024E
    {0, 0, 0, 0, 0, 0}, // 0x024F
    {0, 0, 0, 0, 0, 0}, // 0x0250
    {0, 0, 0, 0, 0, 0}, // 0x0251
    {0, 0, 0, 0, 0, 0}, // 0x0252
    {0, 0, 0, 0, 0, 0}, // 0x0253
    {0, 0, 0, 0, 0, 0}, // 0x0254
    {0, 0, 0, 0, 0, 0}, // 0x0255
    {0, 0, 0, 0, 0, 0}, // 0x0256
    {0, 0, 0, 0, 0, 0}, // 0x0257
    {0, 0, 0, 0, 0, 0}, // 0x0258
    {0, 0, 0, 0, 0, 0}, // 0x0259
    {0, 0, 0, 0, 0, 0}, // 0x025A
    {0, 0, 0, 0, 0, 0}, // 0x025B
    {0, 0, 0, 0, 0, 0}, // 0x025C
    {0, 0, 0, 0, 0, 0}, // 0x025D
    {0, 0, 0, 0, 0, 0}, // 0x025E
    {0, 0, 0, 0, 0, 0}, // 0x025F
    {0, 0, 0, 0, 0, 0}, // 0x0260
    {0, 0, 0, 0, 0, 0}, // 0x0261
    {0, 0, 0, 0, 0, 0}, // 0x0262
    {0, 0, 0, 0, 0, 0}, // 0x0263
    {0, 0, 0, 0, 0, 0}, // 0x0264
    {0, 0, 0, 0, 0, 0}, // 0x0265
    {0, 0, 0, 0, 0, 0}, // 0x0266
    {0, 0, 0, 0, 0, 0}, // 0x0267
    {0, 0, 0, 0, 0, 0}, // 0x0268
    {0, 0, 0, 0, 0, 0}, // 0x0269
    {0, 0, 0, 0, 0, 0}, // 0x026A
    {0, 0, 0, 0, 0, 0}, // 0x026B
    {0, 0, 0, 0, 0, 0}, // 0x026C
    {0, 0, 0, 0, 0, 0}, // 0x026D
    {0, 0, 0, 0, 0, 0}, // 0x026E
    {0, 0, 0, 0, 0, 0}, // 0x026F
    {0, 0, 0, 0, 0, 0}, // 0x0270
    {0, 0, 0, 0, 0, 0}, // 0x0271
    {0, 0, 0, 0, 0, 0}, // 0x0272
    {0, 0, 0, 0, 0, 0}, // 0x0273
    {0, 0, 0, 0, 0, 0}, // 0x0274
    {0, 0, 0, 0, 0, 0}, // 0x0275
    {0, 0, 0, 0, 0, 0}, // 0x0276
    {0, 0, 0, 0, 0, 0}, // 0x0277
    {0, 0, 0, 0, 0, 0}, // 0x0278
    {0, 0, 0, 0, 0, 0}, // 0x0279
    {0, 0, 0, 0, 0, 0}, // 0x027A
    {0, 0, 0, 0, 0, 0}, // 0x027B
    {0, 0, 0, 0, 0, 0}, // 0x027C
    {0, 0, 0, 0, 0, 0}, // 0x027D
    {0, 0, 0, 0, 0, 0}, // 0x027E
    {0, 0, 0, 0, 0, 0}, // 0x027F
    {0, 0, 0, 0, 0, 0}, // 0x0280
    {0, 0, 0, 0, 0, 0}, // 0x0281
    {0, 0, 0, 0, 0, 0}, // 0x0282
    {0, 0, 0, 0, 0, 0}, // 0x0283
    {0, 0, 0, 0, 0, 0}, // 0x0284
    {0, 0, 0, 0, 0, 0}, // 0x0285
    {0, 0, 0, 0, 0, 0}, // 0x0286
    {0, 0, 0, 0, 0, 0}, // 0x0287
    {0, 0, 0, 0, 0, 0}, // 0x0288
    {0, 0, 0, 0, 0, 0}, // 0x0289
    {0, 0, 0, 0, 0, 0}, // 0x028A
    {0, 0, 0, 0, 0, 0}, // 0x028B
    {0, 0, 0, 0, 0, 0}, // 0x028C
    {0, 0, 0, 0, 0, 0}, // 0x028D
    {0, 0, 0, 0, 0, 0}, // 0x028E
    {0, 0, 0, 0, 0, 0}, // 0x028F
    {0, 0, 0, 0, 0, 0}, // 0x0290
    {0, 0, 0, 0, 0, 0}, // 0x0291
    {0, 0, 0, 0, 0, 0}, // 0x0292
    {0, 0, 0, 0, 0, 0}, // 0x0293
    {0, 0, 0, 0, 0, 0}, // 0x0294
    {0, 0, 0, 0, 0, 0}, // 0x0295
    {0, 0, 0, 0, 0, 0}, // 0x0296
    {0, 0, 0, 0, 0, 0}, // 0x0297
    {0, 0, 0, 0, 0, 0}, // 0x0298
    {0, 0, 0, 0, 0, 0}, // 0x0299
    {0, 0, 0, 0, 0, 0}, // 0x029A
    {0, 0, 0, 0, 0, 0}, // 0x029B
    {0, 0, 0, 0, 0, 0}, // 0x029C
    {0, 0, 0, 0, 0, 0}, // 0x029D
    {0, 0, 0, 0, 0, 0}, // 0x029E
    {0, 0, 0, 0, 0, 0}, // 0x029F
    {0, 0, 0, 0, 0, 0}, // 0x02A0
    {0, 0, 0, 0, 0, 0}, // 0x02A1
    {0, 0, 0, 0, 0, 0}, // 0x02A2
    {0, 0, 0, 0, 0, 0}, // 0x02A3
    {0, 0, 0, 0, 0, 0}, // 0x02A4
    {0, 0, 0, 0, 0, 0}, // 0x02A5
    {0, 0, 0, 0, 0, 0}, // 0x02A6
    {0, 0, 0, 0, 0, 0}, // 0x02A7
    {0, 0, 0, 0, 0, 0}, // 0x02A8
    {0, 0, 0, 0, 0, 0}, // 0x02A9
    {0, 0, 0, 0, 0, 0}, // 0x02AA
    {0, 0, 0, 0, 0, 0}, // 0x02AB
    {0, 0, 0, 0, 0, 0}, // 0x02AC
    {0, 0, 0, 0, 0, 0}, // 0x02AD
    {0, 0, 0, 0, 0, 0}, // 0x02AE
    {0, 0, 0, 0, 0, 0}, // 0x02AF
    {0, 0, 0, 0, 0, 0}, // 0x02B0
    {0, 0, 0, 0, 0, 0}, // 0x02B1
    {0, 0, 0, 0, 0, 0}, // 0x02B2
    {0, 0, 0, 0, 0, 0}, // 0x02B3
    {0, 0, 0, 0, 0, 0}, // 0x02B4
    {0, 0, 0, 0, 0, 0}, // 0x02B5
    {0, 0, 0, 0, 0, 0}, // 0x02B6
    {0, 0, 0, 0, 0, 0}, // 0x02B7
    {0, 0, 0, 0, 0, 0}, // 0x02B8
    {0, 0, 0, 0, 0, 0}, // 0x02B9
    {0, 0, 0, 0, 0, 0}, // 0x02BA
    {0, 0, 0, 0, 0, 0}, // 0x02BB
    {0, 0, 0, 0, 0, 0}, // 0x02BC
    {0, 0, 0, 0, 0, 0}, // 0x02BD
    {0, 0, 0, 0, 0, 0}, // 0x02BE
    {0, 0, 0, 0, 0, 0}, // 0x02BF
    {0, 0, 0, 0, 0, 0}, // 0x02C0
    {0, 0, 0, 0, 0, 0}, // 0x02C1
    {0, 0, 0, 0, 0, 0}, // 0x02C2
    {0, 0, 0, 0, 0, 0}, // 0x02C3
    {0, 0, 0, 0, 0, 0}, // 0x02C4
    {0, 0, 0, 0, 0, 0}, // 0x02C5
    {0, 0, 0, 0, 0, 0}, // 0x02C6
    {0, 0, 0, 0, 0, 0}, // 0x02C7
    {0, 0, 0, 0, 0, 0}, // 0x02C8
    {0, 0, 0, 0, 0, 0}, // 0x02C9
    {0, 0, 0, 0, 0, 0}, // 0x02CA
    {0, 0, 0, 0, 0, 0}, // 0x02CB
    {0, 0, 0, 0, 0, 0}, // 0x02CC
    {0, 0, 0, 0, 0, 0}, // 0x02CD
    {0, 0, 0, 0, 0, 0}, // 0x02CE
    {0, 0, 0, 0, 0, 0}, // 0x02CF
    {0, 0, 0, 0, 0, 0}, // 0x02D0
    {0, 0, 0, 0, 0, 0}, // 0x02D1
    {0, 0, 0, 0, 0, 0}, // 0x02D2
    {0, 0, 0, 0, 0, 0}, // 0x02D3
    {0, 0, 0, 0, 0, 0}, // 0x02D4
    {0, 0, 0, 0, 0, 0}, // 0x02D5
    {0, 0, 0, 0, 0, 0}, // 0x02D6
    {0, 0, 0, 0, 0, 0}, // 0x02D7
    {0, 0, 0, 0, 0, 0}, // 0x02D8
    {0, 0, 0, 0, 0, 0}, // 0x02D9
    {0, 0, 0, 0, 0, 0}, // 0x02DA
    {0, 0, 0, 0, 0, 0}, // 0x02DB
    {0, 0, 0, 0, 0, 0}, // 0x02DC
    {0, 0, 0, 0, 0, 0}, // 0x02DD
    {0, 0, 0, 0, 0, 0}, // 0x02DE
    {0, 0, 0, 0, 0, 0}, // 0x02DF
    {0, 0, 0, 0, 0, 0}, // 0x02E0
    {0, 0, 0, 0, 0, 0}, // 0x02E1
    {0, 0, 0, 0, 0, 0}, // 0x02E2
    {0, 0, 0, 0, 0, 0}, // 0x02E3
    {0, 0, 0, 0, 0, 0}, // 0x02E4
    {0, 0, 0, 0, 0, 0}, // 0x02E5
    {0, 0, 0, 0, 0, 0}, // 0x02E6
    {0, 0, 0, 0, 0, 0}, // 0x02E7
    {0, 0, 0, 0, 0, 0}, // 0x02E8
    {0, 0, 0, 0, 0, 0}, // 0x02E9
    {0, 0, 0, 0, 0, 0}, // 0x02EA
    {0, 0, 0, 0, 0, 0}, // 0x02EB
    {0, 0, 0, 0, 0, 0}, // 0x02EC
    {0, 0, 0, 0, 0, 0}, // 0x02ED
    {0, 0, 0, 0, 0, 0}, // 0x02EE
    {0, 0, 0, 0, 0, 0}, // 0x02EF
    {0, 0, 0, 0, 0, 0}, // 0x02F0
    {0, 0, 0, 0, 0, 0}, // 0x02F1
    {0, 0, 0, 0, 0, 0}, // 0x02F2
    {0, 0, 0, 0, 0, 0}, // 0x02F3
    {0, 0, 0, 0, 0, 0}, // 0x02F4
    {0, 0, 0, 0, 0, 0}, // 0x02F5
    {0, 0, 0, 0, 0, 0}, // 0x02F6
    {0, 0, 0, 0, 0, 0}, // 0x02F7
    {0, 0, 0, 0, 0, 0}, // 0x02F8
    {0, 0, 0, 0, 0, 0}, // 0x02F9
    {0, 0, 0, 0, 0, 0}, // 0x02FA
    {0, 0, 0, 0, 0, 0}, // 0x02FB
    {0, 0, 0, 0, 0, 0}, // 0x02FC
    {0, 0, 0, 0, 0, 0}, // 0x02FD
    {0, 0, 0, 0, 0, 0}, // 0x02FE
    {0, 0, 0, 0, 0, 0}, // 0x02FF
    {0, 0, 0, 0, 0, 0}, // 0x0300
    {0, 0, 0, 0, 0, 0}, // 0x0301
    {0, 0, 0, 0, 0, 0}, // 0x0302
    {0, 0, 0, 0, 0, 0}, // 0x0303
    {0, 0, 0, 0, 0, 0}, // 0x0304
    {0, 0, 0, 0, 0, 0}, // 0x0305
    {0, 0, 0, 0, 0, 0}, // 0x0306
    {0, 0, 0, 0, 0, 0}, // 0x0307
    {0, 0, 0, 0, 0, 0}, // 0x0308
    {0, 0, 0, 0, 0, 0}, // 0x0309
    {0, 0, 0, 0, 0, 0}, // 0x030A
    {0, 0, 0, 0, 0, 0}, // 0x030B
    {0, 0, 0, 0, 0, 0}, // 0x030C
    {0, 0, 0, 0, 0, 0}, // 0x030D
    {0, 0, 0, 0, 0, 0}, // 0x030E
    {0, 0, 0, 0, 0, 0}, // 0x030F
    {0, 0, 0, 0, 0, 0}, // 0x0310
    {0, 0, 0, 0, 0, 0}, // 0x0311
    {0, 0, 0, 0, 0, 0}, // 0x0312
    {0, 0, 0, 0, 0, 0}, // 0x0313
    {0, 0, 0, 0, 0, 0}, // 0x0314
    {0, 0, 0, 0, 0, 0}, // 0x0315
    {0, 0, 0, 0, 0, 0}, // 0x0316
    {0, 0, 0, 0, 0, 0}, // 0x0317
    {0, 0, 0, 0, 0, 0}, // 0x0318
    {0, 0, 0, 0, 0, 0}, // 0x0319
    {0, 0, 0, 0, 0, 0}, // 0x031A
    {0, 0, 0, 0, 0, 0}, // 0x031B
    {0, 0, 0, 0, 0, 0}, // 0x031C
    {0, 0, 0, 0, 0, 0}, // 0x031D
    {0, 0, 0, 0, 0, 0}, // 0x031E
    {0, 0, 0, 0, 0, 0}, // 0x031F
    {0, 0, 0, 0, 0, 0}, // 0x0320
    {0, 0, 0, 0, 0, 0}, // 0x0321
    {0, 0, 0, 0, 0, 0}, // 0x0322
    {0, 0, 0, 0, 0, 0}, // 0x0323
    {0, 0, 0, 0, 0, 0}, // 0x0324
    {0, 0, 0, 0, 0, 0}, // 0x0325
    {0, 0, 0, 0, 0, 0}, // 0x0326
    {0, 0, 0, 0, 0, 0}, // 0x0327
    {0, 0, 0, 0, 0, 0}, // 0x0328
    {0, 0, 0, 0, 0, 0}, // 0x0329
    {0, 0, 0, 0, 0, 0}, // 0x032A
    {0, 0, 0, 0, 0, 0}, // 0x032B
    {0, 0, 0, 0, 0, 0}, // 0x032C
    {0, 0, 0, 0, 0, 0}, // 0x032D
    {0, 0, 0, 0, 0, 0}, // 0x032E
    {0, 0, 0, 0, 0, 0}, // 0x032F
    {0, 0, 0, 0, 0, 0}, // 0x0330
    {0, 0, 0, 0, 0, 0}, // 0x0331
    {0, 0, 0, 0, 0, 0}, // 0x0332
    {0, 0, 0, 0, 0, 0}, // 0x0333
    {0, 0, 0, 0, 0, 0}, // 0x0334
    {0, 0, 0, 0, 0, 0}, // 0x0335
    {0, 0, 0, 0, 0, 0}, // 0x0336
    {0, 0, 0, 0, 0, 0}, // 0x0337
    {0, 0, 0, 0, 0, 0}, // 0x0338
    {0, 0, 0, 0, 0, 0}, // 0x0339
    {0, 0, 0, 0, 0, 0}, // 0x033A
    {0, 0, 0, 0, 0, 0}, // 0x033B
    {0, 0, 0, 0, 0, 0}, // 0x033C
    {0, 0, 0, 0, 0, 0}, // 0x033D
    {0, 0, 0, 0, 0, 0}, // 0x033E
    {0, 0, 0, 0, 0, 0}, // 0x033F
    {0, 0, 0, 0, 0, 0}, // 0x0340
    {0, 0, 0, 0, 0, 0}, // 0x0341
    {0, 0, 0, 0, 0, 0}, // 0x0342
    {0, 0, 0, 0, 0, 0}, // 0x0343
    {0, 0, 0, 0, 0, 0}, // 0x0344
    {0, 0, 0, 0, 0, 0}, // 0x0345
    {0, 0, 0, 0, 0, 0}, // 0x0346
    {0, 0, 0, 0, 0, 0}, // 0x0347
    {0, 0, 0, 0, 0, 0}, // 0x0348
    {0, 0, 0, 0, 0, 0}, // 0x0349
    {0, 0, 0, 0, 0, 0}, // 0x034A
    {0, 0, 0, 0, 0, 0}, // 0x034B
    {0, 0, 0, 0, 0, 0}, // 0x034C
    {0, 0, 0, 0, 0, 0}, // 0x034D
    {0, 0, 0, 0, 0, 0}, // 0x034E
    {0, 0, 0, 0, 0, 0}, // 0x034F
    {0, 0, 0, 0, 0, 0}, // 0x0350
    {0, 0, 0, 0, 0, 0}, // 0x0351
    {0, 0, 0, 0, 0, 0}, // 0x0352
    {0, 0, 0, 0, 0, 0}, // 0x0353
    {0, 0, 0, 0, 0, 0}, // 0x0354
    {0, 0, 0, 0, 0, 0}, // 0x0355
    {0, 0, 0, 0, 0, 0}, // 0x0356
    {0, 0, 0, 0, 0, 0}, // 0x0357
    {0, 0, 0, 0, 0, 0}, // 0x0358
    {0, 0, 0, 0, 0, 0}, // 0x0359
    {0, 0, 0, 0, 0, 0}, // 0x035A
    {0, 0, 0, 0, 0, 0}, // 0x035B
    {0, 0, 0, 0, 0, 0}, // 0x035C
    {0, 0, 0, 0, 0, 0}, // 0x035D
    {0, 0, 0, 0, 0, 0}, // 0x035E
    {0, 0, 0, 0, 0, 0}, // 0x035F
    {0, 0, 0, 0, 0, 0}, // 0x0360
    {0, 0, 0, 0, 0, 0}, // 0x0361
    {0, 0, 0, 0, 0, 0}, // 0x0362
    {0, 0, 0, 0, 0, 0}, // 0x0363
    {0, 0, 0, 0, 0, 0}, // 0x0364
    {0, 0, 0, 0, 0, 0}, // 0x0365
    {0, 0, 0, 0, 0, 0}, // 0x0366
    {0, 0, 0, 0, 0, 0}, // 0x0367
    {0, 0, 0, 0, 0, 0}, // 0x0368
    {0, 0, 0, 0, 0, 0}, // 0x0369
    {0, 0, 0, 0, 0, 0}, // 0x036A
    {0, 0, 0, 0, 0, 0}, // 0x036B
    {0, 0, 0, 0, 0, 0}, // 0x036C
    {0, 0, 0, 0, 0, 0}, // 0x036D
    {0, 0, 0, 0, 0, 0}, // 0x036E
    {0, 0, 0, 0, 0, 0}, // 0x036F
    {0, 0, 0, 0, 0, 0}, // 0x0370
    {0, 0, 0, 0, 0, 0}, // 0x0371
    {0, 0, 0, 0, 0, 0}, // 0x0372
    {0, 0, 0, 0, 0, 0}, // 0x0373
    {0, 0, 0, 0, 0, 0}, // 0x0374
    {0, 0, 0, 0, 0, 0}, // 0x0375
    {0, 0, 0, 0, 0, 0}, // 0x0376
    {0, 0, 0, 0, 0, 0}, // 0x0377
    {0, 0, 0, 0, 0, 0}, // 0x0378
    {0, 0, 0, 0, 0, 0}, // 0x0379
    {0, 0, 0, 0, 0, 0}, // 0x037A
    {0, 0, 0, 0, 0, 0}, // 0x037B
    {0, 0, 0, 0, 0, 0}, // 0x037C
    {0, 0, 0, 0, 0, 0}, // 0x037D
    {0, 0, 0, 0, 0, 0}, // 0x037E
    {0, 0, 0, 0, 0, 0}, // 0x037F
    {0, 0, 0, 0, 0, 0}, // 0x0380
    {0, 0, 0, 0, 0, 0}, // 0x0381
    {0, 0, 0, 0, 0, 0}, // 0x0382
    {0, 0, 0, 0, 0, 0}, // 0x0383
    {0, 0, 0, 0, 0, 0}, // 0x0384
    {0, 0, 0, 0, 0, 0}, // 0x0385
    {0, 0, 0, 0, 0, 0}, // 0x0386
    {0, 0, 0, 0, 0, 0}, // 0x0387
    {0, 0, 0, 0, 0, 0}, // 0x0388
    {0, 0, 0, 0, 0, 0}, // 0x0389
    {0, 0, 0, 0, 0, 0}, // 0x038A
    {0, 0, 0, 0, 0, 0}, // 0x038B
    {0, 0, 0, 0, 0, 0}, // 0x038C
    {0, 0, 0, 0, 0, 0}, // 0x038D
    {0, 0, 0, 0, 0, 0}, // 0x038E
    {0, 0, 0, 0, 0, 0}, // 0x038F
    {0, 0, 0, 0, 0, 0}, // 0x0390
    {0, 0, 0, 0, 0, 0}, // 0x0391
    {0, 0, 0, 0, 0, 0}, // 0x0392
    {0, 0, 0, 0, 0, 0}, // 0x0393
    {0, 0, 0, 0, 0, 0}, // 0x0394
    {0, 0, 0, 0, 0, 0}, // 0x0395
    {0, 0, 0, 0, 0, 0}, // 0x0396
    {0, 0, 0, 0, 0, 0}, // 0x0397
    {0, 0, 0, 0, 0, 0}, // 0x0398
    {0, 0, 0, 0, 0, 0}, // 0x0399
    {0, 0, 0, 0, 0, 0}, // 0x039A
    {0, 0, 0, 0, 0, 0}, // 0x039B
    {0, 0, 0, 0, 0, 0}, // 0x039C
    {0, 0, 0, 0, 0, 0}, // 0x039D
    {0, 0, 0, 0, 0, 0}, // 0x039E
    {0, 0, 0, 0, 0, 0}, // 0x039F
    {0, 0, 0, 0, 0, 0}, // 0x03A0
    {0, 0, 0, 0, 0, 0}, // 0x03A1
    {0, 0, 0, 0, 0, 0}, // 0x03A2
    {0, 0, 0, 0, 0, 0}, // 0x03A3
    {0, 0, 0, 0, 0, 0}, // 0x03A4
    {0, 0, 0, 0, 0, 0}, // 0x03A5
    {0, 0, 0, 0, 0, 0}, // 0x03A6
    {0, 0, 0, 0, 0, 0}, // 0x03A7
    {0, 0, 0, 0, 0, 0}, // 0x03A8
    {0, 0, 0, 0, 0, 0}, // 0x03A9
    {0, 0, 0, 0, 0, 0}, // 0x03AA
    {0, 0, 0, 0, 0, 0}, // 0x03AB
    {0, 0, 0, 0, 0, 0}, // 0x03AC
    {0, 0, 0, 0, 0, 0}, // 0x03AD
    {0, 0, 0, 0, 0, 0}, // 0x03AE
    {0, 0, 0, 0, 0, 0}, // 0x03AF
    {0, 0, 0, 0, 0, 0}, // 0x03B0
    {0, 0, 0, 0, 0, 0}, // 0x03B1
    {0, 0, 0, 0, 0, 0}, // 0x03B2
    {0, 0, 0, 0, 0, 0}, // 0x03B3
    {0, 0, 0, 0, 0, 0}, // 0x03B4
    {0, 0, 0, 0, 0, 0}, // 0x03B5
    {0, 0, 0, 0, 0, 0}, // 0x03B6
    {0, 0, 0, 0, 0, 0}, // 0x03B7
    {0, 0, 0, 0, 0, 0}, // 0x03B8
    {0, 0, 0, 0, 0, 0}, // 0x03B9
    {0, 0, 0, 0, 0, 0}, // 0x03BA
    {0, 0, 0, 0, 0, 0}, // 0x03BB
    {0, 0, 0, 0, 0, 0}, // 0x03BC
    {0, 0, 0, 0, 0, 0}, // 0x03BD
    {0, 0, 0, 0, 0, 0}, // 0x03BE
    {0, 0, 0, 0, 0, 0}, // 0x03BF
    {0, 0, 0, 0, 0, 0}, // 0x03C0
    {0, 0, 0, 0, 0, 0}, // 0x03C1
    {0, 0, 0, 0, 0, 0}, // 0x03C2
    {0, 0, 0, 0, 0, 0}, // 0x03C3
    {0, 0, 0, 0, 0, 0}, // 0x03C4
    {0, 0, 0, 0, 0, 0}, // 0x03C5
    {0, 0, 0, 0, 0, 0}, // 0x03C6
    {0, 0, 0, 0, 0, 0}, // 0x03C7
    {0, 0, 0, 0, 0, 0}, // 0x03C8
    {0, 0, 0, 0, 0, 0}, // 0x03C9
    {0, 0, 0, 0, 0, 0}, // 0x03CA
    {0, 0, 0, 0, 0, 0}, // 0x03CB
    {0, 0, 0, 0, 0, 0}, // 0x03CC
    {0, 0, 0, 0, 0, 0}, // 0x03CD
    {0, 0, 0, 0, 0, 0}, // 0x03CE
    {0, 0, 0, 0, 0, 0}, // 0x03CF
    {0, 0, 0, 0, 0, 0}, // 0x03D0
    {0, 0, 0, 0, 0, 0}, // 0x03D1
    {0, 0, 0, 0, 0, 0}, // 0x03D2
    {0, 0, 0, 0, 0, 0}, // 0x03D3
    {0, 0, 0, 0, 0, 0}, // 0x03D4
    {0, 0, 0, 0, 0, 0}, // 0x03D5
    {0, 0, 0, 0, 0, 0}, // 0x03D6
    {0, 0, 0, 0, 0, 0}, // 0x03D7
    {0, 0, 0, 0, 0, 0}, // 0x03D8
    {0, 0, 0, 0, 0, 0}, // 0x03D9
    {0, 0, 0, 0, 0, 0}, // 0x03DA
    {0, 0, 0, 0, 0, 0}, // 0x03DB
    {0, 0, 0, 0, 0, 0}, // 0x03DC
    {0, 0, 0, 0, 0, 0}, // 0x03DD
    {0, 0, 0, 0, 0, 0}, // 0x03DE
    {0, 0, 0, 0, 0, 0}, // 0x03DF
    {0, 0, 0, 0, 0, 0}, // 0x03E0
    {0, 0, 0, 0, 0, 0}, // 0x03E1
    {0, 0, 0, 0, 0, 0}, // 0x03E2
    {0, 0, 0, 0, 0, 0}, // 0x03E3
    {0, 0, 0, 0, 0, 0}, // 0x03E4
    {0, 0, 0, 0, 0, 0}, // 0x03E5
    {0, 0, 0, 0, 0, 0}, // 0x03E6
    {0, 0, 0, 0, 0, 0}, // 0x03E7
    {0, 0, 0, 0, 0, 0}, // 0x03E8
    {0, 0, 0, 0, 0, 0}, // 0x03E9
    {0, 0, 0, 0, 0, 0}, // 0x03EA
    {0, 0, 0, 0, 0, 0}, // 0x03EB
    {0, 0, 0, 0, 0, 0}, // 0x03EC
    {0, 0, 0, 0, 0, 0}, // 0x03ED
    {0, 0, 0, 0, 0, 0}, // 0x03EE
    {0, 0, 0, 0, 0, 0}, // 0x03EF
    {0, 0, 0, 0, 0, 0}, // 0x03F0
    {0, 0, 0, 0, 0, 0}, // 0x03F1
    {0, 0, 0, 0, 0, 0}, // 0x03F2
    {0, 0, 0, 0, 0, 0}, // 0x03F3
    {0, 0, 0, 0, 0, 0}, // 0x03F4
    {0, 0, 0, 0, 0, 0}, // 0x03F5
    {0, 0, 0, 0, 0, 0}, // 0x03F6
    {0, 0, 0, 0, 0, 0}, // 0x03F7
    {0, 0, 0, 0, 0, 0}, // 0x03F8
    {0, 0, 0, 0, 0, 0}, // 0x03F9
    {0, 0, 0, 0, 0, 0}, // 0x03FA
    {0, 0, 0, 0, 0, 0}, // 0x03FB
    {0, 0, 0, 0, 0, 0}, // 0x03FC
    {0, 0, 0, 0, 0, 0}, // 0x03FD
    {0, 0, 0, 0, 0, 0}, // 0x03FE
    {0, 0, 0, 0, 0, 0}, // 0x03FF
    {2975, 7, 13, 9, 1, -13}, // 0x0400
    {2987, 7, 12, 9, 1, -12}, // 0x0401
    {2998, 10, 13, 11, 0, -10}, // 0x0402
    {3015, 6, 13, 9, 1, -13}, // 0x0403
    {3025, 8, 10, 10, 1, -10}, // 0x0404
    {3035, 7, 10, 9, 1, -10}, // 0x0405
    {3044, 1, 10, 4, 1, -10}, // 0x0406
    {3046, 3, 12, 4, 0, -12}, // 0x0407
    {3051, 3, 13, 4, -1, -10}, // 0x0408
    {3056, 14, 10, 15, 1, -10}, // 0x0409
    {3074, 12, 10, 15, 1, -10}, // 0x040A
    {3089, 10, 10, 11, 0, -10}, // 0x040B
    {3102, 8, 13, 10, 1, -13}, // 0x040C
    {3115, 8, 13, 10, 1, -13}, // 0x040D
    {3128, 8, 13, 9, 0, -13}, // 0x040E
    {3141, 7, 12, 11, 1, -10}, // 0x040F
    {3152, 9, 10, 10, 0, -10}, // 0x0410
    {3164, 8, 10, 10, 1, -10}, // 0x0411
    {3174, 8, 10, 10, 1, -10}, // 0x0412
    {3184, 6, 10, 9, 1, -10}, // 0x0413
    {3192, 10, 12, 11, 1, -10}, // 0x0414
    {3207, 7, 10, 9, 1, -10}, // 0x0415
    {3216, 15, 10, 15, 0, -10}, // 0x0416
    {3235, 7, 10, 9, 1, -10}, // 0x0417
    {3244, 8, 10, 10, 1, -10}, // 0x0418
    {3254, 8, 13, 10, 1, -13}, // 0x0419
    {3267, 8, 10, 10, 1, -10}, // 0x041A
    {3277, 9, 10, 11, 1, -10}, // 0x041B
    {3289, 10, 10, 12, 1, -10}, // 0x041C
    {3302, 8, 10, 11, 1, -10}, // 0x041D
    {3312, 9, 10, 11, 1, -10}, // 0x041E
    {3324, 8, 10, 11, 1, -10}, // 0x041F
    {3334, 7, 10, 8, 1, -10}, // 0x0420
    {3343, 8, 10, 10, 1, -10}, // 0x0421
    {3353, 9, 10, 9, 0, -10}, // 0x0422
    {3365, 8, 10, 9, 0, -10}, // 0x0423
    {3375, 11, 10, 12, 1, -10}, // 0x0424
    {3389, 9, 10, 10, 0, -10}, // 0x0425
    {3401, 9, 12, 11, 1, -10}, // 0x0426
    {3415, 7, 10, 10, 1, -10}, // 0x0427
    {3424, 13, 10, 15, 1, -10}, // 0x0428
    {3441, 14, 12, 15, 1, -10}, // 0x0429
    {3462, 9, 10, 12, 1, -10}, // 0x042A
    {3474, 9, 10, 12, 1, -10}, // 0x042B
    {3486, 7, 10, 10, 1, -10}, // 0x042C
    {3495, 8, 10, 10, 1, -10}, // 0x042D
    {3505, 12, 10, 15, 1, -10}, // 0x042E
    {3520, 7, 10, 10, 1, -10}, // 0x042F
    {3529, 6, 8, 9, 1, -8}, // 0x0430
    {3535, 7, 11, 9, 1, -12}, // 0x0431
    {3545, 6, 8, 8, 1, -8}, // 0x0432
    {3551, 5, 8, 7, 1, -8}, // 0x0433
    {3556, 8, 10, 10, 1, -8}, // 0x0434
    {3566, 7, 8, 9, 1, -8}, // 0x0435
    {3573, 11, 8, 13, 1, -8}, // 0x0436
    {3584, 6, 8, 7, 1, -8}, // 0x0437
    {3590, 7, 8, 9, 1, -8}, // 0x0438
    {3597, 7, 11, 9, 1, -11}, // 0x0439
    {3607, 7, 8, 8, 1, -8}, // 0x043A
    {3614, 7, 8, 9, 1, -8}, // 0x043B
    {3621, 8, 8, 11, 1, -8}, // 0x043C
    {3629, 7, 8, 9, 1, -8}, // 0x043D
    {3636, 7, 8, 9, 1, -8}, // 0x043E
    {3643, 7, 8, 9, 1, -8}, // 0x043F
    {3650, 7, 11, 9, 1, -8}, // 0x0440
    {3660, 6, 8, 8, 1, -8}, // 0x0441
    {3666, 7, 8, 8, 1, -8}, // 0x0442
    {3673, 6, 11, 8, 0, -8}, // 0x0443
    {3682, 11, 14, 12, 1, -11}, // 0x0444
    {3702, 6, 8, 8, 0, -8}, // 0x0445
    {3708, 8, 10, 10, 1, -8}, // 0x0446
    {3718, 6, 8, 8, 1, -8}, // 0x0447
    {3724, 11, 8, 13, 1, -8}, // 0x0448
    {3735, 12, 10, 13, 1, -8}, // 0x0449
    {3750, 9, 8, 10, 0, -8}, // 0x044A
    {3759, 8, 8, 11, 1, -8}, // 0x044B
    {3767, 6, 8, 8, 1, -8}, // 0x044C
    {3773, 6, 8, 8, 1, -8}, // 0x044D
    {3779, 10, 8, 12, 1, -8}, // 0x044E
    {3789, 7, 8, 8, 0, -8}, // 0x044F
    {3796, 7, 11, 9, 1, -11}, // 0x0450
    {3806, 7, 11, 9, 1, -11}, // 0x0451
    {3816, 8, 14, 9, 0, -11}, // 0x0452
    {3830, 5, 11, 7, 1, -11}, // 0x0453
    {3837, 6, 8, 8, 1, -8}, // 0x0454
    {3843, 6, 8, 7, 1, -8}, // 0x0455
    {3849, 1, 11, 4, 1, -11}, // 0x0456
    {3851, 3, 11, 4, 0, -11}, // 0x0457
    {3856, 3, 14, 4, -1, -11}, // 0x0458
    {3862, 11, 8, 13, 1, -8}, // 0x0459
    {3873, 10, 8, 13, 1, -8}, // 0x045A
    {3883, 8, 11, 9, 0, -11}, // 0x045B
    {3894, 7, 11, 8, 1, -11}, // 0x045C
    {3904, 7, 11, 9, 1, -11}, // 0x045D
    {3914, 6, 14, 8, 0, -11}, // 0x045E
    {3925, 7, 10, 9, 1, -8}, // 0x045F
    {0, 0, 0, 0, 0, 0}, // 0x0460
    {0, 0, 0, 0, 0, 0}, // 0x0461
    {0, 0, 0, 0, 0, 0}, // 0x0462
    {0, 0, 0, 0, 0, 0}, // 0x0463
    {0, 0, 0, 0, 0, 0}, // 0x0464
    {0, 0, 0, 0, 0, 0}, // 0x0465
    {0, 0, 0, 0, 0, 0}, // 0x0466
    {0, 0, 0, 0, 0, 0}, // 0x0467
    {0, 0, 0, 0, 0, 0}, // 0x0468
    {0, 0, 0, 0, 0, 0}, // 0x0469
    {0, 0, 0, 0, 0, 0}, // 0x046A
    {0, 0, 0, 0, 0, 0}, // 0x046B
    {0, 0, 0, 0, 0, 0}, // 0x046C
    {0, 0, 0, 0, 0, 0}, // 0x046D
    {0, 0, 0, 0, 0, 0}, // 0x046E
    {0, 0, 0, 0, 0, 0}, // 0x046F
    {0, 0, 0, 0, 0, 0}, // 0x0470
    {0, 0, 0, 0, 0, 0}, // 0x0471
    {0, 0, 0, 0, 0, 0}, // 0x0472
    {0, 0, 0, 0, 0, 0}, // 0x0473
    {0, 0, 0, 0, 0, 0}, // 0x0474
    {0, 0, 0, 0, 0, 0}, // 0x0475
    {0, 0, 0, 0, 0, 0}, // 0x0476
    {0, 0, 0, 0, 0, 0}, // 0x0477
    {0, 0, 0, 0, 0, 0}, // 0x0478
    {0, 0, 0, 0, 0, 0}, // 0x0479
    {0, 0, 0, 0, 0, 0}, // 0x047A
    {0, 0, 0, 0, 0, 0}, // 0x047B
    {0, 0, 0, 0, 0, 0}, // 0x047C
    {0, 0, 0, 0, 0, 0}, // 0x047D
    {0, 0, 0, 0, 0, 0}, // 0x047E
    {0, 0, 0, 0, 0, 0}, // 0x047F
    {0, 0, 0, 0, 0, 0}, // 0x0480
    {0, 0, 0, 0, 0, 0}, // 0x0481
    {0, 0, 0, 0, 0, 0}, // 0x0482
    {0, 0, 0, 0, 0, 0}, // 0x0483
    {0, 0, 0, 0, 0, 0}, // 0x0484
    {0, 0, 0, 0, 0, 0}, // 0x0485
    {0, 0, 0, 0, 0, 0}, // 0x0486
    {0, 0, 0, 0, 0, 0}, // 0x0487
    {0, 0, 0, 0, 0, 0}, // 0x0488
    {0, 0, 0, 0, 0, 0}, // 0x0489
    {0, 0, 0, 0, 0, 0}, // 0x048A
    {0, 0, 0, 0, 0, 0}, // 0x048B
    {0, 0, 0, 0, 0, 0}, // 0x048C
    {0, 0, 0, 0, 0, 0}, // 0x048D
    {0, 0, 0, 0, 0, 0}, // 0x048E
    {0, 0, 0, 0, 0, 0}, // 0x048F
    {3934, 6, 12, 9, 1, -12}, // 0x0490
    {3943, 5, 10, 7, 1, -10}, // 0x0491
};

// --- Tiny: em=11px, yAdvance=14, коди 0x0020..0x0491 ---
constexpr uint16_t kTinyFirst = 0x0020;
constexpr uint16_t kTinyLast = 0x0491;
constexpr uint8_t kTinyYAdvance = 14;

static const uint8_t kTinyBitmaps[] PROGMEM = {
    0xFD, 0xB6, 0x80, 0x12, 0x14, 0x7F, 0x24, 0x24, 0xFE, 0x28, 0x48, 0x23, 0xE9, 0x47, 0x14, 0xBE,
    0x21, 0x00, 0x62, 0x4A, 0x25, 0x0D, 0x00, 0xB0, 0xA4, 0x52, 0x46, 0x30, 0x48, 0x40, 0x60, 0x91,
    0x8A, 0xC4, 0x7B, 0xE0, 0x6A, 0xAA, 0x90, 0xA5, 0x55, 0xA0, 0x25, 0x5C, 0xEA, 0x90, 0x10, 0x20,
    0x47, 0xF1, 0x02, 0x04, 0x00, 0xC0, 0xE0, 0x80, 0x13, 0x22, 0x64, 0x4C, 0x80, 0x76, 0xE3, 0x18,
    0xC7, 0x6E, 0xE1, 0x08, 0x42, 0x10, 0x9F, 0x74, 0x42, 0x11, 0x11, 0x1F, 0x74, 0x42, 0xE0, 0x86,
    0x2E, 0x08, 0x62, 0x92, 0x8B, 0xF0, 0x82, 0xF4, 0x21, 0xE0, 0x84, 0x3E, 0x3A, 0x21, 0xE8, 0xC6,
    0x2E, 0xF8, 0x44, 0x22, 0x10, 0x88, 0x74, 0x62, 0xE8, 0xC6, 0x2E, 0x74, 0x63, 0x17, 0x84, 0x5C,
    0x84, 0x86, 0x02, 0x3B, 0x87, 0x01, 0xC0, 0x40, 0xFE, 0x03, 0xF8, 0x80, 0xE0, 0x38, 0x77, 0x10,
    0x00, 0xE1, 0x36, 0x44, 0x04, 0x1F, 0x18, 0x64, 0x06, 0x39, 0x92, 0x64, 0xB8, 0xF1, 0x00, 0x61,
    0x07, 0x80, 0x10, 0x50, 0xA1, 0x44, 0x4F, 0x91, 0x41, 0xFA, 0x18, 0x7E, 0x86, 0x18, 0x7E, 0x39,
    0x18, 0x20, 0x82, 0x04, 0x4E, 0xF2, 0x28, 0x61, 0x86, 0x18, 0xBC, 0xFC, 0x21, 0xF8, 0x42, 0x1F,
    0xFC, 0x21, 0xF8, 0x42, 0x10, 0x3C, 0x86, 0x04, 0x08, 0xF0, 0x50, 0x9E, 0x86, 0x18, 0x7F, 0x86,
    0x18, 0x61, 0xFF, 0x24, 0x92, 0x49, 0x38, 0x8A, 0x4A, 0x30, 0xA2, 0x48, 0xA1, 0x84, 0x21, 0x08,
    0x42, 0x1F, 0x83, 0x8F, 0x1D, 0x5A, 0xB2, 0x60, 0xC1, 0xC7, 0x1A, 0x69, 0x96, 0x58, 0xE3, 0x38,
    0x8A, 0x0C, 0x18, 0x30, 0x51, 0x1C, 0xF4, 0x63, 0x1F, 0x42, 0x10, 0x38, 0x8A, 0x0C, 0x18, 0x30,
    0x51, 0x1C, 0x0C, 0xF2, 0x28, 0xA2, 0xF2, 0x48, 0xA1, 0x7A, 0x18, 0x3C, 0x0C, 0x18, 0x5E, 0xFE,
    0x20, 0x40, 0x81, 0x02, 0x04, 0x08, 0x86, 0x18, 0x61, 0x86, 0x1C, 0xDE, 0x04, 0x18, 0xA2, 0x51,
    0x42, 0x08, 0x88, 0xC4, 0x52, 0x4A, 0xA5, 0x52, 0xA8, 0x88, 0x44, 0xC6, 0x88, 0xA0, 0x81, 0x05,
    0x11, 0x63, 0x82, 0x88, 0xA0, 0x81, 0x02, 0x04, 0x08, 0xFE, 0x08, 0x20, 0x81, 0x04, 0x10, 0x7F,
    0xEA, 0xAA, 0xB0, 0x8C, 0x44, 0x62, 0x23, 0x10, 0xD5, 0x55, 0x70, 0x38, 0xDB, 0x18, 0xFC, 0x90,
    0x70, 0x5F, 0x18, 0xBC, 0x84, 0x21, 0xE8, 0xC6, 0x31, 0xF0, 0x78, 0x88, 0x87, 0x08, 0x42, 0xF8,
    0xC6, 0x31, 0x78, 0x74, 0x7F, 0x0C, 0xB8, 0x34, 0x4F, 0x44, 0x44, 0x40, 0x7C, 0x63, 0x18, 0xBC,
    0x2E, 0x84, 0x21, 0xE8, 0xC6, 0x31, 0x88, 0xBF, 0x45, 0x55, 0x70, 0x84, 0x21, 0x2A, 0x62, 0x92,
    0x88, 0xFF, 0x80, 0xF7, 0x44, 0x62, 0x31, 0x18, 0x8C, 0x44, 0xF4, 0x63, 0x18, 0xC4, 0x74, 0x63,
    0x18, 0xB8, 0xF4, 0x63, 0x18, 0xFA, 0x10, 0x7C, 0x63, 0x18, 0xBC, 0x21, 0xBC, 0x88, 0x88, 0x74,
    0x78, 0x38, 0xB8, 0x44, 0xF4, 0x44, 0x47, 0x8C, 0x63, 0x18, 0xBC, 0x08, 0x65, 0x26, 0x30, 0x93,
    0x26, 0xAD, 0x54, 0x48, 0x80, 0x85, 0x23, 0x0C, 0x4A, 0x10, 0x86, 0x14, 0x92, 0x30, 0xC2, 0x30,
    0xF8, 0x44, 0x44, 0x7C, 0x39, 0x08, 0x4C, 0x10, 0x84, 0x21, 0xC0, 0xFF, 0xE0, 0xE1, 0x08, 0x41,
    0x90, 0x84, 0x27, 0x00, 0x73, 0x38, 0xBF, 0x21, 0x1F, 0x4A, 0x52, 0x8F, 0x21, 0x00, 0x32, 0x50,
    0x8F, 0x21, 0x1F, 0x82, 0xF9, 0x12, 0x24, 0x4F, 0xA0, 0x80, 0x06, 0x25, 0x36, 0x23, 0xE2, 0x08,
    0xF7, 0x80, 0x7C, 0x19, 0x68, 0xB4, 0x41, 0xF0, 0xA0, 0x3C, 0x42, 0x9D, 0xA1, 0xA1, 0x9D, 0x42,
    0x3C, 0x7F, 0x9F, 0x0F, 0x25, 0xB9, 0x1B, 0x24, 0xFE, 0x04, 0x08, 0x3C, 0x42, 0xBD, 0xA5, 0xB9,
    0xA5, 0x42, 0x3C, 0xE0, 0xF7, 0x80, 0x10, 0x23, 0xF8, 0x81, 0x00, 0x3F, 0x80, 0xE5, 0x70, 0xE8,
    0xF0, 0x60, 0x8A, 0x28, 0xA2, 0x8B, 0xF8, 0x20, 0x7F, 0x7B, 0xD6, 0x94, 0xA5, 0x28, 0x80, 0x70,
    0xC9, 0x70, 0x69, 0x96, 0x0F, 0x93, 0x62, 0x76, 0x90, 0xC2, 0x22, 0x12, 0x1D, 0x01, 0x10, 0x98,
    0x9E, 0x82, 0xC2, 0x22, 0x12, 0x1D, 0x01, 0x38, 0x84, 0x84, 0x87, 0xE2, 0x22, 0x0A, 0x1D, 0x01,
    0x10, 0x98, 0x9E, 0x82, 0x20, 0x22, 0x6C, 0x87, 0x08, 0x00, 0x41, 0x42, 0x85, 0x11, 0x3E, 0x45,
    0x04, 0x10, 0x00, 0x41, 0x42, 0x85, 0x11, 0x3E, 0x45, 0x04, 0x28, 0x00, 0x41, 0x42, 0x85, 0x11,
    0x3E, 0x45, 0x04, 0x74, 0xB8, 0x00, 0x82, 0x85, 0x0A, 0x22, 0x7C, 0x8A, 0x08, 0x28, 0x00, 0x41,
    0x42, 0x85, 0x11, 0x3E, 0x45, 0x04, 0x38, 0x50, 0x40, 0x82, 0x85, 0x11, 0x3E, 0x45, 0x04, 0x1F,
    0xC5, 0x03, 0x40, 0x9F, 0x24, 0x1F, 0x04, 0x42, 0x1F, 0x39, 0x18, 0x20, 0x82, 0x04, 0x4E, 0x08,
    0x60, 0x20, 0x3F, 0x08, 0x7E, 0x10, 0x87, 0xC0, 0x40, 0x3F, 0x08, 0x7E, 0x10, 0x87, 0xC0, 0x50,
    0x3F, 0x08, 0x7E, 0x10, 0x87, 0xC0, 0x50, 0x3F, 0x08, 0x7E, 0x10, 0x87, 0xC0, 0xBF, 0xC0, 0x85,
    0x55, 0x50, 0xA1, 0x24, 0x92, 0x48, 0xA1, 0x24, 0x92, 0x48, 0x7C, 0x89, 0x0F, 0x94, 0x28, 0x51,
    0x3E, 0x69, 0x60, 0x31, 0xC6, 0x9A, 0x65, 0x96, 0x38, 0xC0, 0x10, 0x00, 0xE2, 0x28, 0x30, 0x60,
    0xC1, 0x44, 0x70, 0x20, 0x00, 0xE2, 0x28, 0x30, 0x60, 0xC1, 0x44, 0x70, 0x28, 0x00, 0xE2, 0x28,
    0x30, 0x60, 0xC1, 0x44, 0x70, 0x74, 0xB8, 0x01, 0xC4, 0x50, 0x60, 0xC1, 0x82, 0x88, 0xE0, 0x28,
    0x00, 0xE2, 0x28, 0x30, 0x60, 0xC1, 0x44, 0x70, 0x85, 0x23, 0x0C, 0x4A, 0x10, 0x3A, 0x8A, 0x2C,
    0x99, 0x34, 0x51, 0x5C, 0x10, 0x08, 0x61, 0x86, 0x18, 0x61, 0xCD, 0xE0, 0x20, 0x08, 0x61, 0x86,
    0x18, 0x61, 0xCD, 0xE0, 0x48, 0x08, 0x61, 0x86, 0x18, 0x61, 0xCD, 0xE0, 0x48, 0x08, 0x61, 0x86,
    0x18, 0x61, 0xCD, 0xE0, 0x20, 0x02, 0x0A, 0x22, 0x82, 0x04, 0x08, 0x10, 0x20, 0x87, 0xA3, 0x18,
    0xFA, 0x10, 0x64, 0xA5, 0x4A, 0x4A, 0x31, 0xB8, 0x41, 0x00, 0xE0, 0xBE, 0x31, 0x78, 0x11, 0x00,
    0xE0, 0xBE, 0x31, 0x78, 0x22, 0x80, 0xE0, 0xBE, 0x31, 0x78, 0xED, 0xC0, 0xE0, 0xBE, 0x31, 0x78,
    0x50, 0x1C, 0x17, 0xC6, 0x2F, 0x72, 0x9C, 0x07, 0x05, 0xF1, 0x8B, 0xC0, 0x77, 0x04, 0x5F, 0xF1,
    0x09, 0xC3, 0xBC, 0x78, 0x88, 0x87, 0x13, 0x41, 0x00, 0xE8, 0xFE, 0x19, 0x70, 0x11, 0x00, 0xE8,
    0xFE, 0x19, 0x70, 0x22, 0x80, 0xE8, 0xFE, 0x19, 0x70, 0x50, 0x1D, 0x1F, 0xC3, 0x2E, 0x91, 0x55,
    0x40, 0x62, 0xAA, 0x80, 0x54, 0x24, 0x92, 0x40, 0xA1, 0x24, 0x92, 0x13, 0xA3, 0x18, 0xC5, 0xC0,
    0x6A, 0xC1, 0xE8, 0xC6, 0x31, 0x88, 0x41, 0x00, 0xE8, 0xC6, 0x31, 0x70, 0x11, 0x00, 0xE8, 0xC6,
    0x31, 0x70, 0x22, 0x80, 0xE8, 0xC6, 0x31, 0x70, 0xED, 0xC0, 0xE8, 0xC6, 0x31, 0x70, 0x50, 0x1D,
    0x18, 0xC6, 0x2E, 0x10, 0x03, 0xF8, 0x01, 0x00, 0x7C, 0xEB, 0x5C, 0xF8, 0x41, 0x01, 0x18, 0xC6,
    0x31, 0x78, 0x11, 0x01, 0x18, 0xC6, 0x31, 0x78, 0x22, 0x81, 0x18, 0xC6, 0x31, 0x78, 0x50, 0x23,
    0x18, 0xC6, 0x2F, 0x08, 0x40, 0x21, 0x85, 0x24, 0x8C, 0x30, 0x8C, 0x00, 0x84, 0x21, 0xE8, 0xC6,
    0x31, 0xF4, 0x20, 0x48, 0x08, 0x61, 0x49, 0x23, 0x0C, 0x23, 0x00, 0x38, 0x00, 0x41, 0x42, 0x85,
    0x11, 0x3E, 0x45, 0x04, 0x70, 0x1C, 0x17, 0xC6, 0x2F, 0x28, 0x70, 0x00, 0x82, 0x85, 0x0A, 0x22,
    0x7C, 0x8A, 0x08, 0x53, 0x80, 0xE0, 0xBE, 0x31, 0x78, 0x10, 0x28, 0x28, 0x28, 0x44, 0x7C, 0x44,
    0x82, 0x02, 0x03, 0x70, 0x5F, 0x18, 0xBC, 0x43, 0x20, 0x03, 0x91, 0x82, 0x08, 0x20, 0x44, 0xE0,
    0x12, 0x07, 0x88, 0x88, 0x70, 0x28, 0x03, 0x91, 0x82, 0x08, 0x20, 0x44, 0xE0, 0x25, 0x07, 0x88,
    0x88, 0x70, 0x10, 0x03, 0x91, 0x82, 0x08, 0x20, 0x44, 0xE0, 0x20, 0x78, 0x88, 0x87, 0x10, 0x03,
    0x91, 0x82, 0x08, 0x20, 0x44, 0xE0, 0x52, 0x07, 0x88, 0x88, 0x70, 0x10, 0x0F, 0x22, 0x86, 0x18,
    0x61, 0x8B, 0xC0, 0x08, 0x14, 0x2B, 0xC8, 0x91, 0x22, 0x44, 0x78, 0x7C, 0x89, 0x0F, 0x94, 0x28,
    0x51, 0x3E, 0x08, 0xF0, 0x9E, 0x8A, 0x28, 0xA2, 0x78, 0x70, 0x3F, 0x08, 0x7E, 0x10, 0x87, 0xC0,
    0x70, 0x1D, 0x1F, 0xC3, 0x2E, 0x53, 0x81, 0xF8, 0x43, 0xF0, 0x84, 0x3E, 0x53, 0x80, 0xE8, 0xFE,
    0x19, 0x70, 0x20, 0x3F, 0x08, 0x7E, 0x10, 0x87, 0xC0, 0x20, 0x1D, 0x1F, 0xC3, 0x2E, 0xFC, 0x21,
    0xF8, 0x42, 0x1F, 0x10, 0xC0, 0x74, 0x7F, 0x0C, 0xB8, 0x43, 0x20, 0x3F, 0x08, 0x7E, 0x10, 0x87,
    0xC0, 0x51, 0x00, 0xE8, 0xFE, 0x19, 0x70, 0x28, 0x00, 0xF2, 0x18, 0x10, 0x23, 0xC1, 0x42, 0x78,
    0x22, 0x80, 0xF8, 0xC6, 0x31, 0x78, 0x5C, 0x28, 0x70, 0x01, 0xE4, 0x30, 0x20, 0x47, 0x82, 0x84,
    0xF0, 0x53, 0x80, 0xF8, 0xC6, 0x31, 0x78, 0x5C, 0x10, 0x00, 0xF2, 0x18, 0x10, 0x23, 0xC1, 0x42,
    0x78, 0x20, 0x1F, 0x18, 0xC6, 0x2F, 0x0B, 0x80, 0x3C, 0x86, 0x04, 0x08, 0xF0, 0x50, 0x9E, 0x00,
    0x20, 0x80, 0x21, 0x1F, 0x18, 0xC6, 0x2F, 0x0B, 0x80, 0x48, 0x08, 0x61, 0x87, 0xF8, 0x61, 0x86,
    0x10, 0xA0, 0x04, 0x10, 0x79, 0x14, 0x51, 0x45, 0x10, 0x42, 0xFF, 0x42, 0x7E, 0x42, 0x42, 0x42,
    0x42, 0x43, 0xC4, 0x1E, 0x45, 0x14, 0x51, 0x44, 0xED, 0xC0, 0x42, 0x10, 0x84, 0x21, 0x08, 0xED,
    0xC0, 0x42, 0x10, 0x84, 0x20, 0xE1, 0x24, 0x92, 0x48, 0xE1, 0x24, 0x92, 0xBC, 0x24, 0x92, 0x49,
    0x00, 0xBC, 0x24, 0x92, 0x40, 0xAA, 0xAA, 0xB0, 0x8A, 0xAA, 0xB0, 0xBF, 0xC0, 0xFC, 0x99, 0x99,
    0x99, 0x99, 0x16, 0x90, 0x99, 0x99, 0x99, 0x13, 0x50, 0x22, 0x22, 0x22, 0x22, 0x2C, 0x54, 0x24,
    0x92, 0x4B, 0x00, 0x8A, 0x4A, 0x30, 0xA2, 0x48, 0xA1, 0x00, 0x42, 0x00, 0x84, 0x21, 0x2A, 0x62,
    0x92, 0x88, 0x08, 0x80, 0x95, 0x31, 0x49, 0x44, 0x80, 0x21, 0x08, 0x42, 0x10, 0x87, 0xC0, 0xBF,
    0xE0, 0x84, 0x21, 0x08, 0x42, 0x1F, 0x01, 0x10, 0x55, 0x55, 0x46, 0x94, 0xA1, 0x08, 0x42, 0x1F,
    0x96, 0xC9, 0x24, 0x80, 0x84, 0x25, 0x08, 0x42, 0x1F, 0x92, 0x59, 0x24, 0x80, 0x41, 0x05, 0x18,
    0xC1, 0x04, 0x1F, 0x49, 0x35, 0x92, 0x40, 0x20, 0x0C, 0x71, 0xA6, 0x99, 0x65, 0x8E, 0x30, 0x22,
    0x01, 0xE8, 0xC6, 0x31, 0x88, 0xC7, 0x1A, 0x69, 0x96, 0x58, 0xE3, 0x00, 0x42, 0x00, 0xF4, 0x63,
    0x18, 0xC4, 0x04, 0x40, 0x30, 0x0C, 0x71, 0xA6, 0x99, 0x65, 0x8E, 0x30, 0x51, 0x01, 0xE8, 0xC6,
    0x31, 0x88, 0x81, 0x00, 0xF1, 0x12, 0x24, 0x48, 0x91, 0xBB, 0x18, 0x61, 0x86, 0x18, 0x61, 0x04,
    0x30, 0xF4, 0x63, 0x18, 0xC4, 0x27, 0x38, 0x00, 0xE2, 0x28, 0x30, 0x60, 0xC1, 0x44, 0x70, 0x70,
    0x1D, 0x18, 0xC6, 0x2E, 0x28, 0x70, 0x01, 0xC4, 0x50, 0x60, 0xC1, 0x82, 0x88, 0xE0, 0x53, 0x80,
    0xE8, 0xC6, 0x31, 0x70, 0x28, 0x00, 0xE2, 0x28, 0x30, 0x60, 0xC1, 0x44, 0x70, 0x2A, 0x80, 0xE8,
    0xC6, 0x31, 0x70, 0x3F, 0xD1, 0x08, 0x42, 0x1F, 0x84, 0x21, 0x04, 0x40, 0xFF, 0x77, 0x44, 0x63,
    0xF1, 0x08, 0xC3, 0xBC, 0x40, 0x0F, 0x22, 0x8A, 0x2F, 0x24, 0x8A, 0x10, 0x24, 0x0B, 0xC8, 0x88,
    0x80, 0xF2, 0x28, 0xA2, 0xF2, 0x48, 0xA1, 0x00, 0x42, 0x00, 0x5B, 0x10, 0x84, 0x20, 0x08, 0x80,
    0x20, 0x0F, 0x22, 0x8A, 0x2F, 0x24, 0x8A, 0x10, 0x64, 0x0B, 0xC8, 0x88, 0x80, 0x40, 0x07, 0xA1,
    0x83, 0xC0, 0xC1, 0x85, 0xE0, 0x22, 0x00, 0xE8, 0xF0, 0x71, 0x70, 0x50, 0x07, 0xA1, 0x83, 0xC0,
    0xC1, 0x85, 0xE0, 0x22, 0x80, 0xE8, 0xF0, 0x71, 0x70, 0x7A, 0x18, 0x3C, 0x0C, 0x18, 0x5E, 0x10,
    0xC0, 0x74, 0x78, 0x38, 0xB8, 0x8C, 0x30, 0x07, 0xA1, 0x83, 0xC0, 0xC1, 0x85, 0xE0, 0x51, 0x00,
    0xE8, 0xF0, 0x71, 0x70, 0xFE, 0x20, 0x40, 0x81, 0x02, 0x04, 0x08, 0x10, 0x60, 0x44, 0xF4, 0x44,
    0x47, 0x13, 0x10, 0x03, 0xF8, 0x81, 0x02, 0x04, 0x08, 0x10, 0x20, 0x15, 0x4F, 0x44, 0x44, 0x70,
    0xFE, 0x20, 0x40, 0x83, 0x82, 0x04, 0x08, 0x44, 0xF4, 0xF4, 0x47, 0x69, 0x60, 0x21, 0x86, 0x18,
    0x61, 0x87, 0x37, 0x80, 0xED, 0xC1, 0x18, 0xC6, 0x31, 0x78, 0x78, 0x08, 0x61, 0x86, 0x18, 0x61,
    0xCD, 0xE0, 0x70, 0x23, 0x18, 0xC6, 0x2F, 0x30, 0xC0, 0x21, 0x86, 0x18, 0x61, 0x87, 0x37, 0x80,
    0x53, 0x81, 0x18, 0xC6, 0x31, 0x78, 0x71, 0x47, 0x21, 0x86, 0x18, 0x61, 0x87, 0x37, 0x80, 0x72,
    0x9C, 0x08, 0xC6, 0x31, 0x8B, 0xC0, 0x28, 0x08, 0x61, 0x86, 0x18, 0x61, 0xCD, 0xE0, 0x2A, 0x81,
    0x18, 0xC6, 0x31, 0x78, 0x86, 0x18, 0x61, 0x86, 0x1C, 0xDE, 0x20, 0xC0, 0x8A, 0x28, 0xA2, 0x89,
    0xE0, 0x83, 0x14, 0x00, 0x22, 0x31, 0x14, 0x92, 0xA9, 0x54, 0xAA, 0x22, 0x11, 0x00, 0x10, 0x50,
    0x04, 0x99, 0x35, 0x6A, 0xA2, 0x44, 0x28, 0x02, 0x0A, 0x22, 0x82, 0x04, 0x08, 0x10, 0x20, 0x20,
    0xC0, 0x21, 0x85, 0x24, 0x8C, 0x30, 0x8C, 0x00, 0x28, 0x02, 0x0A, 0x22, 0x82, 0x04, 0x08, 0x10,
    0x20, 0x40, 0x03, 0xF8, 0x20, 0x82, 0x04, 0x10, 0x41, 0xFC, 0x11, 0x01, 0xF0, 0x88, 0x88, 0xF8,
    0x10, 0x03, 0xF8, 0x20, 0x82, 0x04, 0x10, 0x41, 0xFC, 0x10, 0x3E, 0x11, 0x11, 0x1F, 0x10, 0x03,
    0xF8, 0x20, 0x82, 0x04, 0x10, 0x41, 0xFC, 0x51, 0x01, 0xF0, 0x88, 0x88, 0xF8, 0x34, 0x4C, 0x44,
    0x44, 0x40, 0x10, 0x3F, 0x08, 0x7E, 0x10, 0x87, 0xC0, 0x50, 0x3F, 0x08, 0x7E, 0x10, 0x87, 0xC0,
    0xFC, 0x40, 0x81, 0xE2, 0x24, 0x48, 0x91, 0x02, 0x18, 0x40, 0x3F, 0x08, 0x42, 0x10, 0x84, 0x00,
    0x39, 0x18, 0x3E, 0x82, 0x04, 0x4E, 0x7A, 0x18, 0x3C, 0x0C, 0x18, 0x5E, 0xFF, 0xA1, 0x24, 0x92,
    0x48, 0x24, 0x92, 0x49, 0x38, 0x3E, 0x04, 0x40, 0x88, 0x11, 0xE2, 0x22, 0x44, 0x50, 0x8C, 0x1E,
    0x84, 0x21, 0x08, 0x43, 0xFE, 0x84, 0x61, 0x18, 0x46, 0x1E, 0xFC, 0x40, 0x81, 0xE2, 0x24, 0x48,
    0x91, 0x20, 0x02, 0x14, 0x49, 0x16, 0x34, 0x44, 0x85, 0x0C, 0x10, 0x08, 0xE3, 0x96, 0x5A, 0x69,
    0xC7, 0x10, 0x28, 0xE0, 0x21, 0x49, 0x22, 0x8C, 0x30, 0x86, 0x00, 0x83, 0x06, 0x0C, 0x18, 0x30,
    0x60, 0xFF, 0x10, 0x20, 0x10, 0x50, 0xA1, 0x44, 0x4F, 0x91, 0x41, 0xFA, 0x08, 0x3E, 0x86, 0x18,
    0x7E, 0xFA, 0x18, 0x7E, 0x86, 0x18, 0x7E, 0xFC, 0x21, 0x08, 0x42, 0x10, 0x3E, 0x22, 0x22, 0x22,
    0x22, 0x22, 0x42, 0xFF, 0x81, 0x81, 0xFC, 0x21, 0xF8, 0x42, 0x1F, 0xC4, 0x6C, 0x98, 0xD6, 0x0F,
    0x82, 0xE8, 0x49, 0x11, 0x14, 0x21, 0x7A, 0x10, 0x4E, 0x04, 0x18, 0x5E, 0x8E, 0x39, 0x65, 0xA6,
    0x9C, 0x71, 0x48, 0xC0, 0x23, 0x8E, 0x59, 0x69, 0xA7, 0x1C, 0x40, 0x85, 0x12, 0x45, 0x8D, 0x11,
    0x21, 0x43, 0x3E, 0x44, 0x89, 0x12, 0x24, 0x50, 0xC1, 0x83, 0x8F, 0x1D, 0x5A, 0xB2, 0x60, 0xC1,
    0x86, 0x18, 0x7F, 0x86, 0x18, 0x61, 0x38, 0x8A, 0x0C, 0x18, 0x30, 0x51, 0x1C, 0xFE, 0x18, 0x61,
    0x86, 0x18, 0x61, 0xF4, 0x63, 0x1F, 0x42, 0x10, 0x39, 0x18, 0x20, 0x82, 0x04, 0x4E, 0xFE, 0x20,
    0x40, 0x81, 0x02, 0x04, 0x08, 0x85, 0x24, 0x8A, 0x30, 0xC2, 0x18, 0x08, 0x3E, 0xC9, 0x88, 0x88,
    0xC9, 0x3E, 0x08, 0xC6, 0x88, 0xA0, 0x81, 0x05, 0x11, 0x63, 0x85, 0x0A, 0x14, 0x28, 0x50, 0xA1,
    0x7F, 0x02, 0x04, 0x86, 0x18, 0x5F, 0x04, 0x10, 0x41, 0x88, 0xC4, 0x62, 0x31, 0x18, 0x8C, 0x46,
    0x23, 0xFF, 0x88, 0xA2, 0x28, 0x8A, 0x22, 0x88, 0xA2, 0x28, 0x8B, 0xFF, 0x00, 0x40, 0x10, 0xE0,
    0x20, 0x20, 0x3E, 0x21, 0x21, 0x21, 0x3E, 0x83, 0x06, 0x0F, 0xD8, 0x70, 0xE1, 0xFD, 0x82, 0x08,
    0x3E, 0x86, 0x18, 0x7E, 0x72, 0x20, 0x5F, 0x04, 0x18, 0x9C, 0x8F, 0x26, 0x29, 0x07, 0xC1, 0x90,
    0x64, 0x18, 0x8A, 0x1C, 0x7E, 0x18, 0x7F, 0x25, 0x14, 0x61, 0x70, 0x5F, 0x18, 0xBC, 0x3A, 0x21,
    0xE8, 0xC6, 0x31, 0x70, 0xFC, 0x7F, 0x18, 0xF8, 0xF8, 0x88, 0x88, 0x38, 0xA2, 0x8A, 0x4B, 0xF8,
    0x61, 0x74, 0x7F, 0x0C, 0xB8, 0xC9, 0xB5, 0x8F, 0x87, 0xC4, 0x94, 0x44, 0xF1, 0x61, 0x1E, 0x9C,
    0xEB, 0x5C, 0xE4, 0x53, 0x81, 0x39, 0xD6, 0xB9, 0xC8, 0x9D, 0xB9, 0xC9, 0x44, 0x3C, 0x92, 0x49,
    0x67, 0x10, 0xCF, 0x3B, 0x6D, 0xB6, 0x10, 0x8C, 0x7F, 0x18, 0xC4, 0x74, 0x63, 0x18, 0xB8, 0xFC,
    0x63, 0x18, 0xC4, 0xF4, 0x63, 0x18, 0xFA, 0x10, 0x78, 0x88, 0x87, 0xF9, 0x08, 0x42, 0x10, 0x86,
    0x14, 0x92, 0x30, 0xC2, 0x30, 0x08, 0x08, 0x08, 0x7F, 0x88, 0x88, 0x88, 0x88, 0x7F, 0x08, 0x08,
    0x85, 0x23, 0x0C, 0x4A, 0x10, 0x8A, 0x28, 0xA2, 0x8B, 0xF0, 0x41, 0x8C, 0x62, 0xF0, 0x84, 0x88,
    0xC4, 0x62, 0x31, 0x18, 0x8F, 0xFC, 0x88, 0xC4, 0x62, 0x31, 0x18, 0x8F, 0xFC, 0xE0, 0x40, 0xF1,
    0x12, 0x27, 0x80, 0x83, 0x07, 0xCC, 0x58, 0xBE, 0x40, 0x84, 0x3D, 0x18, 0xF8, 0xE1, 0x71, 0x1E,
    0x9D, 0x47, 0x8D, 0x1A, 0x33, 0x80, 0x7C, 0x62, 0xF4, 0xC4, 0x82, 0x00, 0xE8, 0xFE, 0x19, 0x70,
    0x50, 0x1D, 0x1F, 0xC3, 0x2E, 0x41, 0x0F, 0x90, 0x41, 0xE4, 0x51, 0x44, 0x21, 0x00, 0x12, 0x0F,
    0x88, 0x88, 0x80, 0x78, 0xF8, 0x87, 0x74, 0x78, 0x38, 0xB8, 0xBF, 0xA1, 0x24, 0x92, 0x45, 0x55,
    0x70, 0x3C, 0x12, 0x09, 0xC4, 0x96, 0x4E, 0x38, 0x88, 0x88, 0xFE, 0x89, 0x89, 0x8E, 0x41, 0x0F,
    0x90, 0x41, 0xE4, 0x51, 0x44, 0x11, 0x01, 0x3B, 0x73, 0x92, 0x88, 0x41, 0x01, 0x39, 0xD6, 0xB9,
    0xC8, 0x28, 0xE0, 0x21, 0x85, 0x24, 0x8C, 0x30, 0x8C, 0x00, 0x8C, 0x63, 0x18, 0xFC, 0x84, 0x08,
    0x7F, 0x08, 0x42, 0x10, 0x84, 0x00, 0x11, 0xF8, 0x88, 0x88,
};

static const lgfx::GFXglyph kTinyGlyphs[] PROGMEM = {
    {0, 0, 0, 4, 0, 0}, // 0x0020
    {0, 1, 8, 4, 1, -8}, // 0x0021
    {1, 3, 3, 5, 1, -8}, // 0x0022
    {3, 8, 8, 9, 1, -8}, // 0x0023
    {11, 5, 10, 7, 1, -8}, // 0x0024
    {18, 9, 8, 10, 0, -8}, // 0x0025
    {27, 8, 8, 9, 1, -8}, // 0x0026
    {35, 1, 3, 3, 1, -8}, // 0x0027
    {36, 2, 10, 4, 1, -9}, // 0x0028
    {39, 2, 10, 4, 1, -9}, // 0x0029
    {42, 5, 6, 6, 0, -8}, // 0x002A
    {46, 7, 7, 9, 1, -7}, // 0x002B
    {53, 1, 2, 4, 1, -1}, // 0x002C
    {54, 3, 1, 4, 1, -4}, // 0x002D
    {55, 1, 1, 4, 1, -1}, // 0x002E
    {56, 4, 9, 4, 0, -8}, // 0x002F
    {61, 5, 8, 7, 1, -8}, // 0x0030
    {66, 5, 8, 7, 1, -8}, // 0x0031
    {71, 5, 8, 7, 1, -8}, // 0x0032
    {76, 5, 8, 7, 1, -8}, // 0x0033
    {81, 6, 8, 7, 0, -8}, // 0x0034
    {87, 5, 8, 7, 1, -8}, // 0x0035
    {92, 5, 8, 7, 1, -8}, // 0x0036
    {97, 5, 8, 7, 1, -8}, // 0x0037
    {102, 5, 8, 7, 1, -8}, // 0x0038
    {107, 5, 8, 7, 1, -8}, // 0x0039
    {112, 1, 6, 4, 1, -6}, // 0x003A
    {113, 1, 7, 4, 1, -6}, // 0x003B
    {114, 7, 6, 9, 1, -6}, // 0x003C
    {120, 7, 3, 9, 1, -5}, // 0x003D
    {123, 7, 6, 9, 1, -6}, // 0x003E
    {129, 4, 8, 6, 1, -8}, // 0x003F
    {133, 10, 10, 11, 1, -8}, // 0x0040
    {146, 7, 8, 8, 0, -8}, // 0x0041
    {153, 6, 8, 8, 1, -8}, // 0x0042
    {159, 6, 8, 8, 1, -8}, // 0x0043
    {165, 6, 8, 8, 1, -8}, // 0x0044
    {171, 5, 8, 7, 1, -8}, // 0x0045
    {176, 5, 8, 6, 1, -8}, // 0x0046
    {181, 7, 8, 9, 1, -8}, // 0x0047
    {188, 6, 8, 8, 1, -8}, // 0x0048
    {194, 1, 8, 3, 1, -8}, // 0x0049
    {195, 3, 10, 3, -1, -8}, // 0x004A
    {199, 6, 8, 7, 1, -8}, // 0x004B
    {205, 5, 8, 6, 1, -8}, // 0x004C
    {210, 7, 8, 9, 1, -8}, // 0x004D
    {217, 6, 8, 8, 1, -8}, // 0x004E
    {223, 7, 8, 9, 1, -8}, // 0x004F
    {230, 5, 8, 7, 1, -8}, // 0x0050
    {235, 7, 9, 9, 1, -8}, // 0x0051
    {243, 6, 8, 8, 1, -8}, // 0x0052
    {249, 6, 8, 7, 1, -8}, // 0x0053
    {255, 7, 8, 7, 0, -8}, // 0x0054
    {262, 6, 8, 8, 1, -8}, // 0x0055
    {268, 6, 8, 8, 0, -8}, // 0x0056
    {274, 9, 8, 11, 0, -8}, // 0x0057
    {283, 7, 8, 8, 0, -8}, // 0x0058
    {290, 7, 8, 7, 0, -8}, // 0x0059
    {297, 7, 8, 8, 1, -8}, // 0x005A
    {304, 2, 10, 4, 1, -8}, // 0x005B
    {307, 4, 9, 4, 0, -8}, // 0x005C
    {312, 2, 10, 4, 1, -8}, // 0x005D
    {315, 7, 3, 9, 1, -8}, // 0x005E
    {318, 6, 1, 6, 0, 2}, // 0x005F
    {319, 2, 2, 6, 1, -9}, // 0x0060
    {320, 5, 6, 7, 1, -6}, // 0x0061
    {324, 5, 9, 7, 1, -9}, // 0x0062
    {330, 4, 6, 6, 1, -6}, // 0x0063
    {333, 5, 9, 7, 1, -9}, // 0x0064
    {339, 5, 6, 7, 1, -6}, // 0x0065
    {343, 4, 9, 4, 0, -9}, // 0x0066
    {348, 5, 8, 7, 1, -6}, // 0x0067
    {353, 5, 9, 7, 1, -9}, // 0x0068
    {359, 1, 8, 3, 1, -8}, // 0x0069
    {360, 2, 10, 3, 0, -8}, // 0x006A
    {363, 5, 9, 6, 1, -9}, // 0x006B
    {369, 1, 9, 3, 1, -9}, // 0x006C
    {371, 9, 6, 11, 1, -6}, // 0x006D
    {378, 5, 6, 7, 1, -6}, // 0x006E
    {382, 5, 6, 7, 1, -6}, // 0x006F
    {386, 5, 8, 7, 1, -6}, // 0x0070
    {391, 5, 8, 7, 1, -6}, // 0x0071
    {396, 4, 6, 5, 1, -6}, // 0x0072
    {399, 5, 6, 6, 1, -6}, // 0x0073
    {403, 4, 8, 4, 0, -8}, // 0x0074
    {407, 5, 6, 7, 1, -6}, // 0x0075
    {411, 5, 6, 7, 0, -6}, // 0x0076
    {415, 7, 6, 9, 1, -6}, // 0x0077
    {421, 6, 6, 7, 0, -6}, // 0x0078
    {426, 6, 8, 7, 0, -6}, // 0x0079
    {432, 5, 6, 6, 0, -6}, // 0x007A
    {436, 5, 10, 7, 1, -8}, // 0x007B
    {443, 1, 11, 4, 1, -8}, // 0x007C
    {445, 5, 10, 7, 1, -8}, // 0x007D
    {452, 7, 2, 9, 1, -5}, // 0x007E
    {0, 0, 0, 0, 0, 0}, // 0x007F
    {0, 0, 0, 0, 0, 0}, // 0x0080
    {0, 0, 0, 0, 0, 0}, // 0x0081
    {0, 0, 0, 0, 0, 0}, // 0x0082
    {0, 0, 0, 0, 0, 0}, // 0x0083
    {0, 0, 0, 0, 0, 0}, // 0x0084
    {0, 0, 0, 0, 0, 0}, // 0x0085
    {0, 0, 0, 0, 0, 0}, // 0x0086
    {0, 0, 0, 0, 0, 0}, // 0x0087
    {0, 0, 0, 0, 0, 0}, // 0x0088
    {0, 0, 0, 0, 0, 0}, // 0x0089
    {0, 0, 0, 0, 0, 0}, // 0x008A
    {0, 0, 0, 0, 0, 0}, // 0x008B
    {0, 0, 0, 0, 0, 0}, // 0x008C
    {0, 0, 0, 0, 0, 0}, // 0x008D
    {0, 0, 0, 0, 0, 0}, // 0x008E
    {0, 0, 0, 0, 0, 0}, // 0x008F
    {0, 0, 0, 0, 0, 0}, // 0x0090
    {0, 0, 0, 0, 0, 0}, // 0x0091
    {0, 0, 0, 0, 0, 0}, // 0x0092
    {0, 0, 0, 0, 0, 0}, // 0x0093
    {0, 0, 0, 0, 0, 0}, // 0x0094
    {0, 0, 0, 0, 0, 0}, // 0x0095
    {0, 0, 0, 0, 0, 0}, // 0x0096
    {0, 0, 0, 0, 0, 0}, // 0x0097
    {0, 0, 0, 0, 0, 0}, // 0x0098
    {0, 0, 0, 0, 0, 0}, // 0x0099
    {0, 0, 0, 0, 0, 0}, // 0x009A
    {0, 0, 0, 0, 0, 0}, // 0x009B
    {0, 0, 0, 0, 0, 0}, // 0x009C
    {0, 0, 0, 0, 0, 0}, // 0x009D
    {0, 0, 0, 0, 0, 0}, // 0x009E
    {0, 0, 0, 0, 0, 0}, // 0x009F
    {0, 0, 0, 4, 0, 0}, // 0x00A0
    {454, 1, 8, 4, 1, -6}, // 0x00A1
    {455, 5, 10, 7, 1, -8}, // 0x00A2
    {462, 5, 8, 7, 1, -8}, // 0x00A3
    {467, 7, 7, 7, 0, -8}, // 0x00A4
    {474, 6, 8, 7, 0, -8}, // 0x00A5
    {480, 1, 9, 4, 1, -8}, // 0x00A6
    {482, 5, 9, 6, 0, -8}, // 0x00A7
    {488, 3, 1, 6, 1, -8}, // 0x00A8
    {489, 8, 8, 11, 2, -8}, // 0x00A9
    {497, 4, 6, 5, 1, -8}, // 0x00AA
    {500, 6, 5, 7, 1, -6}, // 0x00AB
    {504, 7, 3, 9, 1, -5}, // 0x00AC
    {0, 0, 0, 0, 0, 0}, // 0x00AD
    {507, 8, 8, 11, 2, -8}, // 0x00AE
    {515, 3, 1, 6, 1, -8}, // 0x00AF
    {516, 3, 3, 6, 1, -8}, // 0x00B0
    {518, 7, 7, 9, 1, -7}, // 0x00B1
    {525, 3, 4, 4, 1, -8}, // 0x00B2
    {527, 3, 4, 4, 1, -8}, // 0x00B3
    {529, 2, 2, 6, 2, -9}, // 0x00B4
    {530, 6, 8, 7, 1, -6}, // 0x00B5
    {536, 5, 9, 7, 1, -8}, // 0x00B6
    {542, 1, 1, 4, 1, -5}, // 0x00B7
    {543, 2, 2, 6, 2, 0}, // 0x00B8
    {544, 3, 4, 4, 1, -8}, // 0x00B9
    {546, 4, 6, 5, 1, -8}, // 0x00BA
    {549, 6, 5, 7, 1, -6}, // 0x00BB
    {553, 9, 8, 11, 1, -8}, // 0x00BC
    {562, 9, 8, 11, 1, -8}, // 0x00BD
    {571, 9, 8, 11, 1, -8}, // 0x00BE
    {580, 4, 8, 6, 1, -6}, // 0x00BF
    {584, 7, 10, 8, 0, -10}, // 0x00C0
    {593, 7, 10, 8, 0, -10}, // 0x00C1
    {602, 7, 10, 8, 0, -10}, // 0x00C2
    {611, 7, 11, 8, 0, -11}, // 0x00C3
    {621, 7, 10, 8, 0, -10}, // 0x00C4
    {630, 7, 10, 8, 0, -10}, // 0x00C5
    {639, 10, 8, 11, 0, -8}, // 0x00C6
    {649, 6, 10, 8, 1, -8}, // 0x00C7
    {657, 5, 10, 7, 1, -10}, // 0x00C8
    {664, 5, 10, 7, 1, -10}, // 0x00C9
    {671, 5, 10, 7, 1, -10}, // 0x00CA
    {678, 5, 10, 7, 1, -10}, // 0x00CB
    {685, 1, 10, 3, 1, -10}, // 0x00CC
    {687, 2, 10, 3, 0, -10}, // 0x00CD
    {690, 3, 10, 3, 0, -10}, // 0x00CE
    {694, 3, 10, 3, 0, -10}, // 0x00CF
    {698, 7, 8, 9, 0, -8}, // 0x00D0
    {705, 6, 11, 8, 1, -11}, // 0x00D1
    {714, 7, 10, 9, 1, -10}, // 0x00D2
    {723, 7, 10, 9, 1, -10}, // 0x00D3
    {732, 7, 10, 9, 1, -10}, // 0x00D4
    {741, 7, 11, 9, 1, -11}, // 0x00D5
    {751, 7, 10, 9, 1, -10}, // 0x00D6
    {760, 6, 6, 9, 2, -7}, // 0x00D7
    {765, 7, 8, 9, 1, -9}, // 0x00D8
    {772, 6, 10, 8, 1, -10}, // 0x00D9
    {780, 6, 10, 8, 1, -10}, // 0x00DA
    {788, 6, 10, 8, 1, -10}, // 0x00DB
    {796, 6, 10, 8, 1, -10}, // 0x00DC
    {804, 7, 10, 7, 0, -10}, // 0x00DD
    {813, 5, 8, 7, 1, -8}, // 0x00DE
    {818, 5, 9, 7, 1, -9}, // 0x00DF
    {824, 5, 9, 7, 1, -9}, // 0x00E0
    {830, 5, 9, 7, 1, -9}, // 0x00E1
    {836, 5, 9, 7, 1, -9}, // 0x00E2
    {842, 5, 9, 7, 1, -9}, // 0x00E3
    {848, 5, 8, 7, 1, -8}, // 0x00E4
    {853, 5, 10, 7, 1, -10}, // 0x00E5
    {860, 9, 6, 11, 1, -6}, // 0x00E6
    {867, 4, 8, 6, 1, -6}, // 0x00E7
    {871, 5, 9, 7, 1, -9}, // 0x00E8
    {877, 5, 9, 7, 1, -9}, // 0x00E9
    {883, 5, 9, 7, 1, -9}, // 0x00EA
    {889, 5, 8, 7, 1, -8}, // 0x00EB
    {894, 2, 9, 3, 0, -9}, // 0x00EC
    {897, 2, 9, 3, 1, -9}, // 0x00ED
    {900, 3, 9, 3, 0, -9}, // 0x00EE
    {904, 3, 8, 3, 0, -8}, // 0x00EF
    {907, 5, 7, 7, 1, -8}, // 0x00F0
    {912, 5, 9, 7, 1, -9}, // 0x00F1
    {918, 5, 9, 7, 1, -9}, // 0x00F2
    {924, 5, 9, 7, 1, -9}, // 0x00F3
    {930, 5, 9, 7, 1, -9}, // 0x00F4
    {936, 5, 9, 7, 1, -9}, // 0x00F5
    {942, 5, 8, 7, 1, -8}, // 0x00F6
    {947, 7, 5, 9, 1, -6}, // 0x00F7
    {952, 5, 6, 7, 1, -7}, // 0x00F8
    {956, 5, 9, 7, 1, -9}, // 0x00F9
    {962, 5, 9, 7, 1, -9}, // 0x00FA
    {968, 5, 9, 7, 1, -9}, // 0x00FB
    {974, 5, 8, 7, 1, -8}, // 0x00FC
    {979, 6, 11, 7, 0, -9}, // 0x00FD
    {988, 5, 11, 7, 1, -9}, // 0x00FE
    {995, 6, 10, 7, 0, -8}, // 0x00FF
    {1003, 7, 10, 8, 0, -10}, // 0x0100
    {1012, 5, 8, 7, 1, -8}, // 0x0101
    {1017, 7, 11, 8, 0, -11}, // 0x0102
    {1027, 5, 9, 7, 1, -9}, // 0x0103
    {1033, 8, 10, 8, 0, -8}, // 0x0104
    {1043, 5, 8, 7, 1, -6}, // 0x0105
    {1048, 6, 10, 8, 1, -10}, // 0x0106
    {1056, 4, 9, 6, 1, -9}, // 0x0107
    {1061, 6, 10, 8, 1, -10}, // 0x0108
    {1069, 4, 9, 6, 1, -9}, // 0x0109
    {1074, 6, 10, 8, 1, -10}, // 0x010A
    {1082, 4, 8, 6, 1, -8}, // 0x010B
    {1086, 6, 10, 8, 1, -10}, // 0x010C
    {1094, 4, 9, 6, 1, -9}, // 0x010D
    {1099, 6, 10, 8, 1, -10}, // 0x010E
    {1107, 7, 9, 7, 1, -9}, // 0x010F
    {1115, 7, 8, 9, 0, -8}, // 0x0110
    {1122, 6, 9, 7, 1, -9}, // 0x0111
    {1129, 5, 10, 7, 1, -10}, // 0x0112
    {1136, 5, 8, 7, 1, -8}, // 0x0113
    {1141, 5, 11, 7, 1, -11}, // 0x0114
    {1148, 5, 9, 7, 1, -9}, // 0x0115
    {1154, 5, 10, 7, 1, -10}, // 0x0116
    {1161, 5, 8, 7, 1, -8}, // 0x0117
    {1166, 5, 10, 7, 1, -8}, // 0x0118
    {1173, 5, 8, 7, 1, -6}, // 0x0119
    {1178, 5, 10, 7, 1, -10}, // 0x011A
    {1185, 5, 9, 7, 1, -9}, // 0x011B
    {1191, 7, 10, 9, 1, -10}, // 0x011C
    {1200, 5, 11, 7, 1, -9}, // 0x011D
    {1207, 7, 11, 9, 1, -11}, // 0x011E
    {1217, 5, 11, 7, 1, -9}, // 0x011F
    {1224, 7, 10, 9, 1, -10}, // 0x0120
    {1233, 5, 10, 7, 1, -8}, // 0x0121
    {1240, 7, 11, 9, 1, -8}, // 0x0122
    {1250, 5, 10, 7, 1, -8}, // 0x0123
    {1257, 6, 10, 8, 1, -10}, // 0x0124
    {1265, 6, 10, 7, 0, -10}, // 0x0125
    {1273, 8, 8, 10, 1, -8}, // 0x0126
    {1281, 6, 9, 8, 0, -9}, // 0x0127
    {1288, 5, 11, 3, -1, -11}, // 0x0128
    {1295, 5, 9, 3, -1, -9}, // 0x0129
    {1301, 3, 10, 3, 0, -10}, // 0x012A
    {1305, 3, 8, 3, 0, -8}, // 0x012B
    {1308, 3, 11, 3, 0, -11}, // 0x012C
    {1313, 3, 9, 3, 0, -9}, // 0x012D
    {1317, 2, 10, 3, 1, -8}, // 0x012E
    {1320, 2, 10, 3, 1, -8}, // 0x012F
    {1323, 1, 10, 3, 1, -10}, // 0x0130
    {1325, 1, 6, 3, 1, -6}, // 0x0131
    {1326, 4, 10, 6, 1, -8}, // 0x0132
    {1331, 4, 10, 6, 1, -8}, // 0x0133
    {1336, 4, 12, 3, -1, -10}, // 0x0134
    {1342, 3, 11, 3, 0, -9}, // 0x0135
    {1347, 6, 11, 7, 1, -8}, // 0x0136
    {1356, 5, 12, 6, 1, -9}, // 0x0137
    {1364, 5, 6, 6, 1, -6}, // 0x0138
    {1368, 5, 10, 6, 1, -10}, // 0x0139
    {1375, 1, 11, 3, 1, -11}, // 0x013A
    {1377, 5, 11, 6, 1, -8}, // 0x013B
    {1384, 2, 12, 3, 0, -9}, // 0x013C
    {1387, 5, 8, 6, 1, -8}, // 0x013D
    {1392, 3, 9, 4, 1, -9}, // 0x013E
    {1396, 5, 8, 6, 1, -8}, // 0x013F
    {1401, 3, 9, 4, 1, -9}, // 0x0140
    {1405, 6, 8, 6, 0, -8}, // 0x0141
    {1411, 3, 9, 3, 0, -9}, // 0x0142
    {1415, 6, 10, 8, 1, -10}, // 0x0143
    {1423, 5, 9, 7, 1, -9}, // 0x0144
    {1429, 6, 11, 8, 1, -8}, // 0x0145
    {1438, 5, 9, 7, 1, -6}, // 0x0146
    {1444, 6, 10, 8, 1, -10}, // 0x0147
    {1452, 5, 9, 7, 1, -9}, // 0x0148
    {1458, 7, 8, 9, 1, -8}, // 0x0149
    {1465, 6, 10, 8, 1, -8}, // 0x014A
    {1473, 5, 8, 7, 1, -6}, // 0x014B
    {1478, 7, 10, 9, 1, -10}, // 0x014C
    {1487, 5, 8, 7, 1, -8}, // 0x014D
    {1492, 7, 11, 9, 1, -11}, // 0x014E
    {1502, 5, 9, 7, 1, -9}, // 0x014F
    {1508, 7, 10, 9, 1, -10}, // 0x0150
    {1517, 5, 9, 7, 1, -9}, // 0x0151
    {1523, 10, 8, 12, 1, -8}, // 0x0152
    {1533, 9, 6, 11, 1, -6}, // 0x0153
    {1540, 6, 10, 8, 1, -10}, // 0x0154
    {1548, 4, 9, 5, 1, -9}, // 0x0155
    {1553, 6, 11, 8, 1, -8}, // 0x0156
    {1562, 5, 9, 5, 0, -6}, // 0x0157
    {1568, 6, 10, 8, 1, -10}, // 0x0158
    {1576, 4, 9, 5, 1, -9}, // 0x0159
    {1581, 6, 10, 7, 1, -10}, // 0x015A
    {1589, 5, 9, 6, 1, -9}, // 0x015B
    {1595, 6, 10, 7, 1, -10}, // 0x015C
    {1603, 5, 9, 6, 1, -9}, // 0x015D
    {1609, 6, 10, 7, 1, -8}, // 0x015E
    {1617, 5, 8, 6, 1, -6}, // 0x015F
    {1622, 6, 10, 7, 1, -10}, // 0x0160
    {1630, 5, 9, 6, 1, -9}, // 0x0161
    {1636, 7, 10, 7, 0, -8}, // 0x0162
    {1645, 4, 10, 4, 0, -8}, // 0x0163
    {1650, 7, 10, 7, 0, -10}, // 0x0164
    {1659, 4, 9, 4, 0, -9}, // 0x0165
    {1664, 7, 8, 7, 0, -8}, // 0x0166
    {1671, 4, 8, 4, 0, -8}, // 0x0167
    {1675, 6, 11, 8, 1, -11}, // 0x0168
    {1684, 5, 9, 7, 1, -9}, // 0x0169
    {1690, 6, 10, 8, 1, -10}, // 0x016A
    {1698, 5, 8, 7, 1, -8}, // 0x016B
    {1703, 6, 11, 8, 1, -11}, // 0x016C
    {1712, 5, 9, 7, 1, -9}, // 0x016D
    {1718, 6, 11, 8, 1, -11}, // 0x016E
    {1727, 5, 10, 7, 1, -10}, // 0x016F
    {1734, 6, 10, 8, 1, -10}, // 0x0170
    {1742, 5, 9, 7, 1, -9}, // 0x0171
    {1748, 6, 10, 8, 1, -8}, // 0x0172
    {1756, 6, 8, 7, 1, -6}, // 0x0173
    {1762, 9, 10, 11, 0, -10}, // 0x0174
    {1774, 7, 9, 9, 1, -9}, // 0x0175
    {1782, 7, 10, 7, 0, -10}, // 0x0176
    {1791, 6, 11, 7, 0, -9}, // 0x0177
    {1800, 7, 10, 7, 0, -10}, // 0x0178
    {1809, 7, 10, 8, 1, -10}, // 0x0179
    {1818, 5, 9, 6, 0, -9}, // 0x017A
    {1824, 7, 10, 8, 1, -10}, // 0x017B
    {1833, 5, 8, 6, 0, -8}, // 0x017C
    {1838, 7, 10, 8, 1, -10}, // 0x017D
    {1847, 5, 9, 6, 0, -9}, // 0x017E
    {1853, 4, 9, 4, 0, -9}, // 0x017F
    {0, 0, 0, 0, 0, 0}, // 0x0180
    {0, 0, 0, 0, 0, 0}, // 0x0181
    {0, 0, 0, 0, 0, 0}, // 0x0182
    {0, 0, 0, 0, 0, 0}, // 0x0183
    {0, 0, 0, 0, 0, 0}, // 0x0184
    {0, 0, 0, 0, 0, 0}, // 0x0185
    {0, 0, 0, 0, 0, 0}, // 0x0186
    {0, 0, 0, 0, 0, 0}, // 0x0187
    {0, 0, 0, 0, 0, 0}, // 0x0188
    {0, 0, 0, 0, 0, 0}, // 0x0189
    {0, 0, 0, 0, 0, 0}, // 0x018A
    {0, 0, 0, 0, 0, 0}, // 0x018B
    {0, 0, 0, 0, 0, 0}, // 0x018C
    {0, 0, 0, 0, 0, 0}, // 0x018D
    {0, 0, 0, 0, 0, 0}, // 0x018E
    {0, 0, 0, 0, 0, 0}, // 0x018F
    {0, 0, 0, 0, 0, 0}, // 0x0190
    {0, 0, 0, 0, 0, 0}, // 0x0191
    {0, 0, 0, 0, 0, 0}, // 0x0192
    {0, 0, 0, 0, 0, 0}, // 0x0193
    {0, 0, 0, 0, 0, 0}, // 0x0194
    {0, 0, 0, 0, 0, 0}, // 0x0195
    {0, 0, 0, 0, 0, 0}, // 0x0196
    {0, 0, 0, 0, 0, 0}, // 0x0197
    {0, 0, 0, 0, 0, 0}, // 0x0198
    {0, 0, 0, 0, 0, 0}, // 0x0199
    {0, 0, 0, 0, 0, 0}, // 0x019A
    {0, 0, 0, 0, 0, 0}, // 0x019B
    {0, 0, 0, 0, 0, 0}, // 0x019C
    {0, 0, 0, 0, 0, 0}, // 0x019D
    {0, 0, 0, 0, 0, 0}, // 0x019E
    {0, 0, 0, 0, 0, 0}, // 0x019F
    {0, 0, 0, 0, 0, 0}, // 0x01A0
    {0, 0, 0, 0, 0, 0}, // 0x01A1
    {0, 0, 0, 0, 0, 0}, // 0x01A2
    {0, 0, 0, 0, 0, 0}, // 0x01A3
    {0, 0, 0, 0, 0, 0}, // 0x01A4
    {0, 0, 0, 0, 0, 0}, // 0x01A5
    {0, 0, 0, 0, 0, 0}, // 0x01A6
    {0, 0, 0, 0, 0, 0}, // 0x01A7
    {0, 0, 0, 0, 0, 0}, // 0x01A8
    {0, 0, 0, 0, 0, 0}, // 0x01A9
    {0, 0, 0, 0, 0, 0}, // 0x01AA
    {0, 0, 0, 0, 0, 0}, // 0x01AB
    {0, 0, 0, 0, 0, 0}, // 0x01AC
    {0, 0, 0, 0, 0, 0}, // 0x01AD
    {0, 0, 0, 0, 0, 0}, // 0x01AE
    {0, 0, 0, 0, 0, 0}, // 0x01AF
    {0, 0, 0, 0, 0, 0}, // 0x01B0
    {0, 0, 0, 0, 0, 0}, // 0x01B1
    {0, 0, 0, 0, 0, 0}, // 0x01B2
    {0, 0, 0, 0, 0, 0}, // 0x01B3
    {0, 0, 0, 0, 0, 0}, // 0x01B4
    {0, 0, 0, 0, 0, 0}, // 0x01B5
    {0, 0, 0, 0, 0, 0}, // 0x01B6
    {0, 0, 0, 0, 0, 0}, // 0x01B7
    {0, 0, 0, 0, 0, 0}, // 0x01B8
    {0, 0, 0, 0, 0, 0}, // 0x01B9
    {0, 0, 0, 0, 0, 0}, // 0x01BA
    {0, 0, 0, 0, 0, 0}, // 0x01BB
    {0, 0, 0, 0, 0, 0}, // 0x01BC
    {0, 0, 0, 0, 0, 0}, // 0x01BD
    {0, 0, 0, 0, 0, 0}, // 0x01BE
    {0, 0, 0, 0, 0, 0}, // 0x01BF
    {0, 0, 0, 0, 0, 0}, // 0x01C0
    {0, 0, 0, 0, 0, 0}, // 0x01C1
    {0, 0, 0, 0, 0, 0}, // 0x01C2
    {0, 0, 0, 0, 0, 0}, // 0x01C3
    {0, 0, 0, 0, 0, 0}, // 0x01C4
    {0, 0, 0, 0, 0, 0}, // 0x01C5
    {0, 0, 0, 0, 0, 0}, // 0x01C6
    {0, 0, 0, 0, 0, 0}, // 0x01C7
    {0, 0, 0, 0, 0, 0}, // 0x01C8
    {0, 0, 0, 0, 0, 0}, // 0x01C9
    {0, 0, 0, 0, 0, 0}, // 0x01CA
    {0, 0, 0, 0, 0, 0}, // 0x01CB
    {0, 0, 0, 0, 0, 0}, // 0x01CC
    {0, 0, 0, 0, 0, 0}, // 0x01CD
    {0, 0, 0, 0, 0, 0}, // 0x01CE
    {0, 0, 0, 0, 0, 0}, // 0x01CF
    {0, 0, 0, 0, 0, 0}, // 0x01D0
    {0, 0, 0, 0, 0, 0}, // 0x01D1
    {0, 0, 0, 0, 0, 0}, // 0x01D2
    {0, 0, 0, 0, 0, 0}, // 0x01D3
    {0, 0, 0, 0, 0, 0}, // 0x01D4
    {0, 0, 0, 0, 0, 0}, // 0x01D5
    {0, 0, 0, 0, 0, 0}, // 0x01D6
    {0, 0, 0, 0, 0, 0}, // 0x01D7
    {0, 0, 0, 0, 0, 0}, // 0x01D8
    {0, 0, 0, 0, 0, 0}, // 0x01D9
    {0, 0, 0, 0, 0, 0}, // 0x01DA
    {0, 0, 0, 0, 0, 0}, // 0x01DB
    {0, 0, 0, 0, 0, 0}, // 0x01DC
    {0, 0, 0, 0, 0, 0}, // 0x01DD
    {0, 0, 0, 0, 0, 0}, // 0x01DE
    {0, 0, 0, 0, 0, 0}, // 0x01DF
    {0, 0, 0, 0, 0, 0}, // 0x01E0
    {0, 0, 0, 0, 0, 0}, // 0x01E1
    {0, 0, 0, 0, 0, 0}, // 0x01E2
    {0, 0, 0, 0, 0, 0}, // 0x01E3
    {0, 0, 0, 0, 0, 0}, // 0x01E4
    {0, 0, 0, 0, 0, 0}, // 0x01E5
    {0, 0, 0, 0, 0, 0}, // 0x01E6
    {0, 0, 0, 0, 0, 0}, // 0x01E7
    {0, 0, 0, 0, 0, 0}, // 0x01E8
    {0, 0, 0, 0, 0, 0}, // 0x01E9
    {0, 0, 0, 0, 0, 0}, // 0x01EA
    {0, 0, 0, 0, 0, 0}, // 0x01EB
    {0, 0, 0, 0, 0, 0}, // 0x01EC
    {0, 0, 0, 0, 0, 0}, // 0x01ED
    {0, 0, 0, 0, 0, 0}, // 0x01EE
    {0, 0, 0, 0, 0, 0}, // 0x01EF
    {0, 0, 0, 0, 0, 0}, // 0x01F0
    {0, 0, 0, 0, 0, 0}, // 0x01F1
    {0, 0, 0, 0, 0, 0}, // 0x01F2
    {0, 0, 0, 0, 0, 0}, // 0x01F3
    {0, 0, 0, 0, 0, 0}, // 0x01F4
    {0, 0, 0, 0, 0, 0}, // 0x01F5
    {0, 0, 0, 0, 0, 0}, // 0x01F6
    {0, 0, 0, 0, 0, 0}, // 0x01F7
    {0, 0, 0, 0, 0, 0}, // 0x01F8
    {0, 0, 0, 0, 0, 0}, // 0x01F9
    {0, 0, 0, 0, 0, 0}, // 0x01FA
    {0, 0, 0, 0, 0, 0}, // 0x01FB
    {0, 0, 0, 0, 0, 0}, // 0x01FC
    {0, 0, 0, 0, 0, 0}, // 0x01FD
    {0, 0, 0, 0, 0, 0}, // 0x01FE
    {0, 0, 0, 0, 0, 0}, // 0x01FF
    {0, 0, 0, 0, 0, 0}, // 0x0200
    {0, 0, 0, 0, 0, 0}, // 0x0201
    {0, 0, 0, 0, 0, 0}, // 0x0202
    {0, 0, 0, 0, 0, 0}, // 0x0203
    {0, 0, 0, 0, 0, 0}, // 0x0204
    {0, 0, 0, 0, 0, 0}, // 0x0205
    {0, 0, 0, 0, 0, 0}, // 0x0206
    {0, 0, 0, 0, 0, 0}, // 0x0207
    {0, 0, 0, 0, 0, 0}, // 0x0208
    {0, 0, 0, 0, 0, 0}, // 0x0209
    {0, 0, 0, 0, 0, 0}, // 0x020A
    {0, 0, 0, 0, 0, 0}, // 0x020B
    {0, 0, 0, 0, 0, 0}, // 0x020C
    {0, 0, 0, 0, 0, 0}, // 0x020D
    {0, 0, 0, 0, 0, 0}, // 0x020E
    {0, 0, 0, 0, 0, 0}, // 0x020F
    {0, 0, 0, 0, 0, 0}, // 0x0210
    {0, 0, 0, 0, 0, 0}, // 0x0211
    {0, 0, 0, 0, 0, 0}, // 0x0212
    {0, 0, 0, 0, 0, 0}, // 0x0213
    {0, 0, 0, 0, 0, 0}, // 0x0214
    {0, 0, 0, 0, 0, 0}, // 0x0215
    {0, 0, 0, 0, 0, 0}, // 0x0216
    {0, 0, 0, 0, 0, 0}, // 0x0217
    {0, 0, 0, 0, 0, 0}, // 0x0218
    {0, 0, 0, 0, 0, 0}, // 0x0219
    {0, 0, 0, 0, 0, 0}, // 0x021A
    {0, 0, 0, 0, 0, 0}, // 0x021B
    {0, 0, 0, 0, 0, 0}, // 0x021C
    {0, 0, 0, 0, 0, 0}, // 0x021D
    {0, 0, 0, 0, 0, 0}, // 0x021E
    {0, 0, 0, 0, 0, 0}, // 0x021F
    {0, 0, 0, 0, 0, 0}, // 0x0220
    {0, 0, 0, 0, 0, 0}, // 0x0221
    {0, 0, 0, 0, 0, 0}, // 0x0222
    {0, 0, 0, 0, 0, 0}, // 0x0223
    {0, 0, 0, 0, 0, 0}, // 0x0224
    {0, 0, 0, 0, 0, 0}, // 0x0225
    {0, 0, 0, 0, 0, 0}, // 0x0226
    {0, 0, 0, 0, 0, 0}, // 0x0227
    {0, 0, 0, 0, 0, 0}, // 0x0228
    {0, 0, 0, 0, 0, 0}, // 0x0229
    {0, 0, 0, 0, 0, 0}, // 0x022A
    {0, 0, 0, 0, 0, 0}, // 0x022B
    {0, 0, 0, 0, 0, 0}, // 0x022C
    {0, 0, 0, 0, 0, 0}, // 0x022D
    {0, 0, 0, 0, 0, 0}, // 0x022E
    {0, 0, 0, 0, 0, 0}, // 0x022F
    {0, 0, 0, 0, 0, 0}, // 0x0230
    {0, 0, 0, 0, 0, 0}, // 0x0231
    {0, 0, 0, 0, 0, 0}, // 0x0232
    {0, 0, 0, 0, 0, 0}, // 0x0233
    {0, 0, 0, 0, 0, 0}, // 0x0234
    {0, 0, 0, 0, 0, 0}, // 0x0235
    {0, 0, 0, 0, 0, 0}, // 0x0236
    {0, 0, 0, 0, 0, 0}, // 0x0237
    {0, 0, 0, 0, 0, 0}, // 0x0238
    {0, 0, 0, 0, 0, 0}, // 0x0239
    {0, 0, 0, 0, 0, 0}, // 0x023A
    {0, 0, 0, 0, 0, 0}, // 0x023B
    {0, 0, 0, 0, 0, 0}, // 0x023C
    {0, 0, 0, 0, 0, 0}, // 0x023D
    {0, 0, 0, 0, 0, 0}, // 0x023E
    {0, 0, 0, 0, 0, 0}, // 0x023F
    {0, 0, 0, 0, 0, 0}, // 0x0240
    {0, 0, 0, 0, 0, 0}, // 0x0241
    {0, 0, 0, 0, 0, 0}, // 0x0242
    {0, 0, 0, 0, 0, 0}, // 0x0243
    {0, 0, 0, 0, 0, 0}, // 0x0244
    {0, 0, 0, 0, 0, 0}, // 0x0245
    {0, 0, 0, 0, 0, 0}, // 0x0246
    {0, 0, 0, 0, 0, 0}, // 0x0247
    {0, 0, 0, 0, 0, 0}, // 0x0248
    {0, 0, 0, 0, 0, 0}, // 0x0249
    {0, 0, 0, 0, 0, 0}, // 0x024A
    {0, 0, 0, 0, 0, 0}, // 0x024B
    {0, 0, 0, 0, 0, 0}, // 0x024C
    {0, 0, 0, 0, 0, 0}, // 0x024D
    {0, 0, 0, 0, 0, 0}, // 0x024E
    {0, 0, 0, 0, 0, 0}, // 0x024F
    {0, 0, 0, 0, 0, 0}, // 0x0250
    {0, 0, 0, 0, 0, 0}, // 0x0251
    {0, 0, 0, 0, 0, 0}, // 0x0252
    {0, 0, 0, 0, 0, 0}, // 0x0253
    {0, 0, 0, 0, 0, 0}, // 0x0254
    {0, 0, 0, 0, 0, 0}, // 0x0255
    {0, 0, 0, 0, 0, 0}, // 0x0256
    {0, 0, 0, 0, 0, 0}, // 0x0257
    {0, 0, 0, 0, 0, 0}, // 0x0258
    {0, 0, 0, 0, 0, 0}, // 0x0259
    {0, 0, 0, 0, 0, 0}, // 0x025A
    {0, 0, 0, 0, 0, 0}, // 0x025B
    {0, 0, 0, 0, 0, 0}, // 0x025C
    {0, 0, 0, 0, 0, 0}, // 0x025D
    {0, 0, 0, 0, 0, 0}, // 0x025E
    {0, 0, 0, 0, 0, 0}, // 0x025F
    {0, 0, 0, 0, 0, 0}, // 0x0260
    {0, 0, 0, 0, 0, 0}, // 0x0261
    {0, 0, 0, 0, 0, 0}, // 0x0262
    {0, 0, 0, 0, 0, 0}, // 0x0263
    {0, 0, 0, 0, 0, 0}, // 0x0264
    {0, 0, 0, 0, 0, 0}, // 0x0265
    {0, 0, 0, 0, 0, 0}, // 0x0266
    {0, 0, 0, 0, 0, 0}, // 0x0267
    {0, 0, 0, 0, 0, 0}, // 0x0268
    {0, 0, 0, 0, 0, 0}, // 0x0269
    {0, 0, 0, 0, 0, 0}, // 0x026A
    {0, 0, 0, 0, 0, 0}, // 0x026B
    {0, 0, 0, 0, 0, 0}, // 0x026C
    {0, 0, 0, 0, 0, 0}, // 0x026D
    {0, 0, 0, 0, 0, 0}, // 0x026E
    {0, 0, 0, 0, 0, 0}, // 0x026F
    {0, 0, 0, 0, 0, 0}, // 0x0270
    {0, 0, 0, 0, 0, 0}, // 0x0271
    {0, 0, 0, 0, 0, 0}, // 0x0272
    {0, 0, 0, 0, 0, 0}, // 0x0273
    {0, 0, 0, 0, 0, 0}, // 0x0274
    {0, 0, 0, 0, 0, 0}, // 0x0275
    {0, 0, 0, 0, 0, 0}, // 0x0276
    {0, 0, 0, 0, 0, 0}, // 0x0277
    {0, 0, 0, 0, 0, 0}, // 0x0278
    {0, 0, 0, 0, 0, 0}, // 0x0279
    {0, 0, 0, 0, 0, 0}, // 0x027A
    {0, 0, 0, 0, 0, 0}, // 0x027B
    {0, 0, 0, 0, 0, 0}, // 0x027C
    {0, 0, 0, 0, 0, 0}, // 0x027D
    {0, 0, 0, 0, 0, 0}, // 0x027E
    {0, 0, 0, 0, 0, 0}, // 0x027F
    {0, 0, 0, 0, 0, 0}, // 0x0280
    {0, 0, 0, 0, 0, 0}, // 0x0281
    {0, 0, 0, 0, 0, 0}, // 0x0282
    {0, 0, 0, 0, 0, 0}, // 0x0283
    {0, 0, 0, 0, 0, 0}, // 0x0284
    {0, 0, 0, 0, 0, 0}, // 0x0285
    {0, 0, 0, 0, 0, 0}, // 0x0286
    {0, 0, 0, 0, 0, 0}, // 0x0287
    {0, 0, 0, 0, 0, 0}, // 0x0288
    {0, 0, 0, 0, 0, 0}, // 0x0289
    {0, 0, 0, 0, 0, 0}, // 0x028A
    {0, 0, 0, 0, 0, 0}, // 0x028B
    {0, 0, 0, 0, 0, 0}, // 0x028C
    {0, 0, 0, 0, 0, 0}, // 0x028D
    {0, 0, 0, 0, 0, 0}, // 0x028E
    {0, 0, 0, 0, 0, 0}, // 0x028F
    {0, 0, 0, 0, 0, 0}, // 0x0290
    {0, 0, 0, 0, 0, 0}, // 0x0291
    {0, 0, 0, 0, 0, 0}, // 0x0292
    {0, 0, 0, 0, 0, 0}, // 0x0293
    {0, 0, 0, 0, 0, 0}, // 0x0294
    {0, 0, 0, 0, 0, 0}, // 0x0295
    {0, 0, 0, 0, 0, 0}, // 0x0296
    {0, 0, 0, 0, 0, 0}, // 0x0297
    {0, 0, 0, 0, 0, 0}, // 0x0298
    {0, 0, 0, 0, 0, 0}, // 0x0299
    {0, 0, 0, 0, 0, 0}, // 0x029A
    {0, 0, 0, 0, 0, 0}, // 0x029B
    {0, 0, 0, 0, 0, 0}, // 0x029C
    {0, 0, 0, 0, 0, 0}, // 0x029D
    {0, 0, 0, 0, 0, 0}, // 0x029E
    {0, 0, 0, 0, 0, 0}, // 0x029F
    {0, 0, 0, 0, 0, 0}, // 0x02A0
    {0, 0, 0, 0, 0, 0}, // 0x02A1
    {0, 0, 0, 0, 0, 0}, // 0x02A2
    {0, 0, 0, 0, 0, 0}, // 0x02A3
    {0, 0, 0, 0, 0, 0}, // 0x02A4
    {0, 0, 0, 0, 0, 0}, // 0x02A5
    {0, 0, 0, 0, 0, 0}, // 0x02A6
    {0, 0, 0, 0, 0, 0}, // 0x02A7
    {0, 0, 0, 0, 0, 0}, // 0x02A8
    {0, 0, 0, 0, 0, 0}, // 0x02A9
    {0, 0, 0, 0, 0, 0}, // 0x02AA
    {0, 0, 0, 0, 0, 0}, // 0x02AB
    {0, 0, 0, 0, 0, 0}, // 0x02AC
    {0, 0, 0, 0, 0, 0}, // 0x02AD
    {0, 0, 0, 0, 0, 0}, // 0x02AE
    {0, 0, 0, 0, 0, 0}, // 0x02AF
    {0, 0, 0, 0, 0, 0}, // 0x02B0
    {0, 0, 0, 0, 0, 0}, // 0x02B1
    {0, 0, 0, 0, 0, 0}, // 0x02B2
    {0, 0, 0, 0, 0, 0}, // 0x02B3
    {0, 0, 0, 0, 0, 0}, // 0x02B4
    {0, 0, 0, 0, 0, 0}, // 0x02B5
    {0, 0, 0, 0, 0, 0}, // 0x02B6
    {0, 0, 0, 0, 0, 0}, // 0x02B7
    {0, 0, 0, 0, 0, 0}, // 0x02B8
    {0, 0, 0, 0, 0, 0}, // 0x02B9
    {0, 0, 0, 0, 0, 0}, // 0x02BA
    {0, 0, 0, 0, 0, 0}, // 0x02BB
    {0, 0, 0, 0, 0, 0}, // 0x02BC
    {0, 0, 0, 0, 0, 0}, // 0x02BD
    {0, 0, 0, 0, 0, 0}, // 0x02BE
    {0, 0, 0, 0, 0, 0}, // 0x02BF
    {0, 0, 0, 0, 0, 0}, // 0x02C0
    {0, 0, 0, 0, 0, 0}, // 0x02C1
    {0, 0, 0, 0, 0, 0}, // 0x02C2
    {0, 0, 0, 0, 0, 0}, // 0x02C3
    {0, 0, 0, 0, 0, 0}, // 0x02C4
    {0, 0, 0, 0, 0, 0}, // 0x02C5
    {0, 0, 0, 0, 0, 0}, // 0x02C6
    {0, 0, 0, 0, 0, 0}, // 0x02C7
    {0, 0, 0, 0, 0, 0}, // 0x02C8
    {0, 0, 0, 0, 0, 0}, // 0x02C9
    {0, 0, 0, 0, 0, 0}, // 0x02CA
    {0, 0, 0, 0, 0, 0}, // 0x02CB
    {0, 0, 0, 0, 0, 0}, // 0x02CC
    {0, 0, 0, 0, 0, 0}, // 0x02CD
    {0, 0, 0, 0, 0, 0}, // 0x02CE
    {0, 0, 0, 0, 0, 0}, // 0x02CF
    {0, 0, 0, 0, 0, 0}, // 0x02D0
    {0, 0, 0, 0, 0, 0}, // 0x02D1
    {0, 0, 0, 0, 0, 0}, // 0x02D2
    {0, 0, 0, 0, 0, 0}, // 0x02D3
    {0, 0, 0, 0, 0, 0}, // 0x02D4
    {0, 0, 0, 0, 0, 0}, // 0x02D5
    {0, 0, 0, 0, 0, 0}, // 0x02D6
    {0, 0, 0, 0, 0, 0}, // 0x02D7
    {0, 0, 0, 0, 0, 0}, // 0x02D8
    {0, 0, 0, 0, 0, 0}, // 0x02D9
    {0, 0, 0, 0, 0, 0}, // 0x02DA
    {0, 0, 0, 0, 0, 0}, // 0x02DB
    {0, 0, 0, 0, 0, 0}, // 0x02DC
    {0, 0, 0, 0, 0, 0}, // 0x02DD
    {0, 0, 0, 0, 0, 0}, // 0x02DE
    {0, 0, 0, 0, 0, 0}, // 0x02DF
    {0, 0, 0, 0, 0, 0}, // 0x02E0
    {0, 0, 0, 0, 0, 0}, // 0x02E1
    {0, 0, 0, 0, 0, 0}, // 0x02E2
    {0, 0, 0, 0, 0, 0}, // 0x02E3
    {0, 0, 0, 0, 0, 0}, // 0x02E4
    {0, 0, 0, 0, 0, 0}, // 0x02E5
    {0, 0, 0, 0, 0, 0}, // 0x02E6
    {0, 0, 0, 0, 0, 0}, // 0x02E7
    {0, 0, 0, 0, 0, 0}, // 0x02E8
    {0, 0, 0, 0, 0, 0}, // 0x02E9
    {0, 0, 0, 0, 0, 0}, // 0x02EA
    {0, 0, 0, 0, 0, 0}, // 0x02EB
    {0, 0, 0, 0, 0, 0}, // 0x02EC
    {0, 0, 0, 0, 0, 0}, // 0x02ED
    {0, 0, 0, 0, 0, 0}, // 0x02EE
    {0, 0, 0, 0, 0, 0}, // 0x02EF
    {0, 0, 0, 0, 0, 0}, // 0x02F0
    {0, 0, 0, 0, 0, 0}, // 0x02F1
    {0, 0, 0, 0, 0, 0}, // 0x02F2
    {0, 0, 0, 0, 0, 0}, // 0x02F3
    {0, 0, 0, 0, 0, 0}, // 0x02F4
    {0, 0, 0, 0, 0, 0}, // 0x02F5
    {0, 0, 0, 0, 0, 0}, // 0x02F6
    {0, 0, 0, 0, 0, 0}, // 0x02F7
    {0, 0, 0, 0, 0, 0}, // 0x02F8
    {0, 0, 0, 0, 0, 0}, // 0x02F9
    {0, 0, 0, 0, 0, 0}, // 0x02FA
    {0, 0, 0, 0, 0, 0}, // 0x02FB
    {0, 0, 0, 0, 0, 0}, // 0x02FC
    {0, 0, 0, 0, 0, 0}, // 0x02FD
    {0, 0, 0, 0, 0, 0}, // 0x02FE
    {0, 0, 0, 0, 0, 0}, // 0x02FF
    {0, 0, 0, 0, 0, 0}, // 0x0300
    {0, 0, 0, 0, 0, 0}, // 0x0301
    {0, 0, 0, 0, 0, 0}, // 0x0302
    {0, 0, 0, 0, 0, 0}, // 0x0303
    {0, 0, 0, 0, 0, 0}, // 0x0304
    {0, 0, 0, 0, 0, 0}, // 0x0305
    {0, 0, 0, 0, 0, 0}, // 0x0306
    {0, 0, 0, 0, 0, 0}, // 0x0307
    {0, 0, 0, 0, 0, 0}, // 0x0308
    {0, 0, 0, 0, 0, 0}, // 0x0309
    {0, 0, 0, 0, 0, 0}, // 0x030A
    {0, 0, 0, 0, 0, 0}, // 0x030B
    {0, 0, 0, 0, 0, 0}, // 0x030C
    {0, 0, 0, 0, 0, 0}, // 0x030D
    {0, 0, 0, 0, 0, 0}, // 0x030E
    {0, 0, 0, 0, 0, 0}, // 0x030F
    {0, 0, 0, 0, 0, 0}, // 0x0310
    {0, 0, 0, 0, 0, 0}, // 0x0311
    {0, 0, 0, 0, 0, 0}, // 0x0312
    {0, 0, 0, 0, 0, 0}, // 0x0313
    {0, 0, 0, 0, 0, 0}, // 0x0314
    {0, 0, 0, 0, 0, 0}, // 0x0315
    {0, 0, 0, 0, 0, 0}, // 0x0316
    {0, 0, 0, 0, 0, 0}, // 0x0317
    {0, 0, 0, 0, 0, 0}, // 0x0318
    {0, 0, 0, 0, 0, 0}, // 0x0319
    {0, 0, 0, 0, 0, 0}, // 0x031A
    {0, 0, 0, 0, 0, 0}, // 0x031B
    {0, 0, 0, 0, 0, 0}, // 0x031C
    {0, 0, 0, 0, 0, 0}, // 0x031D
    {0, 0, 0, 0, 0, 0}, // 0x031E
    {0, 0, 0, 0, 0, 0}, // 0x031F
    {0, 0, 0, 0, 0, 0}, // 0x0320
    {0, 0, 0, 0, 0, 0}, // 0x0321
    {0, 0, 0, 0, 0, 0}, // 0x0322
    {0, 0, 0, 0, 0, 0}, // 0x0323
    {0, 0, 0, 0, 0, 0}, // 0x0324
    {0, 0, 0, 0, 0, 0}, // 0x0325
    {0, 0, 0, 0, 0, 0}, // 0x0326
    {0, 0, 0, 0, 0, 0}, // 0x0327
    {0, 0, 0, 0, 0, 0}, // 0x0328
    {0, 0, 0, 0, 0, 0}, // 0x0329
    {0, 0, 0, 0, 0, 0}, // 0x032A
    {0, 0, 0, 0, 0, 0}, // 0x032B
    {0, 0, 0, 0, 0, 0}, // 0x032C
    {0, 0, 0, 0, 0, 0}, // 0x032D
    {0, 0, 0, 0, 0, 0}, // 0x032E
    {0, 0, 0, 0, 0, 0}, // 0x032F
    {0, 0, 0, 0, 0, 0}, // 0x0330
    {0, 0, 0, 0, 0, 0}, // 0x0331
    {0, 0, 0, 0, 0, 0}, // 0x0332
    {0, 0, 0, 0, 0, 0}, // 0x0333
    {0, 0, 0, 0, 0, 0}, // 0x0334
    {0, 0, 0, 0, 0, 0}, // 0x0335
    {0, 0, 0, 0, 0, 0}, // 0x0336
    {0, 0, 0, 0, 0, 0}, // 0x0337
    {0, 0, 0, 0, 0, 0}, // 0x0338
    {0, 0, 0, 0, 0, 0}, // 0x0339
    {0, 0, 0, 0, 0, 0}, // 0x033A
    {0, 0, 0, 0, 0, 0}, // 0x033B
    {0, 0, 0, 0, 0, 0}, // 0x033C
    {0, 0, 0, 0, 0, 0}, // 0x033D
    {0, 0, 0, 0, 0, 0}, // 0x033E
    {0, 0, 0, 0, 0, 0}, // 0x033F
    {0, 0, 0, 0, 0, 0}, // 0x0340
    {0, 0, 0, 0, 0, 0}, // 0x0341
    {0, 0, 0, 0, 0, 0}, // 0x0342
    {0, 0, 0, 0, 0, 0}, // 0x0343
    {0, 0, 0, 0, 0, 0}, // 0x0344
    {0, 0, 0, 0, 0, 0}, // 0x0345
    {0, 0, 0, 0, 0, 0}, // 0x0346
    {0, 0, 0, 0, 0, 0}, // 0x0347
    {0, 0, 0, 0, 0, 0}, // 0x0348
    {0, 0, 0, 0, 0, 0}, // 0x0349
    {0, 0, 0, 0, 0, 0}, // 0x034A
    {0, 0, 0, 0, 0, 0}, // 0x034B
    {0, 0, 0, 0, 0, 0}, // 0x034C
    {0, 0, 0, 0, 0, 0}, // 0x034D
    {0, 0, 0, 0, 0, 0}, // 0x034E
    {0, 0, 0, 0, 0, 0}, // 0x034F
    {0, 0, 0, 0, 0, 0}, // 0x0350
    {0, 0, 0, 0, 0, 0}, // 0x0351
    {0, 0, 0, 0, 0, 0}, // 0x0352
    {0, 0, 0, 0, 0, 0}, // 0x0353
    {0, 0, 0, 0, 0, 0}, // 0x0354
    {0, 0, 0, 0, 0, 0}, // 0x0355
    {0, 0, 0, 0, 0, 0}, // 0x0356
    {0, 0, 0, 0, 0, 0}, // 0x0357
    {0, 0, 0, 0, 0, 0}, // 0x0358
    {0, 0, 0, 0, 0, 0}, // 0x0359
    {0, 0, 0, 0, 0, 0}, // 0x035A
    {0, 0, 0, 0, 0, 0}, // 0x035B
    {0, 0, 0, 0, 0, 0}, // 0x035C
    {0, 0, 0, 0, 0, 0}, // 0x035D
    {0, 0, 0, 0, 0, 0}, // 0x035E
    {0, 0, 0, 0, 0, 0}, // 0x035F
    {0, 0, 0, 0, 0, 0}, // 0x0360
    {0, 0, 0, 0, 0, 0}, // 0x0361
    {0, 0, 0, 0, 0, 0}, // 0x0362
    {0, 0, 0, 0, 0, 0}, // 0x0363
    {0, 0, 0, 0, 0, 0}, // 0x0364
    {0, 0, 0, 0, 0, 0}, // 0x0365
    {0, 0, 0, 0, 0, 0}, // 0x0366
    {0, 0, 0, 0, 0, 0}, // 0x0367
    {0, 0, 0, 0, 0, 0}, // 0x0368
    {0, 0, 0, 0, 0, 0}, // 0x0369
    {0, 0, 0, 0, 0, 0}, // 0x036A
    {0, 0, 0, 0, 0, 0}, // 0x036B
    {0, 0, 0, 0, 0, 0}, // 0x036C
    {0, 0, 0, 0, 0, 0}, // 0x036D
    {0, 0, 0, 0, 0, 0}, // 0x036E
    {0, 0, 0, 0, 0, 0}, // 0x036F
    {0, 0, 0, 0, 0, 0}, // 0x0370
    {0, 0, 0, 0, 0, 0}, // 0x0371
    {0, 0, 0, 0, 0, 0}, // 0x0372
    {0, 0, 0, 0, 0, 0}, // 0x0373
    {0, 0, 0, 0, 0, 0}, // 0x0374
    {0, 0, 0, 0, 0, 0}, // 0x0375
    {0, 0, 0, 0, 0, 0}, // 0x0376
    {0, 0, 0, 0, 0, 0}, // 0x0377
    {0, 0, 0, 0, 0, 0}, // 0x0378
    {0, 0, 0, 0, 0, 0}, // 0x0379
    {0, 0, 0, 0, 0, 0}, // 0x037A
    {0, 0, 0, 0, 0, 0}, // 0x037B
    {0, 0, 0, 0, 0, 0}, // 0x037C
    {0, 0, 0, 0, 0, 0}, // 0x037D
    {0, 0, 0, 0, 0, 0}, // 0x037E
    {0, 0, 0, 0, 0, 0}, // 0x037F
    {0, 0, 0, 0, 0, 0}, // 0x0380
    {0, 0, 0, 0, 0, 0}, // 0x0381
    {0, 0, 0, 0, 0, 0}, // 0x0382
    {0, 0, 0, 0, 0, 0}, // 0x0383
    {0, 0, 0, 0, 0, 0}, // 0x0384
    {0, 0, 0, 0, 0, 0}, // 0x0385
    {0, 0, 0, 0, 0, 0}, // 0x0386
    {0, 0, 0, 0, 0, 0}, // 0x0387
    {0, 0, 0, 0, 0, 0}, // 0x0388
    {0, 0, 0, 0, 0, 0}, // 0x0389
    {0, 0, 0, 0, 0, 0}, // 0x038A
    {0, 0, 0, 0, 0, 0}, // 0x038B
    {0, 0, 0, 0, 0, 0}, // 0x038C
    {0, 0, 0, 0, 0, 0}, // 0x038D
    {0, 0, 0, 0, 0, 0}, // 0x038E
    {0, 0, 0, 0, 0, 0}, // 0x038F
    {0, 0, 0, 0, 0, 0}, // 0x0390
    {0, 0, 0, 0, 0, 0}, // 0x0391
    {0, 0, 0, 0, 0, 0}, // 0x0392
    {0, 0, 0, 0, 0, 0}, // 0x0393
    {0, 0, 0, 0, 0, 0}, // 0x0394
    {0, 0, 0, 0, 0, 0}, // 0x0395
    {0, 0, 0, 0, 0, 0}, // 0x0396
    {0, 0, 0, 0, 0, 0}, // 0x0397
    {0, 0, 0, 0, 0, 0}, // 0x0398
    {0, 0, 0, 0, 0, 0}, // 0x0399
    {0, 0, 0, 0, 0, 0}, // 0x039A
    {0, 0, 0, 0, 0, 0}, // 0x039B
    {0, 0, 0, 0, 0, 0}, // 0x039C
    {0, 0, 0, 0, 0, 0}, // 0x039D
    {0, 0, 0, 0, 0, 0}, // 0x039E
    {0, 0, 0, 0, 0, 0}, // 0x039F
    {0, 0, 0, 0, 0, 0}, // 0x03A0
    {0, 0, 0, 0, 0, 0}, // 0x03A1
    {0, 0, 0, 0, 0, 0}, // 0x03A2
    {0, 0, 0, 0, 0, 0}, // 0x03A3
    {0, 0, 0, 0, 0, 0}, // 0x03A4
    {0, 0, 0, 0, 0, 0}, // 0x03A5
    {0, 0, 0, 0, 0, 0}, // 0x03A6
    {0, 0, 0, 0, 0, 0}, // 0x03A7
    {0, 0, 0, 0, 0, 0}, // 0x03A8
    {0, 0, 0, 0, 0, 0}, // 0x03A9
    {0, 0, 0, 0, 0, 0}, // 0x03AA
    {0, 0, 0, 0, 0, 0}, // 0x03AB
    {0, 0, 0, 0, 0, 0}, // 0x03AC
    {0, 0, 0, 0, 0, 0}, // 0x03AD
    {0, 0, 0, 0, 0, 0}, // 0x03AE
    {0, 0, 0, 0, 0, 0}, // 0x03AF
    {0, 0, 0, 0, 0, 0}, // 0x03B0
    {0, 0, 0, 0, 0, 0}, // 0x03B1
    {0, 0, 0, 0, 0, 0}, // 0x03B2
    {0, 0, 0, 0, 0, 0}, // 0x03B3
    {0, 0, 0, 0, 0, 0}, // 0x03B4
    {0, 0, 0, 0, 0, 0}, // 0x03B5
    {0, 0, 0, 0, 0, 0}, // 0x03B6
    {0, 0, 0, 0, 0, 0}, // 0x03B7
    {0, 0, 0, 0, 0, 0}, // 0x03B8
    {0, 0, 0, 0, 0, 0}, // 0x03B9
    {0, 0, 0, 0, 0, 0}, // 0x03BA
    {0, 0, 0, 0, 0, 0}, // 0x03BB
    {0, 0, 0, 0, 0, 0}, // 0x03BC
    {0, 0, 0, 0, 0, 0}, // 0x03BD
    {0, 0, 0, 0, 0, 0}, // 0x03BE
    {0, 0, 0, 0, 0, 0}, // 0x03BF
    {0, 0, 0, 0, 0, 0}, // 0x03C0
    {0, 0, 0, 0, 0, 0}, // 0x03C1
    {0, 0, 0, 0, 0, 0}, // 0x03C2
    {0, 0, 0, 0, 0, 0}, // 0x03C3
    {0, 0, 0, 0, 0, 0}, // 0x03C4
    {0, 0, 0, 0, 0, 0}, // 0x03C5
    {0, 0, 0, 0, 0, 0}, // 0x03C6
    {0, 0, 0, 0, 0, 0}, // 0x03C7
    {0, 0, 0, 0, 0, 0}, // 0x03C8
    {0, 0, 0, 0, 0, 0}, // 0x03C9
    {0, 0, 0, 0, 0, 0}, // 0x03CA
    {0, 0, 0, 0, 0, 0}, // 0x03CB
    {0, 0, 0, 0, 0, 0}, // 0x03CC
    {0, 0, 0, 0, 0, 0}, // 0x03CD
    {0, 0, 0, 0, 0, 0}, // 0x03CE
    {0, 0, 0, 0, 0, 0}, // 0x03CF
    {0, 0, 0, 0, 0, 0}, // 0x03D0
    {0, 0, 0, 0, 0, 0}, // 0x03D1
    {0, 0, 0, 0, 0, 0}, // 0x03D2
    {0, 0, 0, 0, 0, 0}, // 0x03D3
    {0, 0, 0, 0, 0, 0}, // 0x03D4
    {0, 0, 0, 0, 0, 0}, // 0x03D5
    {0, 0, 0, 0, 0, 0}, // 0x03D6
    {0, 0, 0, 0, 0, 0}, // 0x03D7
    {0, 0, 0, 0, 0, 0}, // 0x03D8
    {0, 0, 0, 0, 0, 0}, // 0x03D9
    {0, 0, 0, 0, 0, 0}, // 0x03DA
    {0, 0, 0, 0, 0, 0}, // 0x03DB
    {0, 0, 0, 0, 0, 0}, // 0x03DC
    {0, 0, 0, 0, 0, 0}, // 0x03DD
    {0, 0, 0, 0, 0, 0}, // 0x03DE
    {0, 0, 0, 0, 0, 0}, // 0x03DF
    {0, 0, 0, 0, 0, 0}, // 0x03E0
    {0, 0, 0, 0, 0, 0}, // 0x03E1
    {0, 0, 0, 0, 0, 0}, // 0x03E2
    {0, 0, 0, 0, 0, 0}, // 0x03E3
    {0, 0, 0, 0, 0, 0}, // 0x03E4
    {0, 0, 0, 0, 0, 0}, // 0x03E5
    {0, 0, 0, 0, 0, 0}, // 0x03E6
    {0, 0, 0, 0, 0, 0}, // 0x03E7
    {0, 0, 0, 0, 0, 0}, // 0x03E8
    {0, 0, 0, 0, 0, 0}, // 0x03E9
    {0, 0, 0, 0, 0, 0}, // 0x03EA
    {0, 0, 0, 0, 0, 0}, // 0x03EB
    {0, 0, 0, 0, 0, 0}, // 0x03EC
    {0, 0, 0, 0, 0, 0}, // 0x03ED
    {0, 0, 0, 0, 0, 0}, // 0x03EE
    {0, 0, 0, 0, 0, 0}, // 0x03EF
    {0, 0, 0, 0, 0, 0}, // 0x03F0
    {0, 0, 0, 0, 0, 0}, // 0x03F1
    {0, 0, 0, 0, 0, 0}, // 0x03F2
    {0, 0, 0, 0, 0, 0}, // 0x03F3
    {0, 0, 0, 0, 0, 0}, // 0x03F4
    {0, 0, 0, 0, 0, 0}, // 0x03F5
    {0, 0, 0, 0, 0, 0}, // 0x03F6
    {0, 0, 0, 0, 0, 0}, // 0x03F7
    {0, 0, 0, 0, 0, 0}, // 0x03F8
    {0, 0, 0, 0, 0, 0}, // 0x03F9
    {0, 0, 0, 0, 0, 0}, // 0x03FA
    {0, 0, 0, 0, 0, 0}, // 0x03FB
    {0, 0, 0, 0, 0, 0}, // 0x03FC
    {0, 0, 0, 0, 0, 0}, // 0x03FD
    {0, 0, 0, 0, 0, 0}, // 0x03FE
    {0, 0, 0, 0, 0, 0}, // 0x03FF
    {1858, 5, 10, 7, 1, -10}, // 0x0400
    {1865, 5, 10, 7, 1, -10}, // 0x0401
    {1872, 7, 10, 9, 0, -8}, // 0x0402
    {1881, 5, 10, 7, 1, -10}, // 0x0403
    {1888, 6, 8, 8, 1, -8}, // 0x0404
    {1894, 6, 8, 7, 1, -8}, // 0x0405
    {1900, 1, 8, 3, 1, -8}, // 0x0406
    {1901, 3, 10, 3, 0, -10}, // 0x0407
    {1905, 3, 10, 3, -1, -8}, // 0x0408
    {1909, 11, 8, 12, 0, -8}, // 0x0409
    {1920, 10, 8, 12, 1, -8}, // 0x040A
    {1930, 7, 8, 9, 0, -8}, // 0x040B
    {1937, 7, 10, 8, 1, -10}, // 0x040C
    {1946, 6, 10, 8, 1, -10}, // 0x040D
    {1954, 6, 11, 7, 0, -11}, // 0x040E
    {1963, 7, 10, 8, 1, -8}, // 0x040F
    {1972, 7, 8, 8, 0, -8}, // 0x0410
    {1979, 6, 8, 8, 1, -8}, // 0x0411
    {1985, 6, 8, 8, 1, -8}, // 0x0412
    {1991, 5, 8, 7, 1, -8}, // 0x0413
    {1996, 8, 10, 9, 1, -8}, // 0x0414
    {2006, 5, 8, 7, 1, -8}, // 0x0415
    {2011, 11, 8, 12, 0, -8}, // 0x0416
    {2022, 6, 8, 7, 1, -8}, // 0x0417
    {2028, 6, 8, 8, 1, -8}, // 0x0418
    {2034, 6, 11, 8, 1, -11}, // 0x0419
    {2043, 7, 8, 8, 1, -8}, // 0x041A
    {2050, 7, 8, 8, 0, -8}, // 0x041B
    {2057, 7, 8, 9, 1, -8}, // 0x041C
    {2064, 6, 8, 8, 1, -8}, // 0x041D
    {2070, 7, 8, 9, 1, -8}, // 0x041E
    {2077, 6, 8, 8, 1, -8}, // 0x041F
    {2083, 5, 8, 7, 1, -8}, // 0x0420
    {2088, 6, 8, 8, 1, -8}, // 0x0421
    {2094, 7, 8, 7, 0, -8}, // 0x0422
    {2101, 6, 8, 7, 0, -8}, // 0x0423
    {2107, 8, 8, 9, 1, -8}, // 0x0424
    {2115, 7, 8, 8, 0, -8}, // 0x0425
    {2122, 7, 10, 9, 1, -8}, // 0x0426
    {2131, 6, 8, 8, 1, -8}, // 0x0427
    {2137, 9, 8, 12, 1, -8}, // 0x0428
    {2146, 10, 10, 12, 1, -8}, // 0x0429
    {2159, 8, 8, 9, 1, -8}, // 0x042A
    {2167, 7, 8, 10, 1, -8}, // 0x042B
    {2174, 6, 8, 8, 1, -8}, // 0x042C
    {2180, 6, 8, 8, 1, -8}, // 0x042D
    {2186, 10, 8, 12, 1, -8}, // 0x042E
    {2196, 6, 8, 8, 1, -8}, // 0x042F
    {2202, 5, 6, 7, 1, -6}, // 0x0430
    {2206, 5, 9, 7, 1, -10}, // 0x0431
    {2212, 5, 6, 6, 1, -6}, // 0x0432
    {2216, 4, 6, 6, 1, -6}, // 0x0433
    {2219, 6, 8, 8, 1, -6}, // 0x0434
    {2225, 5, 6, 7, 1, -6}, // 0x0435
    {2229, 9, 6, 10, 0, -6}, // 0x0436
    {2236, 4, 6, 6, 1, -6}, // 0x0437
    {2239, 5, 6, 7, 1, -6}, // 0x0438
    {2243, 5, 9, 7, 1, -9}, // 0x0439
    {2249, 5, 6, 7, 1, -6}, // 0x043A
    {2253, 6, 6, 7, 0, -6}, // 0x043B
    {2258, 6, 6, 8, 1, -6}, // 0x043C
    {2263, 5, 6, 7, 1, -6}, // 0x043D
    {2267, 5, 6, 7, 1, -6}, // 0x043E
    {2271, 5, 6, 7, 1, -6}, // 0x043F
    {2275, 5, 8, 7, 1, -6}, // 0x0440
    {2280, 4, 6, 6, 1, -6}, // 0x0441
    {2283, 5, 6, 6, 1, -6}, // 0x0442
    {2287, 6, 8, 7, 0, -6}, // 0x0443
    {2293, 8, 11, 9, 1, -9}, // 0x0444
    {2304, 6, 6, 7, 0, -6}, // 0x0445
    {2309, 6, 8, 7, 1, -6}, // 0x0446
    {2315, 5, 6, 6, 1, -6}, // 0x0447
    {2319, 9, 6, 10, 1, -6}, // 0x0448
    {2326, 9, 6, 10, 1, -6}, // 0x0449
    {2333, 7, 6, 8, 0, -6}, // 0x044A
    {2339, 7, 6, 9, 1, -6}, // 0x044B
    {2345, 5, 6, 6, 1, -6}, // 0x044C
    {2349, 4, 6, 6, 1, -6}, // 0x044D
    {2352, 7, 6, 9, 1, -6}, // 0x044E
    {2358, 5, 6, 7, 1, -6}, // 0x044F
    {2362, 5, 9, 7, 1, -9}, // 0x0450
    {2368, 5, 8, 7, 1, -8}, // 0x0451
    {2373, 6, 11, 7, 0, -9}, // 0x0452
    {2382, 4, 9, 6, 1, -9}, // 0x0453
    {2387, 4, 6, 6, 1, -6}, // 0x0454
    {2390, 5, 6, 6, 1, -6}, // 0x0455
    {2394, 1, 8, 3, 1, -8}, // 0x0456
    {2395, 3, 8, 3, 0, -8}, // 0x0457
    {2398, 2, 10, 3, 0, -8}, // 0x0458
    {2401, 9, 6, 10, 0, -6}, // 0x0459
    {2408, 8, 6, 10, 1, -6}, // 0x045A
    {2414, 6, 9, 7, 0, -9}, // 0x045B
    {2421, 5, 9, 7, 1, -9}, // 0x045C
    {2427, 5, 9, 7, 1, -9}, // 0x045D
    {2433, 6, 11, 7, 0, -9}, // 0x045E
    {2442, 5, 8, 7, 1, -6}, // 0x045F
    {0, 0, 0, 0, 0, 0}, // 0x0460
    {0, 0, 0, 0, 0, 0}, // 0x0461
    {0, 0, 0, 0, 0, 0}, // 0x0462
    {0, 0, 0, 0, 0, 0}, // 0x0463
    {0, 0, 0, 0, 0, 0}, // 0x0464
    {0, 0, 0, 0, 0, 0}, // 0x0465
    {0, 0, 0, 0, 0, 0}, // 0x0466
    {0, 0, 0, 0, 0, 0}, // 0x0467
    {0, 0, 0, 0, 0, 0}, // 0x0468
    {0, 0, 0, 0, 0, 0}, // 0x0469
    {0, 0, 0, 0, 0, 0}, // 0x046A
    {0, 0, 0, 0, 0, 0}, // 0x046B
    {0, 0, 0, 0, 0, 0}, // 0x046C
    {0, 0, 0, 0, 0, 0}, // 0x046D
    {0, 0, 0, 0, 0, 0}, // 0x046E
    {0, 0, 0, 0, 0, 0}, // 0x046F
    {0, 0, 0, 0, 0, 0}, // 0x0470
    {0, 0, 0, 0, 0, 0}, // 0x0471
    {0, 0, 0, 0, 0, 0}, // 0x0472
    {0, 0, 0, 0, 0, 0}, // 0x0473
    {0, 0, 0, 0, 0, 0}, // 0x0474
    {0, 0, 0, 0, 0, 0}, // 0x0475
    {0, 0, 0, 0, 0, 0}, // 0x0476
    {0, 0, 0, 0, 0, 0}, // 0x0477
    {0, 0, 0, 0, 0, 0}, // 0x0478
    {0, 0, 0, 0, 0, 0}, // 0x0479
    {0, 0, 0, 0, 0, 0}, // 0x047A
    {0, 0, 0, 0, 0, 0}, // 0x047B
    {0, 0, 0, 0, 0, 0}, // 0x047C
    {0, 0, 0, 0, 0, 0}, // 0x047D
    {0, 0, 0, 0, 0, 0}, // 0x047E
    {0, 0, 0, 0, 0, 0}, // 0x047F
    {0, 0, 0, 0, 0, 0}, // 0x0480
    {0, 0, 0, 0, 0, 0}, // 0x0481
    {0, 0, 0, 0, 0, 0}, // 0x0482
    {0, 0, 0, 0, 0, 0}, // 0x0483
    {0, 0, 0, 0, 0, 0}, // 0x0484
    {0, 0, 0, 0, 0, 0}, // 0x0485
    {0, 0, 0, 0, 0, 0}, // 0x0486
    {0, 0, 0, 0, 0, 0}, // 0x0487
    {0, 0, 0, 0, 0, 0}, // 0x0488
    {0, 0, 0, 0, 0, 0}, // 0x0489
    {0, 0, 0, 0, 0, 0}, // 0x048A
    {0, 0, 0, 0, 0, 0}, // 0x048B
    {0, 0, 0, 0, 0, 0}, // 0x048C
    {0, 0, 0, 0, 0, 0}, // 0x048D
    {0, 0, 0, 0, 0, 0}, // 0x048E
    {0, 0, 0, 0, 0, 0}, // 0x048F
    {2447, 5, 10, 7, 1, -10}, // 0x0490
    {2454, 4, 8, 6, 1, -8}, // 0x0491
};

}  // namespace font_data
