#pragma once

// ЗГЕНЕРОВАНО tools/gen_xlarge_font.py — НЕ РЕДАГУВАТИ ВРУЧНУ.
// Джерело: DejaVuSans.ttf. Формат: Adafruit/LovyanGFX GFXfont (1 біт на піксель).
// Підключається ЛИШЕ з ui/fonts.cpp (масиви static).
//
// DejaVu Fonts License (витяг). Шрифти DejaVu — похідні Bitstream Vera.
// Copyright (c) 2003 Bitstream, Inc.; зміни DejaVu (c) 2006 Tavmjong Bah.
// Дозволяється використовувати, копіювати, змінювати й розповсюджувати шрифти
// (у тому числі вбудованими в програмне забезпечення) без плати за умови, що
// це повідомлення про авторські права й ліцензію збережено в супровідних
// матеріалах; назви "Bitstream" і "Vera" не можна використовувати для
// похідних шрифтів без дозволу. Повний текст: https://dejavu-fonts.github.io/License.html

#include <LovyanGFX.hpp>
#include <stdint.h>

namespace font_data {

// --- XLarge: em=30px, yAdvance=36, коди 0x0020..0x0491 ---
constexpr uint16_t kXLargeFirst = 0x0020;
constexpr uint16_t kXLargeLast = 0x0491;
constexpr uint8_t kXLargeYAdvance = 36;

static const uint8_t kXLargeBitmaps[] PROGMEM = {
    0xFF, 0xFF, 0xFF, 0xFF, 0xFF, 0xF8, 0x03, 0xFF, 0xC0, 0xC7, 0x8F, 0x1E, 0x3C, 0x78, 0xF1, 0xE3,
    0x00, 0x61, 0xC0, 0x07, 0x0E, 0x00, 0x30, 0x60, 0x01, 0x83, 0x00, 0x1C, 0x38, 0x00, 0xE1, 0x80,
    0xFF, 0xFF, 0xE7, 0xFF, 0xFF, 0x3F, 0xFF, 0xF8, 0x1C, 0x38, 0x00, 0xE1, 0x80, 0x06, 0x0C, 0x00,
    0x70, 0xE0, 0x7F, 0xFF, 0xF3, 0xFF, 0xFF, 0x9F, 0xFF, 0xFC, 0x06, 0x1C, 0x00, 0x70, 0xE0, 0x03,
    0x06, 0x00, 0x18, 0x30, 0x00, 0xC3, 0x80, 0x0E, 0x1C, 0x00, 0x03, 0x00, 0x0C, 0x00, 0x30, 0x07,
    0xF8, 0x3F, 0xF9, 0xFF, 0xEF, 0x31, 0xB8, 0xC0, 0xE3, 0x03, 0x8C, 0x0F, 0xF0, 0x1F, 0xF0, 0x3F,
    0xF0, 0x1F, 0xE0, 0x33, 0xC0, 0xC7, 0x03, 0x1C, 0x0C, 0x7C, 0x33, 0xFF, 0xFE, 0xFF, 0xF0, 0xFF,
    0x80, 0x30, 0x00, 0xC0, 0x03, 0x00, 0x0C, 0x00, 0x1E, 0x00, 0x30, 0x3F, 0xC0, 0x38, 0x18, 0x60,
    0x18, 0x1C, 0x38, 0x18, 0x0C, 0x0C, 0x1C, 0x06, 0x06, 0x0C, 0x03, 0x03, 0x0C, 0x01, 0x81, 0x8E,
    0x00, 0xE1, 0xC6, 0x00, 0x30, 0xC7, 0x00, 0x1F, 0xE3, 0x0F, 0x03, 0xC3, 0x1F, 0xE0, 0x03, 0x8C,
    0x30, 0x01, 0x8E, 0x1C, 0x01, 0xC6, 0x06, 0x00, 0xC3, 0x03, 0x00, 0xC1, 0x81, 0x80, 0xE0, 0xC0,
    0xC0, 0x60, 0x70, 0xE0, 0x60, 0x18, 0x60, 0x70, 0x0F, 0xF0, 0x30, 0x01, 0xE0, 0x07, 0xF0, 0x00,
    0x7F, 0xC0, 0x07, 0xFE, 0x00, 0x78, 0x30, 0x03, 0x80, 0x00, 0x1C, 0x00, 0x00, 0xE0, 0x00, 0x07,
    0x80, 0x00, 0x1E, 0x00, 0x01, 0xF8, 0x00, 0x0F, 0xE0, 0x1C, 0xF7, 0x81, 0xEF, 0x1F, 0x0E, 0x70,
    0x7C, 0xF3, 0x81, 0xF7, 0x1C, 0x07, 0xF8, 0xF0, 0x1F, 0x87, 0x80, 0xFC, 0x1F, 0x1F, 0xF0, 0x7F,
    0xF7, 0xC1, 0xFF, 0x1F, 0x03, 0xE0, 0x7C, 0xFF, 0xFF, 0x0E, 0x18, 0x70, 0xC3, 0x86, 0x1C, 0x38,
    0x71, 0xC3, 0x87, 0x0E, 0x1C, 0x38, 0x70, 0xE1, 0xC1, 0xC3, 0x87, 0x06, 0x0E, 0x0C, 0x1C, 0x18,
    0x38, 0xE0, 0xC1, 0xC1, 0x83, 0x83, 0x07, 0x0E, 0x1C, 0x1C, 0x38, 0x70, 0xE1, 0xC3, 0x87, 0x0E,
    0x1C, 0x70, 0xE1, 0xC3, 0x0E, 0x18, 0x70, 0xC3, 0x80, 0x03, 0x00, 0x0C, 0x00, 0x30, 0x10, 0xC2,
    0xF3, 0x3C, 0xFF, 0xC0, 0xFC, 0x03, 0xF0, 0x3F, 0xF3, 0xCC, 0xF4, 0x30, 0x80, 0xC0, 0x03, 0x00,
    0x0C, 0x00, 0x00, 0xC0, 0x00, 0x30, 0x00, 0x0C, 0x00, 0x03, 0x00, 0x00, 0xC0, 0x00, 0x30, 0x00,
    0x0C, 0x00, 0x03, 0x00, 0xFF, 0xFF, 0xFF, 0xFF, 0xF0, 0x0C, 0x00, 0x03, 0x00, 0x00, 0xC0, 0x00,
    0x30, 0x00, 0x0C, 0x00, 0x03, 0x00, 0x00, 0xC0, 0x00, 0x30, 0x00, 0x77, 0x77, 0x6E, 0xC0, 0xFF,
    0xFF, 0xFF, 0xF0, 0x00, 0xC0, 0x70, 0x18, 0x06, 0x03, 0x80, 0xC0, 0x30, 0x0C, 0x06, 0x01, 0x80,
    0x60, 0x30, 0x0C, 0x03, 0x01, 0x80, 0x60, 0x18, 0x0C, 0x03, 0x00, 0xC0, 0x70, 0x18, 0x06, 0x03,
    0x80, 0xC0, 0x00, 0x07, 0xC0, 0x3F, 0xE0, 0xFF, 0xE3, 0xE3, 0xC7, 0x01, 0xCE, 0x03, 0xBC, 0x07,
    0xF0, 0x07, 0xE0, 0x0F, 0xC0, 0x1F, 0x80, 0x3F, 0x00, 0x7E, 0x00, 0xFC, 0x01, 0xF8, 0x03, 0xF8,
    0x0F, 0x70, 0x1C, 0xE0, 0x39, 0xF1, 0xE1, 0xFF, 0xC1, 0xFF, 0x00, 0xF8, 0x00, 0x1F, 0x07, 0xF8,
    0x3F, 0xC1, 0xCE, 0x00, 0x70, 0x03, 0x80, 0x1C, 0x00, 0xE0, 0x07, 0x00, 0x38, 0x01, 0xC0, 0x0E,
    0x00, 0x70, 0x03, 0x80, 0x1C, 0x00, 0xE0, 0x07, 0x00, 0x38, 0x01, 0xC1, 0xFF, 0xFF, 0xFF, 0xFF,
    0xFC, 0x3F, 0xC3, 0xFF, 0xCF, 0xFF, 0xB0, 0x1E, 0x00, 0x3C, 0x00, 0x70, 0x01, 0xC0, 0x07, 0x00,
    0x3C, 0x00, 0xE0, 0x07, 0x00, 0x3C, 0x01, 0xE0, 0x0F, 0x00, 0x78, 0x03, 0xC0, 0x1E, 0x00, 0xF0,
    0x07, 0x80, 0x3F, 0xFF, 0xFF, 0xFF, 0xFF, 0xF0, 0x1F, 0x81, 0xFF, 0x87, 0xFF, 0x18, 0x1E, 0x00,
    0x38, 0x00, 0xE0, 0x03, 0x80, 0x0E, 0x00, 0x70, 0x3F, 0x80, 0xFC, 0x03, 0xFC, 0x00, 0x78, 0x00,
    0xF0, 0x01, 0xC0, 0x07, 0x00, 0x1C, 0x00, 0xFC, 0x07, 0xBF, 0xFE, 0xFF, 0xF0, 0xFE, 0x00, 0x00,
    0x78, 0x00, 0xF8, 0x00, 0xF8, 0x01, 0xB8, 0x03, 0xB8, 0x03, 0x38, 0x07, 0x38, 0x0E, 0x38, 0x0C,
    0x38, 0x1C, 0x38, 0x38, 0x38, 0x30, 0x38, 0x70, 0x38, 0xE0, 0x38, 0xFF, 0xFF, 0xFF, 0xFF, 0xFF,
    0xFF, 0x00, 0x38, 0x00, 0x38, 0x00, 0x38, 0x00, 0x38, 0x00, 0x38, 0x7F, 0xF1, 0xFF, 0xC7, 0xFF,
    0x1C, 0x00, 0x70, 0x01, 0xC0, 0x07, 0x00, 0x1C, 0x00, 0x7F, 0xC1, 0xFF, 0xC7, 0xFF, 0x90, 0x3E,
    0x00, 0x3C, 0x00, 0x70, 0x01, 0xC0, 0x07, 0x00, 0x1C, 0x00, 0xFC, 0x0F, 0xBF, 0xFC, 0xFF, 0xE0,
    0xFE, 0x00, 0x03, 0xF8, 0x1F, 0xF8, 0x7F, 0xF1, 0xF0, 0x27, 0x80, 0x0E, 0x00, 0x1C, 0x00, 0x78,
    0x00, 0xE3, 0xE1, 0xDF, 0xF3, 0xFF, 0xF7, 0xC1, 0xEF, 0x01, 0xFC, 0x01, 0xF8, 0x03, 0xF0, 0x07,
    0x60, 0x0E, 0xE0, 0x3C, 0xE0, 0xF1, 0xFF, 0xE1, 0xFF, 0x80, 0xFC, 0x00, 0xFF, 0xFF, 0xFF, 0xFF,
    0xFF, 0xC0, 0x0E, 0x00, 0x38, 0x01, 0xC0, 0x07, 0x00, 0x3C, 0x00, 0xE0, 0x03, 0x80, 0x1E, 0x00,
    0x70, 0x01, 0xC0, 0x0E, 0x00, 0x38, 0x01, 0xE0, 0x07, 0x00, 0x1C, 0x00, 0xF0, 0x03, 0x80, 0x0E,
    0x00, 0x70, 0x00, 0x0F, 0xE0, 0x3F, 0xE0, 0xFF, 0xE3, 0xC1, 0xE7, 0x01, 0xCE, 0x03, 0x9C, 0x07,
    0x38, 0x0E, 0x38, 0x38, 0x3F, 0xE0, 0x3F, 0x81, 0xFF, 0xC7, 0x83, 0xDE, 0x03, 0xF8, 0x03, 0xF0,
    0x07, 0xE0, 0x0F, 0xE0, 0x3D, 0xE0, 0xF3, 0xFF, 0xE3, 0xFF, 0x81, 0xFC, 0x00, 0x0F, 0xC0, 0x7F,
    0xE1, 0xFF, 0xE3, 0xC1, 0xCF, 0x01, 0xDC, 0x01, 0xB8, 0x03, 0xF0, 0x07, 0xE0, 0x0F, 0xE0, 0x3D,
    0xE0, 0xFB, 0xFF, 0xF3, 0xFE, 0xE1, 0xF1, 0xC0, 0x07, 0x80, 0x0E, 0x00, 0x3C, 0x00, 0x79, 0x03,
    0xE3, 0xFF, 0x87, 0xFE, 0x07, 0xF0, 0x00, 0xFF, 0xF0, 0x00, 0x00, 0x0F, 0xFF, 0x77, 0x77, 0x00,
    0x00, 0x00, 0x00, 0x77, 0x77, 0x6E, 0xC0, 0x00, 0x00, 0x20, 0x00, 0x3C, 0x00, 0x3F, 0x00, 0x3F,
    0x00, 0x3F, 0x00, 0x1F, 0x80, 0x1F, 0x80, 0x07, 0x80, 0x00, 0xF0, 0x00, 0x0F, 0xC0, 0x00, 0x3F,
    0x00, 0x01, 0xF8, 0x00, 0x07, 0xE0, 0x00, 0x1F, 0x80, 0x00, 0x78, 0x00, 0x01, 0xFF, 0xFF, 0xFF,
    0xFF, 0xFC, 0x00, 0x00, 0x00, 0x00, 0x00, 0x00, 0x00, 0x00, 0x00, 0x3F, 0xFF, 0xFF, 0xFF, 0xFF,
    0x80, 0x00, 0x1E, 0x00, 0x01, 0xF8, 0x00, 0x07, 0xE0, 0x00, 0x1F, 0x80, 0x00, 0xFC, 0x00, 0x03,
    0xF0, 0x00, 0x0F, 0x00, 0x01, 0xE0, 0x01, 0xF8, 0x01, 0xF8, 0x00, 0xFC, 0x00, 0xFC, 0x00, 0xFC,
    0x00, 0x3C, 0x00, 0x04, 0x00, 0x00, 0x1F, 0x87, 0xFC, 0xFF, 0xEE, 0x0F, 0x80, 0x70, 0x07, 0x00,
    0x70, 0x0E, 0x01, 0xE0, 0x3C, 0x07, 0x80, 0x70, 0x0E, 0x00, 0xE0, 0x0E, 0x00, 0xE0, 0x00, 0x00,
    0x00, 0x0E, 0x00, 0xE0, 0x0E, 0x00, 0xE0, 0x00, 0x3F, 0x80, 0x00, 0x7F, 0xFC, 0x00, 0x7F, 0xFF,
    0x80, 0x3F, 0x01, 0xF8, 0x1F, 0x00, 0x1F, 0x0F, 0x00, 0x03, 0xC3, 0x80, 0x00, 0x79, 0xE0, 0xF3,
    0x8E, 0x70, 0x7E, 0xE1, 0xFC, 0x3F, 0xF8, 0x7E, 0x1E, 0x1E, 0x1F, 0x87, 0x03, 0x87, 0xE1, 0xC0,
    0xE1, 0xF8, 0x70, 0x38, 0xFE, 0x1C, 0x0E, 0x3B, 0x87, 0x87, 0x9E, 0xF0, 0xFF, 0xFF, 0x1C, 0x3F,
    0xBF, 0x07, 0x83, 0xCF, 0x00, 0xE0, 0x00, 0x00, 0x3C, 0x00, 0x00, 0x07, 0xC0, 0x04, 0x00, 0xFC,
    0x07, 0x80, 0x1F, 0xFF, 0xC0, 0x01, 0xFF, 0xE0, 0x00, 0x1F, 0xC0, 0x00, 0x00, 0xF0, 0x00, 0x0F,
    0x00, 0x01, 0xF8, 0x00, 0x1F, 0x80, 0x01, 0xF8, 0x00, 0x39, 0xC0, 0x03, 0x9C, 0x00, 0x79, 0xE0,
    0x07, 0x0E, 0x00, 0x70, 0xE0, 0x0F, 0x0F, 0x00, 0xE0, 0x70, 0x0E, 0x07, 0x01, 0xC0, 0x38, 0x1F,
    0xFF, 0x83, 0xFF, 0xFC, 0x3F, 0xFF, 0xC3, 0x80, 0x1C, 0x78, 0x01, 0xE7, 0x00, 0x0E, 0x70, 0x00,
    0xEE, 0x00, 0x07, 0xFF, 0xE0, 0xFF, 0xF8, 0xFF, 0xFC, 0xE0, 0x3E, 0xE0, 0x0E, 0xE0, 0x0E, 0xE0,
    0x0E, 0xE0, 0x0E, 0xE0, 0x3C, 0xFF, 0xF8, 0xFF, 0xF0, 0xFF, 0xFC, 0xE0, 0x1E, 0xE0, 0x0F, 0xE0,
    0x07, 0xE0, 0x07, 0xE0, 0x07, 0xE0, 0x0F, 0xE0, 0x1E, 0xFF, 0xFE, 0xFF, 0xFC, 0xFF, 0xF0, 0x01,
    0xFE, 0x01, 0xFF, 0xE1, 0xFF, 0xFC, 0xFC, 0x07, 0x3C, 0x00, 0x5E, 0x00, 0x07, 0x00, 0x03, 0xC0,
    0x00, 0xE0, 0x00, 0x38, 0x00, 0x0E, 0x00, 0x03, 0x80, 0x00, 0xE0, 0x00, 0x38, 0x00, 0x0F, 0x00,
    0x01, 0xC0, 0x00, 0x78, 0x00, 0x0F, 0x00, 0x13, 0xF0, 0x1C, 0x7F, 0xFF, 0x07, 0xFF, 0x80, 0x7F,
    0x80, 0xFF, 0xE0, 0x3F, 0xFE, 0x0F, 0xFF, 0xE3, 0x80, 0xFC, 0xE0, 0x0F, 0xB8, 0x01, 0xEE, 0x00,
    0x3B, 0x80, 0x0F, 0xE0, 0x01, 0xF8, 0x00, 0x7E, 0x00, 0x1F, 0x80, 0x07, 0xE0, 0x01, 0xF8, 0x00,
    0x7E, 0x00, 0x1F, 0x80, 0x0E, 0xE0, 0x07, 0xB8, 0x03, 0xEE, 0x03, 0xF3, 0xFF, 0xF8, 0xFF, 0xFC,
    0x3F, 0xF8, 0x00, 0xFF, 0xFF, 0xFF, 0xFF, 0xFF, 0xF8, 0x00, 0xE0, 0x03, 0x80, 0x0E, 0x00, 0x38,
    0x00, 0xE0, 0x03, 0xFF, 0xEF, 0xFF, 0xBF, 0xFE, 0xE0, 0x03, 0x80, 0x0E, 0x00, 0x38, 0x00, 0xE0,
    0x03, 0x80, 0x0E, 0x00, 0x3F, 0xFF, 0xFF, 0xFF, 0xFF, 0xF0, 0xFF, 0xFF, 0xFF, 0xFF, 0xFF, 0xC0,
    0x0E, 0x00, 0x70, 0x03, 0x80, 0x1C, 0x00, 0xE0, 0x07, 0xFF, 0xBF, 0xFD, 0xFF, 0xEE, 0x00, 0x70,
    0x03, 0x80, 0x1C, 0x00, 0xE0, 0x07, 0x00, 0x38, 0x01, 0xC0, 0x0E, 0x00, 0x70, 0x00, 0x01, 0xFE,
    0x00, 0xFF, 0xF0, 0x7F, 0xFF, 0x1F, 0x80, 0xE3, 0xC0, 0x04, 0xF0, 0x00, 0x1C, 0x00, 0x07, 0x00,
    0x00, 0xE0, 0x00, 0x1C, 0x00, 0x03, 0x80, 0x7F, 0xF0, 0x0F, 0xFE, 0x01, 0xFF, 0xC0, 0x01, 0xFC,
    0x00, 0x3B, 0x80, 0x07, 0x78, 0x00, 0xE7, 0x80, 0x1C, 0xFC, 0x07, 0x8F, 0xFF, 0xE0, 0x7F, 0xF8,
    0x03, 0xF8, 0x00, 0xE0, 0x03, 0xF0, 0x01, 0xF8, 0x00, 0xFC, 0x00, 0x7E, 0x00, 0x3F, 0x00, 0x1F,
    0x80, 0x0F, 0xC0, 0x07, 0xE0, 0x03, 0xFF, 0xFF, 0xFF, 0xFF, 0xFF, 0xFF, 0xFE, 0x00, 0x3F, 0x00,
    0x1F, 0x80, 0x0F, 0xC0, 0x07, 0xE0, 0x03, 0xF0, 0x01, 0xF8, 0x00, 0xFC, 0x00, 0x7E, 0x00, 0x3F,
    0x00, 0x1C, 0xFF, 0xFF, 0xFF, 0xFF, 0xFF, 0xFF, 0xFF, 0xFF, 0xC0, 0x07, 0x07, 0x07, 0x07, 0x07,
    0x07, 0x07, 0x07, 0x07, 0x07, 0x07, 0x07, 0x07, 0x07, 0x07, 0x07, 0x07, 0x07, 0x07, 0x07, 0x07,
    0x07, 0x07, 0x0F, 0x1E, 0xFE, 0xFC, 0xF0, 0xE0, 0x1F, 0x70, 0x1E, 0x38, 0x1E, 0x1C, 0x1E, 0x0E,
    0x1E, 0x07, 0x1E, 0x03, 0x9E, 0x01, 0xDE, 0x00, 0xFE, 0x00, 0x7E, 0x00, 0x3F, 0x00, 0x1F, 0xC0,
    0x0E, 0xF0, 0x07, 0x3C, 0x03, 0x8F, 0x01, 0xC3, 0xC0, 0xE1, 0xF0, 0x70, 0x7C, 0x38, 0x1F, 0x1C,
    0x07, 0xCE, 0x01, 0xF7, 0x00, 0x7C, 0xE0, 0x03, 0x80, 0x0E, 0x00, 0x38, 0x00, 0xE0, 0x03, 0x80,
    0x0E, 0x00, 0x38, 0x00, 0xE0, 0x03, 0x80, 0x0E, 0x00, 0x38, 0x00, 0xE0, 0x03, 0x80, 0x0E, 0x00,
    0x38, 0x00, 0xE0, 0x03, 0x80, 0x0E, 0x00, 0x3F, 0xFF, 0xFF, 0xFF, 0xFF, 0xF0, 0xF8, 0x01, 0xFF,
    0xC0, 0x3F, 0xFC, 0x03, 0xFF, 0xC0, 0x3F, 0xEE, 0x07, 0x7E, 0xE0, 0x77, 0xEF, 0x0F, 0x7E, 0x70,
    0xE7, 0xE7, 0x0E, 0x7E, 0x79, 0xE7, 0xE3, 0x9C, 0x7E, 0x39, 0xC7, 0xE1, 0xF8, 0x7E, 0x1F, 0x87,
    0xE1, 0xF8, 0x7E, 0x0F, 0x07, 0xE0, 0xF0, 0x7E, 0x0F, 0x07, 0xE0, 0x00, 0x7E, 0x00, 0x07, 0xE0,
    0x00, 0x7E, 0x00, 0x07, 0xF0, 0x03, 0xFC, 0x01, 0xFF, 0x00, 0xFF, 0x80, 0x7F, 0xE0, 0x3F, 0x70,
    0x1F, 0xBC, 0x0F, 0xCE, 0x07, 0xE7, 0x83, 0xF1, 0xC1, 0xF8, 0x70, 0xFC, 0x3C, 0x7E, 0x0E, 0x3F,
    0x07, 0x9F, 0x81, 0xCF, 0xC0, 0xF7, 0xE0, 0x3B, 0xF0, 0x1F, 0xF8, 0x07, 0xFC, 0x03, 0xFE, 0x00,
    0xFF, 0x00, 0x3C, 0x01, 0xF8, 0x00, 0xFF, 0xF0, 0x1F, 0xFF, 0x83, 0xE0, 0x7C, 0x3C, 0x03, 0xC7,
    0x80, 0x1E, 0x70, 0x00, 0xEF, 0x00, 0x0F, 0xE0, 0x00, 0x7E, 0x00, 0x07, 0xE0, 0x00, 0x7E, 0x00,
    0x07, 0xE0, 0x00, 0x7E, 0x00, 0x07, 0xF0, 0x00, 0xF7, 0x00, 0x0E, 0x78, 0x01, 0xE3, 0xC0, 0x3C,
    0x3E, 0x07, 0xC1, 0xFF, 0xF8, 0x0F, 0xFE, 0x00, 0x1F, 0xC0, 0xFF, 0xC3, 0xFF, 0xCF, 0xFF, 0xB8,
    0x1E, 0xE0, 0x3F, 0x80, 0x7E, 0x01, 0xF8, 0x07, 0xE0, 0x3F, 0x81, 0xEF, 0xFF, 0xBF, 0xFC, 0xFF,
    0xC3, 0x80, 0x0E, 0x00, 0x38, 0x00, 0xE0, 0x03, 0x80, 0x0E, 0x00, 0x38, 0x00, 0xE0, 0x03, 0x80,
    0x00, 0x01, 0xF8, 0x00, 0xFF, 0xF0, 0x1F, 0xFF, 0x83, 0xE0, 0x7C, 0x3C, 0x03, 0xC7, 0x80, 0x1E,
    0x70, 0x00, 0xEF, 0x00, 0x0F, 0xE0, 0x00, 0x7E, 0x00, 0x07, 0xE0, 0x00, 0x7E, 0x00, 0x07, 0xE0,
    0x00, 0x7E, 0x00, 0x07, 0xF0, 0x00, 0xF7, 0x00, 0x0E, 0x78, 0x01, 0xE3, 0xC0, 0x3C, 0x3E, 0x07,
    0xC1, 0xFF, 0xF8, 0x0F, 0xFE, 0x00, 0x1F, 0xE0, 0x00, 0x0E, 0x00, 0x00, 0xF0, 0x00, 0x07, 0x80,
    0x00, 0x3C, 0xFF, 0xC0, 0x7F, 0xF8, 0x3F, 0xFE, 0x1C, 0x0F, 0x8E, 0x03, 0xC7, 0x00, 0xE3, 0x80,
    0x71, 0xC0, 0x38, 0xE0, 0x3C, 0x70, 0x3C, 0x3F, 0xFC, 0x1F, 0xFC, 0x0F, 0xFF, 0x07, 0x07, 0x83,
    0x81, 0xE1, 0xC0, 0x78, 0xE0, 0x1C, 0x70, 0x0F, 0x38, 0x03, 0x9C, 0x01, 0xEE, 0x00, 0x77, 0x00,
    0x3C, 0x0F, 0xF0, 0x7F, 0xF9, 0xFF, 0xF3, 0xC0, 0x6F, 0x00, 0x1C, 0x00, 0x38, 0x00, 0x70, 0x00,
    0xF8, 0x00, 0xFF, 0x00, 0xFF, 0xC0, 0x7F, 0xC0, 0x0F, 0xC0, 0x03, 0xC0, 0x03, 0x80, 0x07, 0x00,
    0x0E, 0x00, 0x3F, 0x00, 0xF7, 0xFF, 0xEF, 0xFF, 0x87, 0xFC, 0x00, 0xFF, 0xFF, 0xFF, 0xFF, 0xFF,
    0xFF, 0xFF, 0x80, 0x70, 0x00, 0x0E, 0x00, 0x01, 0xC0, 0x00, 0x38, 0x00, 0x07, 0x00, 0x00, 0xE0,
    0x00, 0x1C, 0x00, 0x03, 0x80, 0x00, 0x70, 0x00, 0x0E, 0x00, 0x01, 0xC0, 0x00, 0x38, 0x00, 0x07,
    0x00, 0x00, 0xE0, 0x00, 0x1C, 0x00, 0x03, 0x80, 0x00, 0x70, 0x00, 0x0E, 0x00, 0x01, 0xC0, 0x00,
    0xE0, 0x03, 0xF0, 0x01, 0xF8, 0x00, 0xFC, 0x00, 0x7E, 0x00, 0x3F, 0x00, 0x1F, 0x80, 0x0F, 0xC0,
    0x07, 0xE0, 0x03, 0xF0, 0x01, 0xF8, 0x00, 0xFC, 0x00, 0x7E, 0x00, 0x3F, 0x00, 0x1F, 0x80, 0x0F,
    0xC0, 0x07, 0xF0, 0x07, 0xB8, 0x03, 0x9F, 0x07, 0xC7, 0xFF, 0xC1, 0xFF, 0xC0, 0x3F, 0x80, 0xE0,
    0x00, 0x77, 0x00, 0x0E, 0x70, 0x00, 0xE7, 0x80, 0x1E, 0x38, 0x01, 0xC3, 0x80, 0x1C, 0x3C, 0x03,
    0xC1, 0xC0, 0x38, 0x1C, 0x03, 0x80, 0xE0, 0x70, 0x0E, 0x07, 0x00, 0xF0, 0xF0, 0x07, 0x0E, 0x00,
    0x70, 0xE0, 0x07, 0x9E, 0x00, 0x39, 0xC0, 0x03, 0x9C, 0x00, 0x1F, 0x80, 0x01, 0xF8, 0x00, 0x1F,
    0x80, 0x00, 0xF0, 0x00, 0x0F, 0x00, 0xE0, 0x06, 0x00, 0x7E, 0x00, 0xF0, 0x07, 0x70, 0x0F, 0x00,
    0xE7, 0x00, 0xF0, 0x0E, 0x70, 0x0F, 0x00, 0xE7, 0x01, 0x98, 0x1E, 0x38, 0x19, 0x81, 0xC3, 0x81,
    0x98, 0x1C, 0x38, 0x19, 0x81, 0xC3, 0x83, 0x0C, 0x3C, 0x1C, 0x30, 0xC3, 0x81, 0xC3, 0x0C, 0x38,
    0x1C, 0x30, 0xC3, 0x81, 0xE6, 0x06, 0x78, 0x0E, 0x60, 0x67, 0x00, 0xE6, 0x06, 0x70, 0x0E, 0x60,
    0x67, 0x00, 0xFC, 0x03, 0xF0, 0x07, 0xC0, 0x3E, 0x00, 0x7C, 0x03, 0xE0, 0x07, 0xC0, 0x3E, 0x00,
    0x78, 0x01, 0xE0, 0x78, 0x01, 0xE7, 0x80, 0x78, 0x70, 0x0E, 0x0F, 0x03, 0xC0, 0xF0, 0xF0, 0x0E,
    0x1C, 0x01, 0xE7, 0x00, 0x1F, 0xE0, 0x01, 0xF8, 0x00, 0x3E, 0x00, 0x03, 0xC0, 0x00, 0xF8, 0x00,
    0x1F, 0x80, 0x07, 0xF0, 0x01, 0xE7, 0x00, 0x38, 0xF0, 0x0E, 0x0E, 0x03, 0xC1, 0xE0, 0xF0, 0x1E,
    0x1C, 0x01, 0xC7, 0x80, 0x3D, 0xE0, 0x03, 0xC0, 0xF0, 0x01, 0xEF, 0x00, 0x78, 0xE0, 0x0E, 0x1E,
    0x03, 0xC1, 0xE0, 0xF0, 0x1C, 0x1C, 0x01, 0xC7, 0x80, 0x3D, 0xE0, 0x03, 0xF8, 0x00, 0x3E, 0x00,
    0x07, 0xC0, 0x00, 0x70, 0x00, 0x0E, 0x00, 0x01, 0xC0, 0x00, 0x38, 0x00, 0x07, 0x00, 0x00, 0xE0,
    0x00, 0x1C, 0x00, 0x03, 0x80, 0x00, 0x70, 0x00, 0x0E, 0x00, 0x01, 0xC0, 0x00, 0xFF, 0xFF, 0xFF,
    0xFF, 0xFF, 0xFF, 0xFC, 0x00, 0x1E, 0x00, 0x0F, 0x00, 0x07, 0x80, 0x01, 0xE0, 0x00, 0xF0, 0x00,
    0x78, 0x00, 0x3C, 0x00, 0x1E, 0x00, 0x07, 0x80, 0x03, 0xC0, 0x01, 0xE0, 0x00, 0xF0, 0x00, 0x78,
    0x00, 0x1C, 0x00, 0x0F, 0x00, 0x07, 0x80, 0x03, 0xFF, 0xFF, 0xFF, 0xFF, 0xFF, 0xFF, 0xF0, 0xFF,
    0xFF, 0xFF, 0x0E, 0x1C, 0x38, 0x70, 0xE1, 0xC3, 0x87, 0x0E, 0x1C, 0x38, 0x70, 0xE1, 0xC3, 0x87,
    0x0E, 0x1C, 0x38, 0x70, 0xFF, 0xFF, 0xF8, 0xC0, 0x38, 0x06, 0x01, 0x80, 0x70, 0x0C, 0x03, 0x00,
    0xC0, 0x18, 0x06, 0x01, 0x80, 0x30, 0x0C, 0x03, 0x00, 0x60, 0x18, 0x06, 0x00, 0xC0, 0x30, 0x0C,
    0x03, 0x80, 0x60, 0x18, 0x07, 0x00, 0xC0, 0xFF, 0xFF, 0xF8, 0x70, 0xE1, 0xC3, 0x87, 0x0E, 0x1C,
    0x38, 0x70, 0xE1, 0xC3, 0x87, 0x0E, 0x1C, 0x38, 0x70, 0xE1, 0xC3, 0x87, 0xFF, 0xFF, 0xF8, 0x00,
    0xE0, 0x00, 0x3E, 0x00, 0x0E, 0xE0, 0x03, 0x8E, 0x00, 0xE0, 0xE0, 0x78, 0x0F, 0x1E, 0x00, 0xF7,
    0x80, 0x0F, 0xFF, 0xFF, 0xFF, 0xFF, 0xFF, 0xF8, 0xE0, 0xE0, 0xE0, 0xC0, 0xC1, 0xC0, 0x1F, 0xC1,
    0xFF, 0xC7, 0xFF, 0x90, 0x1E, 0x00, 0x1C, 0x00, 0x70, 0xFF, 0xCF, 0xFF, 0x7F, 0xFF, 0xC0, 0x7E,
    0x01, 0xF8, 0x0F, 0xF0, 0x7D, 0xFF, 0xF7, 0xFD, 0xC7, 0xC7, 0xE0, 0x01, 0xC0, 0x03, 0x80, 0x07,
    0x00, 0x0E, 0x00, 0x1C, 0x00, 0x38, 0x00, 0x71, 0xF0, 0xEF, 0xF1, 0xFF, 0xF3, 0xE0, 0xF7, 0x80,
    0xEE, 0x00, 0xFC, 0x01, 0xF8, 0x03, 0xF0, 0x07, 0xE0, 0x0F, 0xC0, 0x1F, 0xC0, 0x77, 0xC1, 0xEF,
    0xFF, 0x9D, 0xFE, 0x38, 0xF8, 0x00, 0x07, 0xF0, 0xFF, 0xCF, 0xFE, 0xF8, 0x17, 0x00, 0x78, 0x03,
    0x80, 0x1C, 0x00, 0xE0, 0x07, 0x00, 0x3C, 0x00, 0xE0, 0x07, 0xC0, 0x9F, 0xFC, 0x7F, 0xE0, 0xFE,
    0x00, 0x0E, 0x00, 0x1C, 0x00, 0x38, 0x00, 0x70, 0x00, 0xE0, 0x01, 0xC0, 0x03, 0x87, 0xC7, 0x1F,
    0xEE, 0x7F, 0xFD, 0xE0, 0xFB, 0x80, 0xFE, 0x00, 0xFC, 0x01, 0xF8, 0x03, 0xF0, 0x07, 0xE0, 0x0F,
    0xC0, 0x1D, 0xC0, 0x7B, 0xC1, 0xF3, 0xFF, 0xE3, 0xFD, 0xC3, 0xE3, 0x80, 0x07, 0xE0, 0x3F, 0xF0,
    0xFF, 0xF3, 0xC1, 0xE7, 0x01, 0xFC, 0x01, 0xFF, 0xFF, 0xFF, 0xFF, 0xFF, 0xFF, 0xC0, 0x03, 0x80,
    0x03, 0x80, 0x27, 0xC1, 0xC7, 0xFF, 0x87, 0xFE, 0x03, 0xF0, 0x03, 0xE1, 0xFC, 0x3F, 0x8F, 0x01,
    0xC0, 0x38, 0x07, 0x07, 0xFE, 0xFF, 0xDF, 0xF8, 0x70, 0x0E, 0x01, 0xC0, 0x38, 0x07, 0x00, 0xE0,
    0x1C, 0x03, 0x80, 0x70, 0x0E, 0x01, 0xC0, 0x38, 0x07, 0x00, 0x0F, 0x8E, 0x7F, 0xDC, 0xFF, 0xFB,
    0xC1, 0xF7, 0x01, 0xFC, 0x01, 0xF8, 0x03, 0xF0, 0x07, 0xE0, 0x0F, 0xC0, 0x1F, 0x80, 0x3B, 0x80,
    0xF7, 0x83, 0xE7, 0xFF, 0xCF, 0xFB, 0x87, 0xC7, 0x00, 0x0E, 0x00, 0x38, 0x81, 0xF1, 0xFF, 0xC3,
    0xFF, 0x03, 0xFC, 0x00, 0xE0, 0x03, 0x80, 0x0E, 0x00, 0x38, 0x00, 0xE0, 0x03, 0x80, 0x0E, 0x00,
    0x38, 0xF8, 0xEF, 0xF3, 0xFF, 0xEF, 0x83, 0xFC, 0x0F, 0xE0, 0x1F, 0x80, 0x7E, 0x01, 0xF8, 0x07,
    0xE0, 0x1F, 0x80, 0x7E, 0x01, 0xF8, 0x07, 0xE0, 0x1F, 0x80, 0x7E, 0x01, 0xC0, 0xFF, 0x80, 0x07,
    0xFF, 0xFF, 0xFF, 0xFF, 0xFF, 0xF8, 0x1C, 0x71, 0xC0, 0x00, 0x00, 0x07, 0x1C, 0x71, 0xC7, 0x1C,
    0x71, 0xC7, 0x1C, 0x71, 0xC7, 0x1C, 0x71, 0xC7, 0x1C, 0xFF, 0xBE, 0xE0, 0xE0, 0x03, 0x80, 0x0E,
    0x00, 0x38, 0x00, 0xE0, 0x03, 0x80, 0x0E, 0x00, 0x38, 0x0F, 0xE0, 0xFB, 0x87, 0xCE, 0x3E, 0x39,
    0xF0, 0xEF, 0x03, 0xF8, 0x0F, 0xC0, 0x3F, 0x80, 0xEF, 0x03, 0x9E, 0x0E, 0x3C, 0x38, 0x78, 0xE0,
    0xF3, 0x81, 0xEE, 0x03, 0xC0, 0xFF, 0xFF, 0xFF, 0xFF, 0xFF, 0xFF, 0xFF, 0xFF, 0xF8, 0xE7, 0xC1,
    0xF1, 0xDF, 0xC7, 0xF3, 0xFF, 0xDF, 0xF7, 0xC3, 0xB0, 0xFF, 0x03, 0xC0, 0xFC, 0x07, 0x01, 0xF8,
    0x0E, 0x03, 0xF0, 0x1C, 0x07, 0xE0, 0x38, 0x0F, 0xC0, 0x70, 0x1F, 0x80, 0xE0, 0x3F, 0x01, 0xC0,
    0x7E, 0x03, 0x80, 0xFC, 0x07, 0x01, 0xF8, 0x0E, 0x03, 0xF0, 0x1C, 0x07, 0xE3, 0xE3, 0xBF, 0xCF,
    0xFF, 0xBE, 0x0F, 0xF0, 0x3F, 0x80, 0x7E, 0x01, 0xF8, 0x07, 0xE0, 0x1F, 0x80, 0x7E, 0x01, 0xF8,
    0x07, 0xE0, 0x1F, 0x80, 0x7E, 0x01, 0xF8, 0x07, 0x0F, 0xE0, 0x3F, 0xE0, 0xFF, 0xE3, 0xC1, 0xE7,
    0x01, 0xDC, 0x03, 0xF8, 0x03, 0xF0, 0x07, 0xE0, 0x0F, 0xC0, 0x1F, 0x80, 0x3B, 0x80, 0xE7, 0x83,
    0xC7, 0xFF, 0x07, 0xFC, 0x07, 0xF0, 0xE3, 0xE1, 0xDF, 0xE3, 0xFF, 0xE7, 0xC1, 0xEF, 0x01, 0xDC,
    0x01, 0xF8, 0x03, 0xF0, 0x07, 0xE0, 0x0F, 0xC0, 0x1F, 0x80, 0x3F, 0x80, 0xEF, 0x83, 0xDF, 0xFF,
    0x3B, 0xFC, 0x71, 0xF0, 0xE0, 0x01, 0xC0, 0x03, 0x80, 0x07, 0x00, 0x0E, 0x00, 0x1C, 0x00, 0x00,
    0x0F, 0x8E, 0x3F, 0xDC, 0xFF, 0xFB, 0xC1, 0xF7, 0x01, 0xFC, 0x01, 0xF8, 0x03, 0xF0, 0x07, 0xE0,
    0x0F, 0xC0, 0x1F, 0x80, 0x3B, 0x80, 0xF7, 0x83, 0xE7, 0xFF, 0xC7, 0xFB, 0x87, 0xC7, 0x00, 0x0E,
    0x00, 0x1C, 0x00, 0x38, 0x00, 0x70, 0x00, 0xE0, 0x01, 0xC0, 0xE3, 0xFB, 0xFF, 0xFF, 0xE0, 0xF0,
    0x38, 0x0E, 0x03, 0x80, 0xE0, 0x38, 0x0E, 0x03, 0x80, 0xE0, 0x38, 0x0E, 0x03, 0x80, 0x1F, 0xC7,
    0xFE, 0xFF, 0xEF, 0x02, 0xE0, 0x0E, 0x00, 0x7E, 0x03, 0xFC, 0x03, 0xE0, 0x0F, 0x00, 0x78, 0x07,
    0xE0, 0xFF, 0xFE, 0x7F, 0xE1, 0xF8, 0x38, 0x07, 0x00, 0xE0, 0x1C, 0x03, 0x81, 0xFF, 0xFF, 0xFF,
    0xFF, 0x38, 0x07, 0x00, 0xE0, 0x1C, 0x03, 0x80, 0x70, 0x0E, 0x01, 0xC0, 0x38, 0x07, 0x80, 0xFF,
    0x8F, 0xF0, 0xFE, 0xE0, 0x1F, 0x80, 0x7E, 0x01, 0xF8, 0x07, 0xE0, 0x1F, 0x80, 0x7E, 0x01, 0xF8,
    0x07, 0xE0, 0x1F, 0x80, 0x7E, 0x01, 0xF8, 0x0F, 0xF0, 0x7D, 0xFF, 0xF3, 0xFD, 0xC7, 0xC7, 0xE0,
    0x07, 0x70, 0x0E, 0x70, 0x0E, 0x78, 0x1E, 0x38, 0x1C, 0x38, 0x1C, 0x1C, 0x3C, 0x1C, 0x38, 0x1C,
    0x78, 0x0E, 0x70, 0x0E, 0x70, 0x0F, 0xF0, 0x07, 0xE0, 0x07, 0xE0, 0x03, 0xC0, 0x03, 0xC0, 0xE0,
    0x30, 0x1F, 0xC1, 0xE0, 0xF7, 0x07, 0x83, 0x9C, 0x1E, 0x0E, 0x70, 0xFC, 0x39, 0xE3, 0x31, 0xE3,
    0x8C, 0xC7, 0x0E, 0x33, 0x1C, 0x39, 0xC6, 0x70, 0x76, 0x1B, 0x81, 0xD8, 0x6E, 0x07, 0x61, 0xB8,
    0x1F, 0x03, 0xE0, 0x3C, 0x0F, 0x00, 0xF0, 0x3C, 0x03, 0xC0, 0xF0, 0x78, 0x0F, 0x3C, 0x1E, 0x1E,
    0x3C, 0x0E, 0x38, 0x0F, 0x78, 0x07, 0xF0, 0x03, 0xE0, 0x01, 0xC0, 0x03, 0xE0, 0x07, 0xE0, 0x0F,
    0xF0, 0x0F, 0x78, 0x1E, 0x38, 0x3C, 0x1C, 0x78, 0x1E, 0xF0, 0x0F, 0xE0, 0x0F, 0x70, 0x0E, 0x70,
    0x0E, 0x78, 0x1C, 0x38, 0x1C, 0x38, 0x3C, 0x1C, 0x38, 0x1C, 0x78, 0x1E, 0x70, 0x0E, 0xF0, 0x0F,
    0xE0, 0x07, 0xE0, 0x07, 0xC0, 0x03, 0xC0, 0x03, 0xC0, 0x03, 0x80, 0x07, 0x80, 0x07, 0x00, 0x0F,
    0x00, 0x7E, 0x00, 0x7E, 0x00, 0x78, 0x00, 0xFF, 0xFF, 0xFF, 0xFF, 0xFE, 0x01, 0xE0, 0x1E, 0x00,
    0xF0, 0x0F, 0x00, 0xF0, 0x0F, 0x00, 0xF0, 0x07, 0x80, 0x78, 0x07, 0x80, 0x7F, 0xFF, 0xFF, 0xFF,
    0xFF, 0x01, 0xF0, 0x3F, 0x07, 0xF0, 0x78, 0x07, 0x00, 0x70, 0x07, 0x00, 0x70, 0x07, 0x00, 0x70,
    0x07, 0x00, 0xF0, 0xFE, 0x0F, 0x80, 0xFE, 0x00, 0xF0, 0x07, 0x00, 0x70, 0x07, 0x00, 0x70, 0x07,
    0x00, 0x70, 0x07, 0x00, 0x70, 0x07, 0x80, 0x7F, 0x03, 0xF0, 0x1F, 0xFF, 0xFF, 0xFF, 0xFF, 0xFF,
    0xFF, 0xFF, 0xF0, 0xF8, 0x0F, 0xC0, 0xFE, 0x01, 0xE0, 0x0E, 0x00, 0xE0, 0x0E, 0x00, 0xE0, 0x0E,
    0x00, 0xE0, 0x0E, 0x00, 0xF0, 0x07, 0xF0, 0x1F, 0x07, 0xF0, 0xF0, 0x0E, 0x00, 0xE0, 0x0E, 0x00,
    0xE0, 0x0E, 0x00, 0xE0, 0x0E, 0x00, 0xE0, 0x1E, 0x0F, 0xE0, 0xFC, 0x0F, 0x80, 0x1F, 0x00, 0x2F,
    0xFC, 0x1F, 0x83, 0xFF, 0x40, 0x0F, 0x80, 0xFF, 0xF0, 0x07, 0xFF, 0xFF, 0xFF, 0xFF, 0xFF, 0xC0,
    0x01, 0x80, 0x0C, 0x00, 0x60, 0x03, 0x00, 0x7F, 0x0F, 0xFC, 0xFF, 0xEF, 0x31, 0x71, 0x87, 0x8C,
    0x38, 0x61, 0xC3, 0x0E, 0x18, 0x70, 0xC3, 0x86, 0x0E, 0x30, 0x79, 0x89, 0xFF, 0xC7, 0xFE, 0x0F,
    0xE0, 0x18, 0x00, 0xC0, 0x06, 0x00, 0x30, 0x03, 0xF8, 0x1F, 0xF0, 0xFF, 0xC3, 0x81, 0x1C, 0x00,
    0x70, 0x01, 0xC0, 0x07, 0x00, 0x1C, 0x00, 0x70, 0x0F, 0xFF, 0x3F, 0xFC, 0xFF, 0xF0, 0x70, 0x01,
    0xC0, 0x07, 0x00, 0x1C, 0x00, 0x70, 0x01, 0xC0, 0x3F, 0xFF, 0xFF, 0xFF, 0xFF, 0xF0, 0x40, 0x02,
    0xE0, 0x07, 0x73, 0xCE, 0x3F, 0xFC, 0x1F, 0xF8, 0x1C, 0x38, 0x38, 0x1C, 0x38, 0x1C, 0x38, 0x1C,
    0x38, 0x1C, 0x1C, 0x38, 0x1F, 0xF8, 0x3F, 0xFC, 0x73, 0xCE, 0xE0, 0x07, 0x40, 0x02, 0xF0, 0x07,
    0xB8, 0x03, 0x9E, 0x03, 0xC7, 0x01, 0xC3, 0xC1, 0xE0, 0xE0, 0xE0, 0x78, 0xF0, 0x1C, 0x70, 0x07,
    0x70, 0x3F, 0xBF, 0x9F, 0xFF, 0xC0, 0x7C, 0x00, 0x1C, 0x00, 0x0E, 0x01, 0xFF, 0xFC, 0xFF, 0xFE,
    0x01, 0xC0, 0x00, 0xE0, 0x00, 0x70, 0x00, 0x38, 0x00, 0x1C, 0x00, 0x0E, 0x00, 0xFF, 0xFF, 0xFC,
    0x03, 0xFF, 0xFF, 0xF0, 0x0F, 0xC3, 0xFE, 0x78, 0x67, 0x02, 0x70, 0x07, 0x00, 0x38, 0x01, 0xC0,
    0x3F, 0x07, 0x7C, 0xE1, 0xEE, 0x0F, 0xE0, 0x7F, 0x07, 0x78, 0x71, 0xEE, 0x07, 0x80, 0x3C, 0x01,
    0xC0, 0x0E, 0x00, 0xE4, 0x0E, 0x61, 0xC7, 0xFC, 0x3F, 0x00, 0xE3, 0xF1, 0xF8, 0xE0, 0x00, 0xFC,
    0x00, 0x1F, 0xFE, 0x00, 0xF0, 0x3C, 0x07, 0x00, 0x38, 0x38, 0x00, 0x71, 0xC3, 0xF0, 0xE6, 0x1F,
    0xE1, 0x98, 0xE0, 0x86, 0xC7, 0x00, 0x0F, 0x18, 0x00, 0x3C, 0x60, 0x00, 0xF1, 0x80, 0x03, 0xC6,
    0x00, 0x0F, 0x1C, 0x00, 0x36, 0x38, 0x21, 0x98, 0x7F, 0x86, 0x70, 0xFC, 0x38, 0xE0, 0x01, 0xC1,
    0xC0, 0x0E, 0x03, 0xC0, 0xF0, 0x07, 0xFF, 0x80, 0x03, 0xF0, 0x00, 0x3F, 0x0F, 0xF9, 0x03, 0x80,
    0x31, 0xFE, 0xFF, 0xF8, 0x1E, 0x03, 0xC0, 0xFC, 0x3D, 0xFD, 0x9F, 0x30, 0x00, 0x00, 0x3F, 0xFF,
    0xFF, 0x02, 0x08, 0x30, 0xC3, 0x8E, 0x38, 0xE3, 0x8E, 0x79, 0xE3, 0x0C, 0x1E, 0x78, 0x38, 0xE0,
    0xE3, 0x83, 0x8E, 0x0C, 0x30, 0x20, 0x80, 0xFF, 0xFF, 0xFF, 0xFF, 0xFC, 0x00, 0x01, 0x80, 0x00,
    0x30, 0x00, 0x06, 0x00, 0x00, 0xC0, 0x00, 0x18, 0x00, 0x03, 0x00, 0xFC, 0x00, 0x1F, 0xFE, 0x00,
    0xF0, 0x3C, 0x07, 0x00, 0x38, 0x38, 0x00, 0x71, 0xC7, 0xE0, 0xE6, 0x1F, 0xE1, 0x98, 0x61, 0x86,
    0xC1, 0x86, 0x0F, 0x06, 0x18, 0x3C, 0x1F, 0xC0, 0xF0, 0x7E, 0x03, 0xC1, 0x98, 0x0F, 0x06, 0x30,
    0x36, 0x18, 0xE1, 0x98, 0x61, 0x86, 0x71, 0x83, 0x38, 0xE0, 0x01, 0xC1, 0xC0, 0x0E, 0x03, 0xC0,
    0xF0, 0x07, 0xFF, 0x80, 0x03, 0xF0, 0x00, 0xFF, 0xFF, 0xFF, 0xE0, 0x3E, 0x3F, 0xB8, 0xF8, 0x3C,
    0x1E, 0x0F, 0x8E, 0xFE, 0x3E, 0x00, 0x00, 0xC0, 0x00, 0x30, 0x00, 0x0C, 0x00, 0x03, 0x00, 0x00,
    0xC0, 0x00, 0x30, 0x0F, 0xFF, 0xFF, 0xFF, 0xFF, 0x00, 0xC0, 0x00, 0x30, 0x00, 0x0C, 0x00, 0x03,
    0x00, 0x00, 0xC0, 0x00, 0x30, 0x00, 0x00, 0x00, 0x00, 0x00, 0x00, 0x00, 0x3F, 0xFF, 0xFF, 0xFF,
    0xFC, 0x7E, 0x7F, 0xA0, 0xE0, 0x30, 0x18, 0x18, 0x18, 0x38, 0x38, 0x38, 0x3F, 0xFF, 0xF0, 0x7E,
    0x7F, 0xE0, 0x60, 0x33, 0xF1, 0xF8, 0x0E, 0x03, 0x01, 0xC1, 0xFF, 0xCF, 0xC0, 0x0E, 0x38, 0xE1,
    0x86, 0x1C, 0x00, 0xE0, 0x1C, 0xE0, 0x1C, 0xE0, 0x1C, 0xE0, 0x1C, 0xE0, 0x1C, 0xE0, 0x1C, 0xE0,
    0x1C, 0xE0, 0x1C, 0xE0, 0x1C, 0xE0, 0x1C, 0xE0, 0x1C, 0xE0, 0x1C, 0xF0, 0x7C, 0xFF, 0xFC, 0xEF,
    0xCF, 0xE7, 0x8F, 0xE0, 0x00, 0xE0, 0x00, 0xE0, 0x00, 0xE0, 0x00, 0xE0, 0x00, 0xE0, 0x00, 0x0F,
    0xFC, 0xFF, 0xF7, 0xF8, 0xDF, 0xE3, 0xFF, 0x8F, 0xFE, 0x3F, 0xF8, 0xFF, 0xE3, 0xFF, 0x8D, 0xFE,
    0x33, 0xF8, 0xC7, 0xE3, 0x03, 0x8C, 0x06, 0x30, 0x18, 0xC0, 0x63, 0x01, 0x8C, 0x06, 0x30, 0x18,
    0xC0, 0x63, 0x01, 0x8C, 0x06, 0x30, 0x18, 0xC0, 0x63, 0x01, 0x8C, 0xFF, 0xF0, 0x38, 0x61, 0xC7,
    0xFF, 0xE0, 0x38, 0xF8, 0xD8, 0x18, 0x18, 0x18, 0x18, 0x18, 0x18, 0x18, 0xFF, 0xFF, 0x1F, 0x07,
    0xF1, 0xC7, 0x70, 0x7C, 0x07, 0x80, 0xF0, 0x1E, 0x03, 0xE0, 0xEE, 0x38, 0xFE, 0x0F, 0x80, 0x00,
    0x00, 0x1F, 0xF3, 0xFE, 0x82, 0x06, 0x18, 0x38, 0xE0, 0xE3, 0x83, 0x8E, 0x0F, 0x3C, 0x18, 0x63,
    0xCF, 0x38, 0xE3, 0x8E, 0x38, 0xE1, 0x86, 0x08, 0x20, 0x00, 0x38, 0x00, 0x70, 0x3E, 0x00, 0x18,
    0x0D, 0x80, 0x0C, 0x00, 0x60, 0x07, 0x00, 0x18, 0x01, 0x80, 0x06, 0x00, 0xE0, 0x01, 0x80, 0x30,
    0x00, 0x60, 0x18, 0x00, 0x18, 0x0E, 0x00, 0x06, 0x03, 0x00, 0x0F, 0xF1, 0xC0, 0x73, 0xFC, 0xE0,
    0x1C, 0x00, 0x30, 0x0F, 0x00, 0x1C, 0x06, 0xC0, 0x06, 0x03, 0x30, 0x03, 0x00, 0x8C, 0x01, 0xC0,
    0x63, 0x00, 0x60, 0x30, 0xC0, 0x38, 0x0F, 0xFC, 0x0C, 0x03, 0xFF, 0x06, 0x00, 0x03, 0x03, 0x80,
    0x00, 0xC0, 0x38, 0x00, 0x70, 0x7C, 0x00, 0x30, 0x36, 0x00, 0x30, 0x03, 0x00, 0x38, 0x01, 0x80,
    0x18, 0x00, 0xC0, 0x1C, 0x00, 0x60, 0x0C, 0x00, 0x30, 0x0C, 0x00, 0x18, 0x0E, 0x00, 0x0C, 0x06,
    0x00, 0x3F, 0xC7, 0x1F, 0x9F, 0xE7, 0x1F, 0xE0, 0x03, 0x08, 0x38, 0x03, 0x80, 0x0C, 0x01, 0x80,
    0x06, 0x01, 0x80, 0x06, 0x01, 0xC0, 0x06, 0x00, 0xC0, 0x0E, 0x00, 0xE0, 0x0E, 0x00, 0x60, 0x0E,
    0x00, 0x60, 0x0F, 0xF8, 0x70, 0x07, 0xFC, 0x7E, 0x00, 0x38, 0x1F, 0xF0, 0x06, 0x02, 0x06, 0x01,
    0x80, 0x00, 0xC0, 0x70, 0x03, 0xF0, 0x0C, 0x00, 0x7E, 0x03, 0x80, 0x00, 0xE0, 0x60, 0x00, 0x0C,
    0x18, 0x00, 0x01, 0x87, 0x00, 0x10, 0x70, 0xC0, 0x03, 0xFC, 0x38, 0x0E, 0x3F, 0x0E, 0x01, 0xC0,
    0x01, 0x80, 0x78, 0x00, 0x70, 0x1B, 0x00, 0x0C, 0x06, 0x60, 0x03, 0x00, 0x8C, 0x00, 0xE0, 0x31,
    0x80, 0x18, 0x0C, 0x30, 0x07, 0x01, 0xFF, 0x80, 0xC0, 0x3F, 0xF0, 0x30, 0x00, 0x18, 0x0E, 0x00,
    0x03, 0x00, 0x07, 0x00, 0x70, 0x07, 0x00, 0x70, 0x00, 0x00, 0x00, 0x07, 0x00, 0x70, 0x07, 0x00,
    0x70, 0x0E, 0x01, 0xE0, 0x3C, 0x07, 0x80, 0x70, 0x0E, 0x00, 0xE0, 0x0E, 0x01, 0xF0, 0x77, 0xFF,
    0x3F, 0xE1, 0xF8, 0x01, 0xC0, 0x00, 0x0E, 0x00, 0x00, 0x70, 0x00, 0x03, 0x00, 0x00, 0x00, 0x00,
    0x0F, 0x00, 0x00, 0xF0, 0x00, 0x1F, 0x80, 0x01, 0xF8, 0x00, 0x1F, 0x80, 0x03, 0x9C, 0x00, 0x39,
    0xC0, 0x07, 0x9E, 0x00, 0x70, 0xE0, 0x07, 0x0E, 0x00, 0xF0, 0xF0, 0x0E, 0x07, 0x00, 0xE0, 0x70,
    0x1C, 0x03, 0x81, 0xFF, 0xF8, 0x3F, 0xFF, 0xC3, 0xFF, 0xFC, 0x38, 0x01, 0xC7, 0x80, 0x1E, 0x70,
    0x00, 0xE7, 0x00, 0x0E, 0xE0, 0x00, 0x70, 0x00, 0x18, 0x00, 0x03, 0x00, 0x00, 0x70, 0x00, 0x0E,
    0x00, 0x00, 0x00, 0x00, 0x0F, 0x00, 0x00, 0xF0, 0x00, 0x1F, 0x80, 0x01, 0xF8, 0x00, 0x1F, 0x80,
    0x03, 0x9C, 0x00, 0x39, 0xC0, 0x07, 0x9E, 0x00, 0x70, 0xE0, 0x07, 0x0E, 0x00, 0xF0, 0xF0, 0x0E,
    0x07, 0x00, 0xE0, 0x70, 0x1C, 0x03, 0x81, 0xFF, 0xF8, 0x3F, 0xFF, 0xC3, 0xFF, 0xFC, 0x38, 0x01,
    0xC7, 0x80, 0x1E, 0x70, 0x00, 0xE7, 0x00, 0x0E, 0xE0, 0x00, 0x70, 0x00, 0xF0, 0x00, 0x0F, 0x00,
    0x01, 0x98, 0x00, 0x30, 0xC0, 0x00, 0x00, 0x00, 0x0F, 0x00, 0x00, 0xF0, 0x00, 0x1F, 0x80, 0x01,
    0xF8, 0x00, 0x1F, 0x80, 0x03, 0x9C, 0x00, 0x39, 0xC0, 0x07, 0x9E, 0x00, 0x70, 0xE0, 0x07, 0x0E,
    0x00, 0xF0, 0xF0, 0x0E, 0x07, 0x00, 0xE0, 0x70, 0x1C, 0x03, 0x81, 0xFF, 0xF8, 0x3F, 0xFF, 0xC3,
    0xFF, 0xFC, 0x38, 0x01, 0xC7, 0x80, 0x1E, 0x70, 0x00, 0xE7, 0x00, 0x0E, 0xE0, 0x00, 0x70, 0x03,
    0xC6, 0x00, 0x7F, 0xE0, 0x06, 0x3C, 0x00, 0x00, 0x00, 0x00, 0x00, 0x00, 0x0F, 0x00, 0x00, 0xF0,
    0x00, 0x1F, 0x80, 0x01, 0xF8, 0x00, 0x1F, 0x80, 0x03, 0x9C, 0x00, 0x39, 0xC0, 0x07, 0x9E, 0x00,
    0x70, 0xE0, 0x07, 0x0E, 0x00, 0xF0, 0xF0, 0x0E, 0x07, 0x00, 0xE0, 0x70, 0x1C, 0x03, 0x81, 0xFF,
    0xF8, 0x3F, 0xFF, 0xC3, 0xFF, 0xFC, 0x38, 0x01, 0xC7, 0x80, 0x1E, 0x70, 0x00, 0xE7, 0x00, 0x0E,
    0xE0, 0x00, 0x70, 0x03, 0x9C, 0x00, 0x39, 0xC0, 0x03, 0x9C, 0x00, 0x00, 0x00, 0x00, 0x00, 0x00,
    0x0F, 0x00, 0x00, 0xF0, 0x00, 0x1F, 0x80, 0x01, 0xF8, 0x00, 0x1F, 0x80, 0x03, 0x9C, 0x00, 0x39,
    0xC0, 0x07, 0x9E, 0x00, 0x70, 0xE0, 0x07, 0x0E, 0x00, 0xF0, 0xF0, 0x0E, 0x07, 0x00, 0xE0, 0x70,
    0x1C, 0x03, 0x81, 0xFF, 0xF8, 0x3F, 0xFF, 0xC3, 0xFF, 0xFC, 0x38, 0x01, 0xC7, 0x80, 0x1E, 0x70,
    0x00, 0xE7, 0x00, 0x0E, 0xE0, 0x00, 0x70, 0x00, 0xF0, 0x00, 0x1F, 0x80, 0x03, 0x9C, 0x00, 0x30,
    0xC0, 0x03, 0x0C, 0x00, 0x39, 0xC0, 0x01, 0xF8, 0x00, 0x0F, 0x00, 0x01, 0xF8, 0x00, 0x1F, 0x80,
    0x01, 0xF8, 0x00, 0x3F, 0xC0, 0x03, 0x9C, 0x00, 0x39, 0xC0, 0x07, 0x0E, 0x00, 0x70, 0xE0, 0x0F,
    0x0F, 0x00, 0xE0, 0x70, 0x0E, 0x07, 0x01, 0xC0, 0x38, 0x1F, 0xFF, 0x83, 0xFF, 0xFC, 0x3F, 0xFF,
    0xC3, 0x80, 0x1C, 0x78, 0x01, 0xE7, 0x00, 0x0E, 0x70, 0x00, 0xEE, 0x00, 0x07, 0x00, 0x7F, 0xFF,
    0xE0, 0x1F, 0xFF, 0xFC, 0x03, 0xFF, 0xFF, 0x80, 0x73, 0x80, 0x00, 0x1E, 0x70, 0x00, 0x03, 0x8E,
    0x00, 0x00, 0xF1, 0xC0, 0x00, 0x1C, 0x38, 0x00, 0x03, 0x87, 0x00, 0x00, 0xE0, 0xFF, 0xF8, 0x1C,
    0x1F, 0xFF, 0x07, 0x83, 0xFF, 0xE0, 0xE0, 0x70, 0x00, 0x3C, 0x0E, 0x00, 0x07, 0xFF, 0xC0, 0x00,
    0xFF, 0xF8, 0x00, 0x3F, 0xFF, 0x00, 0x07, 0x00, 0xE0, 0x01, 0xE0, 0x1C, 0x00, 0x38, 0x03, 0xFF,
    0xF7, 0x00, 0x7F, 0xFF, 0xC0, 0x0F, 0xFF, 0xC0, 0x01, 0xFE, 0x01, 0xFF, 0xE1, 0xFF, 0xFC, 0xFC,
    0x07, 0x3C, 0x00, 0x5E, 0x00, 0x07, 0x00, 0x03, 0xC0, 0x00, 0xE0, 0x00, 0x38, 0x00, 0x0E, 0x00,
    0x03, 0x80, 0x00, 0xE0, 0x00, 0x38, 0x00, 0x0F, 0x00, 0x01, 0xC0, 0x00, 0x78, 0x00, 0x0F, 0x00,
    0x13, 0xF0, 0x1C, 0x7F, 0xFF, 0x07, 0xFF, 0x80, 0x7F, 0x80, 0x0E, 0x00, 0x01, 0x80, 0x00, 0x70,
    0x00, 0x1C, 0x00, 0x3F, 0x00, 0x0F, 0x80, 0x1C, 0x00, 0x38, 0x00, 0x70, 0x00, 0xC0, 0x00, 0x03,
    0xFF, 0xFF, 0xFF, 0xFF, 0xFF, 0xE0, 0x03, 0x80, 0x0E, 0x00, 0x38, 0x00, 0xE0, 0x03, 0x80, 0x0F,
    0xFF, 0xBF, 0xFE, 0xFF, 0xFB, 0x80, 0x0E, 0x00, 0x38, 0x00, 0xE0, 0x03, 0x80, 0x0E, 0x00, 0x38,
    0x00, 0xFF, 0xFF, 0xFF, 0xFF, 0xFF, 0xC0, 0x01, 0x80, 0x0C, 0x00, 0x70, 0x03, 0x80, 0x00, 0x03,
    0xFF, 0xFF, 0xFF, 0xFF, 0xFF, 0xE0, 0x03, 0x80, 0x0E, 0x00, 0x38, 0x00, 0xE0, 0x03, 0x80, 0x0F,
    0xFF, 0xBF, 0xFE, 0xFF, 0xFB, 0x80, 0x0E, 0x00, 0x38, 0x00, 0xE0, 0x03, 0x80, 0x0E, 0x00, 0x38,
    0x00, 0xFF, 0xFF, 0xFF, 0xFF, 0xFF, 0xC0, 0x07, 0x00, 0x36, 0x01, 0x8C, 0x0E, 0x38, 0x00, 0x03,
    0xFF, 0xFF, 0xFF, 0xFF, 0xFF, 0xE0, 0x03, 0x80, 0x0E, 0x00, 0x38, 0x00, 0xE0, 0x03, 0x80, 0x0F,
    0xFF, 0xBF, 0xFE, 0xFF, 0xFB, 0x80, 0x0E, 0x00, 0x38, 0x00, 0xE0, 0x03, 0x80, 0x0E, 0x00, 0x38,
    0x00, 0xFF, 0xFF, 0xFF, 0xFF, 0xFF, 0xC0, 0x38, 0xE0, 0xE3, 0x83, 0x8E, 0x00, 0x00, 0x00, 0x03,
    0xFF, 0xFF, 0xFF, 0xFF, 0xFF, 0xE0, 0x03, 0x80, 0x0E, 0x00, 0x38, 0x00, 0xE0, 0x03, 0x80, 0x0F,
    0xFF, 0xBF, 0xFE, 0xFF, 0xFB, 0x80, 0x0E, 0x00, 0x38, 0x00, 0xE0, 0x03, 0x80, 0x0E, 0x00, 0x38,
    0x00, 0xFF, 0xFF, 0xFF, 0xFF, 0xFF, 0xC0, 0xE3, 0x8E, 0x30, 0x1C, 0xE7, 0x39, 0xCE, 0x73, 0x9C,
    0xE7, 0x39, 0xCE, 0x73, 0x9C, 0xE7, 0x39, 0xCE, 0x19, 0x9D, 0xC0, 0x39, 0xCE, 0x73, 0x9C, 0xE7,
    0x39, 0xCE, 0x73, 0x9C, 0xE7, 0x39, 0xCE, 0x73, 0x9C, 0x1C, 0x1B, 0x18, 0xDC, 0x70, 0x00, 0xE0,
    0x70, 0x38, 0x1C, 0x0E, 0x07, 0x03, 0x81, 0xC0, 0xE0, 0x70, 0x38, 0x1C, 0x0E, 0x07, 0x03, 0x81,
    0xC0, 0xE0, 0x70, 0x38, 0x1C, 0x0E, 0x07, 0x00, 0xE3, 0xF1, 0xF8, 0xE0, 0x00, 0x00, 0xE0, 0x70,
    0x38, 0x1C, 0x0E, 0x07, 0x03, 0x81, 0xC0, 0xE0, 0x70, 0x38, 0x1C, 0x0E, 0x07, 0x03, 0x81, 0xC0,
    0xE0, 0x70, 0x38, 0x1C, 0x0E, 0x07, 0x00, 0x1F, 0xFC, 0x00, 0xFF, 0xFC, 0x07, 0xFF, 0xF0, 0x38,
    0x0F, 0xC1, 0xC0, 0x1F, 0x0E, 0x00, 0x78, 0x70, 0x01, 0xC3, 0x80, 0x0F, 0x1C, 0x00, 0x38, 0xE0,
    0x01, 0xFF, 0xF8, 0x0F, 0xFF, 0xC0, 0x7F, 0xFE, 0x03, 0x8E, 0x00, 0x1C, 0x70, 0x00, 0xE3, 0x80,
    0x0E, 0x1C, 0x00, 0xF0, 0xE0, 0x0F, 0x87, 0x01, 0xF8, 0x3F, 0xFF, 0x81, 0xFF, 0xF0, 0x0F, 0xFE,
    0x00, 0x07, 0x98, 0x07, 0xFC, 0x03, 0x3C, 0x00, 0x00, 0x00, 0x00, 0x07, 0x80, 0x1F, 0xE0, 0x0F,
    0xF8, 0x07, 0xFC, 0x03, 0xFF, 0x01, 0xFB, 0x80, 0xFD, 0xE0, 0x7E, 0x70, 0x3F, 0x3C, 0x1F, 0x8E,
    0x0F, 0xC3, 0x87, 0xE1, 0xE3, 0xF0, 0x71, 0xF8, 0x3C, 0xFC, 0x0E, 0x7E, 0x07, 0xBF, 0x01, 0xDF,
    0x80, 0xFF, 0xC0, 0x3F, 0xE0, 0x1F, 0xF0, 0x07, 0xF8, 0x01, 0xE0, 0x03, 0x80, 0x00, 0x1C, 0x00,
    0x00, 0xE0, 0x00, 0x06, 0x00, 0x00, 0x00, 0x00, 0x1F, 0x80, 0x0F, 0xFF, 0x01, 0xFF, 0xF8, 0x3E,
    0x07, 0xC3, 0xC0, 0x3C, 0x78, 0x01, 0xE7, 0x00, 0x0E, 0xF0, 0x00, 0xFE, 0x00, 0x07, 0xE0, 0x00,
    0x7E, 0x00, 0x07, 0xE0, 0x00, 0x7E, 0x00, 0x07, 0xE0, 0x00, 0x7F, 0x00, 0x0F, 0x70, 0x00, 0xE7,
    0x80, 0x1E, 0x3C, 0x03, 0xC3, 0xE0, 0x7C, 0x1F, 0xFF, 0x80, 0xFF, 0xE0, 0x01, 0xFC, 0x00, 0x00,
    0x30, 0x00, 0x06, 0x00, 0x00, 0xE0, 0x00, 0x1C, 0x00, 0x00, 0x00, 0x00, 0x1F, 0x80, 0x0F, 0xFF,
    0x01, 0xFF, 0xF8, 0x3E, 0x07, 0xC3, 0xC0, 0x3C, 0x78, 0x01, 0xE7, 0x00, 0x0E, 0xF0, 0x00, 0xFE,
    0x00, 0x07, 0xE0, 0x00, 0x7E, 0x00, 0x07, 0xE0, 0x00, 0x7E, 0x00, 0x07, 0xE0, 0x00, 0x7F, 0x00,
    0x0F, 0x70, 0x00, 0xE7, 0x80, 0x1E, 0x3C, 0x03, 0xC3, 0xE0, 0x7C, 0x1F, 0xFF, 0x80, 0xFF, 0xE0,
    0x01, 0xFC, 0x00, 0x00, 0xF0, 0x00, 0x0F, 0x00, 0x01, 0x98, 0x00, 0x30, 0xC0, 0x00, 0x00, 0x00,
    0x1F, 0x80, 0x0F, 0xFF, 0x01, 0xFF, 0xF8, 0x3E, 0x07, 0xC3, 0xC0, 0x3C, 0x78, 0x01, 0xE7, 0x00,
    0x0E, 0xF0, 0x00, 0xFE, 0x00, 0x07, 0xE0, 0x00, 0x7E, 0x00, 0x07, 0xE0, 0x00, 0x7E, 0x00, 0x07,
    0xE0, 0x00, 0x7F, 0x00, 0x0F, 0x70, 0x00, 0xE7, 0x80, 0x1E, 0x3C, 0x03, 0xC3, 0xE0, 0x7C, 0x1F,
    0xFF, 0x80, 0xFF, 0xE0, 0x01, 0xFC, 0x00, 0x03, 0xC6, 0x00, 0x7F, 0xE0, 0x06, 0x3C, 0x00, 0x00,
    0x00, 0x00, 0x00, 0x00, 0x1F, 0x80, 0x0F, 0xFF, 0x01, 0xFF, 0xF8, 0x3E, 0x07, 0xC3, 0xC0, 0x3C,
    0x78, 0x01, 0xE7, 0x00, 0x0E, 0xF0, 0x00, 0xFE, 0x00, 0x07, 0xE0, 0x00, 0x7E, 0x00, 0x07, 0xE0,
    0x00, 0x7E, 0x00, 0x07, 0xE0, 0x00, 0x7F, 0x00, 0x0F, 0x70, 0x00, 0xE7, 0x80, 0x1E, 0x3C, 0x03,
    0xC3, 0xE0, 0x7C, 0x1F, 0xFF, 0x80, 0xFF, 0xE0, 0x01, 0xFC, 0x00, 0x03, 0x9C, 0x00, 0x39, 0xC0,
    0x03, 0x9C, 0x00, 0x00, 0x00, 0x00, 0x00, 0x00, 0x1F, 0x80, 0x0F, 0xFF, 0x01, 0xFF, 0xF8, 0x3E,
    0x07, 0xC3, 0xC0, 0x3C, 0x78, 0x01, 0xE7, 0x00, 0x0E, 0xF0, 0x00, 0xFE, 0x00, 0x07, 0xE0, 0x00,
    0x7E, 0x00, 0x07, 0xE0, 0x00, 0x7E, 0x00, 0x07, 0xE0, 0x00, 0x7F, 0x00, 0x0F, 0x70, 0x00, 0xE7,
    0x80, 0x1E, 0x3C, 0x03, 0xC3, 0xE0, 0x7C, 0x1F, 0xFF, 0x80, 0xFF, 0xE0, 0x01, 0xFC, 0x00, 0x40,
    0x01, 0x70, 0x01, 0xDC, 0x01, 0xC7, 0x01, 0xC1, 0xC1, 0xC0, 0x71, 0xC0, 0x1D, 0xC0, 0x07, 0xC0,
    0x01, 0xC0, 0x01, 0xF0, 0x01, 0xDC, 0x01, 0xC7, 0x01, 0xC1, 0xC1, 0xC0, 0x71, 0xC0, 0x1D, 0xC0,
    0x07, 0x40, 0x01, 0x00, 0x01, 0xF8, 0x30, 0xFF, 0xE7, 0x1F, 0xFF, 0x63, 0xE0, 0x7C, 0x3C, 0x03,
    0xC7, 0x80, 0x3E, 0x70, 0x07, 0xEF, 0x00, 0xEE, 0xE0, 0x1C, 0x7E, 0x03, 0x87, 0xE0, 0x70, 0x7E,
    0x0E, 0x07, 0xE1, 0xC0, 0x7E, 0x38, 0x07, 0xF7, 0x00, 0xF7, 0xE0, 0x0E, 0x7C, 0x01, 0xE3, 0xC0,
    0x3E, 0x3E, 0x07, 0xC6, 0xFF, 0xF8, 0xE7, 0xFF, 0x0C, 0x1F, 0x80, 0x0E, 0x00, 0x03, 0x80, 0x00,
    0xE0, 0x00, 0x30, 0x00, 0x00, 0x07, 0x00, 0x1F, 0x80, 0x0F, 0xC0, 0x07, 0xE0, 0x03, 0xF0, 0x01,
    0xF8, 0x00, 0xFC, 0x00, 0x7E, 0x00, 0x3F, 0x00, 0x1F, 0x80, 0x0F, 0xC0, 0x07, 0xE0, 0x03, 0xF0,
    0x01, 0xF8, 0x00, 0xFC, 0x00, 0x7E, 0x00, 0x3F, 0x80, 0x3D, 0xC0, 0x1C, 0xF8, 0x3E, 0x3F, 0xFE,
    0x0F, 0xFE, 0x01, 0xFC, 0x00, 0x00, 0xC0, 0x00, 0xC0, 0x00, 0xE0, 0x00, 0xE0, 0x00, 0x00, 0x07,
    0x00, 0x1F, 0x80, 0x0F, 0xC0, 0x07, 0xE0, 0x03, 0xF0, 0x01, 0xF8, 0x00, 0xFC, 0x00, 0x7E, 0x00,
    0x3F, 0x00, 0x1F, 0x80, 0x0F, 0xC0, 0x07, 0xE0, 0x03, 0xF0, 0x01, 0xF8, 0x00, 0xFC, 0x00, 0x7E,
    0x00, 0x3F, 0x80, 0x3D, 0xC0, 0x1C, 0xF8, 0x3E, 0x3F, 0xFE, 0x0F, 0xFE, 0x01, 0xFC, 0x00, 0x01,
    0xC0, 0x01, 0xB0, 0x01, 0x8C, 0x01, 0xC7, 0x00, 0x00, 0x07, 0x00, 0x1F, 0x80, 0x0F, 0xC0, 0x07,
    0xE0, 0x03, 0xF0, 0x01, 0xF8, 0x00, 0xFC, 0x00, 0x7E, 0x00, 0x3F, 0x00, 0x1F, 0x80, 0x0F, 0xC0,
    0x07, 0xE0, 0x03, 0xF0, 0x01, 0xF8, 0x00, 0xFC, 0x00, 0x7E, 0x00, 0x3F, 0x80, 0x3D, 0xC0, 0x1C,
    0xF8, 0x3E, 0x3F, 0xFE, 0x0F, 0xFE, 0x01, 0xFC, 0x00, 0x0E, 0x38, 0x07, 0x1C, 0x03, 0x8E, 0x00,
    0x00, 0x00, 0x00, 0x07, 0x00, 0x1F, 0x80, 0x0F, 0xC0, 0x07, 0xE0, 0x03, 0xF0, 0x01, 0xF8, 0x00,
    0xFC, 0x00, 0x7E, 0x00, 0x3F, 0x00, 0x1F, 0x80, 0x0F, 0xC0, 0x07, 0xE0, 0x03, 0xF0, 0x01, 0xF8,
    0x00, 0xFC, 0x00, 0x7E, 0x00, 0x3F, 0x80, 0x3D, 0xC0, 0x1C, 0xF8, 0x3E, 0x3F, 0xFE, 0x0F, 0xFE,
    0x01, 0xFC, 0x00, 0x00, 0x30, 0x00, 0x0C, 0x00, 0x03, 0x80, 0x00, 0xE0, 0x00, 0x00, 0x01, 0xE0,
    0x03, 0xDE, 0x00, 0xF1, 0xC0, 0x1C, 0x3C, 0x07, 0x83, 0xC1, 0xE0, 0x38, 0x38, 0x03, 0x8F, 0x00,
    0x7B, 0xC0, 0x07, 0xF0, 0x00, 0x7C, 0x00, 0x0F, 0x80, 0x00, 0xE0, 0x00, 0x1C, 0x00, 0x03, 0x80,
    0x00, 0x70, 0x00, 0x0E, 0x00, 0x01, 0xC0, 0x00, 0x38, 0x00, 0x07, 0x00, 0x00, 0xE0, 0x00, 0x1C,
    0x00, 0x03, 0x80, 0x00, 0xE0, 0x03, 0x80, 0x0E, 0x00, 0x38, 0x00, 0xFF, 0xC3, 0xFF, 0xCF, 0xFF,
    0xB8, 0x1E, 0xE0, 0x3F, 0x80, 0x7E, 0x01, 0xF8, 0x07, 0xE0, 0x3F, 0x81, 0xEF, 0xFF, 0xBF, 0xFC,
    0xFF, 0xC3, 0x80, 0x0E, 0x00, 0x38, 0x00, 0xE0, 0x03, 0x80, 0x00, 0x0F, 0xC0, 0x7F, 0xC1, 0xFF,
    0xC3, 0x83, 0x8F, 0x03, 0x9C, 0x07, 0x38, 0x3E, 0x70, 0xF0, 0xE3, 0x81, 0xC7, 0x03, 0x8E, 0x07,
    0x1C, 0x0E, 0x1E, 0x1C, 0x1E, 0x38, 0x0F, 0x70, 0x0E, 0xE0, 0x0F, 0xC0, 0x1F, 0x80, 0x3F, 0x20,
    0xFE, 0x7F, 0xDC, 0xFF, 0xB8, 0xFC, 0x00, 0x38, 0x00, 0x70, 0x00, 0xE0, 0x01, 0x80, 0x03, 0x00,
    0x0E, 0x00, 0x00, 0x00, 0x00, 0x1F, 0xC1, 0xFF, 0xC7, 0xFF, 0x90, 0x1E, 0x00, 0x1C, 0x00, 0x70,
    0xFF, 0xCF, 0xFF, 0x7F, 0xFF, 0xC0, 0x7E, 0x01, 0xF8, 0x0F, 0xF0, 0x7D, 0xFF, 0xF7, 0xFD, 0xC7,
    0xC7, 0x00, 0xE0, 0x07, 0x00, 0x38, 0x00, 0xC0, 0x06, 0x00, 0x38, 0x00, 0x00, 0x00, 0x00, 0x1F,
    0xC1, 0xFF, 0xC7, 0xFF, 0x90, 0x1E, 0x00, 0x1C, 0x00, 0x70, 0xFF, 0xCF, 0xFF, 0x7F, 0xFF, 0xC0,
    0x7E, 0x01, 0xF8, 0x0F, 0xF0, 0x7D, 0xFF, 0xF7, 0xFD, 0xC7, 0xC7, 0x03, 0x00, 0x1E, 0x00, 0x78,
    0x03, 0x30, 0x0C, 0xC0, 0x61, 0x80, 0x00, 0x00, 0x00, 0x1F, 0xC1, 0xFF, 0xC7, 0xFF, 0x90, 0x1E,
    0x00, 0x1C, 0x00, 0x70, 0xFF, 0xCF, 0xFF, 0x7F, 0xFF, 0xC0, 0x7E, 0x01, 0xF8, 0x0F, 0xF0, 0x7D,
    0xFF, 0xF7, 0xFD, 0xC7, 0xC7, 0x1E, 0x30, 0x7C, 0xC3, 0x3E, 0x0C, 0x78, 0x00, 0x00, 0x00, 0x00,
    0x00, 0x07, 0xF0, 0x7F, 0xF1, 0xFF, 0xE4, 0x07, 0x80, 0x07, 0x00, 0x1C, 0x3F, 0xF3, 0xFF, 0xDF,
    0xFF, 0xF0, 0x1F, 0x80, 0x7E, 0x03, 0xFC, 0x1F, 0x7F, 0xFD, 0xFF, 0x71, 0xF1, 0xC0, 0x1C, 0xE0,
    0x73, 0x81, 0xCE, 0x00, 0x00, 0x00, 0x00, 0x00, 0x00, 0x00, 0x07, 0xF0, 0x7F, 0xF1, 0xFF, 0xE4,
    0x07, 0x80, 0x07, 0x00, 0x1C, 0x3F, 0xF3, 0xFF, 0xDF, 0xFF, 0xF0, 0x1F, 0x80, 0x7E, 0x03, 0xFC,
    0x1F, 0x7F, 0xFD, 0xFF, 0x71, 0xF1, 0xC0, 0x07, 0x80, 0x3F, 0x01, 0xCE, 0x06, 0x18, 0x18, 0x60,
    0x73, 0x80, 0xFC, 0x01, 0xE0, 0x00, 0x00, 0x00, 0x01, 0xFC, 0x1F, 0xFC, 0x7F, 0xF9, 0x01, 0xE0,
    0x01, 0xC0, 0x07, 0x0F, 0xFC, 0xFF, 0xF7, 0xFF, 0xFC, 0x07, 0xE0, 0x1F, 0x80, 0xFF, 0x07, 0xDF,
    0xFF, 0x7F, 0xDC, 0x7C, 0x70, 0x1F, 0xC0, 0xFC, 0x1F, 0xFC, 0xFF, 0xC7, 0xFF, 0xFF, 0xF1, 0x01,
    0xFC, 0x1E, 0x00, 0x1E, 0x03, 0xC0, 0x07, 0x00, 0x70, 0xFF, 0xFF, 0xFC, 0xFF, 0xFF, 0xFF, 0x7F,
    0xFF, 0xFF, 0xFC, 0x07, 0x00, 0x0E, 0x01, 0xC0, 0x03, 0x80, 0xF8, 0x02, 0xF0, 0x7F, 0x83, 0xBF,
    0xF9, 0xFF, 0xE7, 0xFC, 0x3F, 0xF0, 0x7E, 0x03, 0xF0, 0x07, 0xF0, 0xFF, 0xCF, 0xFE, 0xF8, 0x17,
    0x00, 0x78, 0x03, 0x80, 0x1C, 0x00, 0xE0, 0x07, 0x00, 0x3C, 0x00, 0xE0, 0x07, 0xC0, 0x9F, 0xFC,
    0x7F, 0xE0, 0xFE, 0x03, 0x80, 0x0C, 0x00, 0x70, 0x03, 0x80, 0xFC, 0x07, 0xC0, 0x1C, 0x00, 0x1C,
    0x00, 0x1C, 0x00, 0x18, 0x00, 0x18, 0x00, 0x38, 0x00, 0x00, 0x00, 0x00, 0x07, 0xE0, 0x3F, 0xF0,
    0xFF, 0xF3, 0xC1, 0xE7, 0x01, 0xFC, 0x01, 0xFF, 0xFF, 0xFF, 0xFF, 0xFF, 0xFF, 0xC0, 0x03, 0x80,
    0x03, 0x80, 0x27, 0xC1, 0xC7, 0xFF, 0x87, 0xFE, 0x03, 0xF0, 0x00, 0x70, 0x01, 0xC0, 0x07, 0x00,
    0x0C, 0x00, 0x30, 0x00, 0xE0, 0x00, 0x00, 0x00, 0x00, 0x07, 0xE0, 0x3F, 0xF0, 0xFF, 0xF3, 0xC1,
    0xE7, 0x01, 0xFC, 0x01, 0xFF, 0xFF, 0xFF, 0xFF, 0xFF, 0xFF, 0xC0, 0x03, 0x80, 0x03, 0x80, 0x27,
    0xC1, 0xC7, 0xFF, 0x87, 0xFE, 0x03, 0xF0, 0x03, 0x80, 0x07, 0x00, 0x1B, 0x00, 0x77, 0x00, 0xC6,
    0x03, 0x06, 0x00, 0x00, 0x00, 0x00, 0x07, 0xE0, 0x3F, 0xF0, 0xFF, 0xF3, 0xC1, 0xE7, 0x01, 0xFC,
    0x01, 0xFF, 0xFF, 0xFF, 0xFF, 0xFF, 0xFF, 0xC0, 0x03, 0x80, 0x03, 0x80, 0x27, 0xC1, 0xC7, 0xFF,
    0x87, 0xFE, 0x03, 0xF0, 0x1C, 0x70, 0x38, 0xE0, 0x71, 0xC0, 0x00, 0x00, 0x00, 0x00, 0x00, 0x00,
    0x00, 0x03, 0xF0, 0x1F, 0xF8, 0x7F, 0xF9, 0xE0, 0xF3, 0x80, 0xFE, 0x00, 0xFF, 0xFF, 0xFF, 0xFF,
    0xFF, 0xFF, 0xE0, 0x01, 0xC0, 0x01, 0xC0, 0x13, 0xE0, 0xE3, 0xFF, 0xC3, 0xFF, 0x01, 0xF8, 0x00,
    0xE0, 0xE0, 0xE0, 0xC0, 0xC1, 0xC0, 0x00, 0x1C, 0x38, 0x70, 0xE1, 0xC3, 0x87, 0x0E, 0x1C, 0x38,
    0x70, 0xE1, 0xC3, 0x87, 0x0E, 0x0E, 0x38, 0xE1, 0x86, 0x1C, 0x00, 0x00, 0x70, 0xE1, 0xC3, 0x87,
    0x0E, 0x1C, 0x38, 0x70, 0xE1, 0xC3, 0x87, 0x0E, 0x1C, 0x38, 0x1C, 0x0E, 0x0D, 0x8E, 0xE6, 0x36,
    0x0C, 0x00, 0x00, 0x1C, 0x0E, 0x07, 0x03, 0x81, 0xC0, 0xE0, 0x70, 0x38, 0x1C, 0x0E, 0x07, 0x03,
    0x81, 0xC0, 0xE0, 0x70, 0x38, 0xE3, 0xF1, 0xF8, 0xE0, 0x00, 0x00, 0x00, 0x00, 0x38, 0x1C, 0x0E,
    0x07, 0x03, 0x81, 0xC0, 0xE0, 0x70, 0x38, 0x1C, 0x0E, 0x07, 0x03, 0x81, 0xC0, 0xE0, 0x70, 0x1C,
    0x00, 0x1C, 0x70, 0x1F, 0xC0, 0x3C, 0x03, 0xD8, 0x06, 0x38, 0x00, 0x38, 0x07, 0xF8, 0x1F, 0xF8,
    0x7F, 0xF9, 0xE0, 0x73, 0x80, 0xFF, 0x00, 0xFC, 0x01, 0xF8, 0x03, 0xF0, 0x07, 0xE0, 0x0F, 0xC0,
    0x1D, 0xC0, 0x73, 0xC1, 0xE3, 0xFF, 0x83, 0xFE, 0x01, 0xF0, 0x00, 0x1E, 0x30, 0x7C, 0xC3, 0x3E,
    0x0C, 0x78, 0x00, 0x00, 0x00, 0x00, 0x00, 0x38, 0xF8, 0xEF, 0xF3, 0xFF, 0xEF, 0x83, 0xFC, 0x0F,
    0xE0, 0x1F, 0x80, 0x7E, 0x01, 0xF8, 0x07, 0xE0, 0x1F, 0x80, 0x7E, 0x01, 0xF8, 0x07, 0xE0, 0x1F,
    0x80, 0x7E, 0x01, 0xC0, 0x1C, 0x00, 0x1C, 0x00, 0x1C, 0x00, 0x18, 0x00, 0x18, 0x00, 0x38, 0x00,
    0x00, 0x00, 0x00, 0x0F, 0xE0, 0x3F, 0xE0, 0xFF, 0xE3, 0xC1, 0xE7, 0x01, 0xDC, 0x03, 0xF8, 0x03,
    0xF0, 0x07, 0xE0, 0x0F, 0xC0, 0x1F, 0x80, 0x3B, 0x80, 0xE7, 0x83, 0xC7, 0xFF, 0x07, 0xFC, 0x07,
    0xF0, 0x00, 0x70, 0x01, 0xC0, 0x07, 0x00, 0x0C, 0x00, 0x30, 0x00, 0xE0, 0x00, 0x00, 0x00, 0x00,
    0x0F, 0xE0, 0x3F, 0xE0, 0xFF, 0xE3, 0xC1, 0xE7, 0x01, 0xDC, 0x03, 0xF8, 0x03, 0xF0, 0x07, 0xE0,
    0x0F, 0xC0, 0x1F, 0x80, 0x3B, 0x80, 0xE7, 0x83, 0xC7, 0xFF, 0x07, 0xFC, 0x07, 0xF0, 0x03, 0x80,
    0x07, 0x00, 0x1B, 0x00, 0x77, 0x00, 0xC6, 0x03, 0x06, 0x00, 0x00, 0x00, 0x00, 0x0F, 0xE0, 0x3F,
    0xE0, 0xFF, 0xE3, 0xC1, 0xE7, 0x01, 0xDC, 0x03, 0xF8, 0x03, 0xF0, 0x07, 0xE0, 0x0F, 0xC0, 0x1F,
    0x80, 0x3B, 0x80, 0xE7, 0x83, 0xC7, 0xFF, 0x07, 0xFC, 0x07, 0xF0, 0x0E, 0x30, 0x3E, 0x60, 0x67,
    0xC0, 0xC7, 0x00, 0x00, 0x00, 0x00, 0x00, 0x00, 0x07, 0xF0, 0x1F, 0xF0, 0x7F, 0xF1, 0xE0, 0xF3,
    0x80, 0xEE, 0x01, 0xFC, 0x01, 0xF8, 0x03, 0xF0, 0x07, 0xE0, 0x0F, 0xC0, 0x1D, 0xC0, 0x73, 0xC1,
    0xE3, 0xFF, 0x83, 0xFE, 0x03, 0xF8, 0x00, 0x1C, 0x70, 0x38, 0xE0, 0x71, 0xC0, 0x00, 0x00, 0x00,
    0x00, 0x00, 0x00, 0x00, 0x07, 0xF0, 0x1F, 0xF0, 0x7F, 0xF1, 0xE0, 0xF3, 0x80, 0xEE, 0x01, 0xFC,
    0x01, 0xF8, 0x03, 0xF0, 0x07, 0xE0, 0x0F, 0xC0, 0x1D, 0xC0, 0x73, 0xC1, 0xE3, 0xFF, 0x83, 0xFE,
    0x03, 0xF8, 0x00, 0x00, 0xF0, 0x00, 0x0F, 0x00, 0x00, 0xF0, 0x00, 0x0F, 0x00, 0x00, 0x00, 0x00,
    0x00, 0x00, 0xFF, 0xFF, 0xFF, 0xFF, 0xFF, 0x00, 0x00, 0x00, 0x00, 0x00, 0x00, 0xF0, 0x00, 0x0F,
    0x00, 0x00, 0xF0, 0x00, 0x0F, 0x00, 0x00, 0x02, 0x1F, 0x8C, 0xFF, 0xB9, 0xFF, 0xE7, 0x83, 0x9E,
    0x07, 0xB8, 0x1B, 0xF0, 0x67, 0xE1, 0x8F, 0xC6, 0x1F, 0x98, 0x3F, 0x60, 0x77, 0x81, 0xE7, 0x07,
    0x9F, 0xFE, 0x7F, 0xFC, 0xC7, 0xE1, 0x00, 0x00, 0x38, 0x00, 0x70, 0x00, 0xE0, 0x01, 0x80, 0x03,
    0x00, 0x0E, 0x00, 0x00, 0x00, 0x00, 0xE0, 0x1F, 0x80, 0x7E, 0x01, 0xF8, 0x07, 0xE0, 0x1F, 0x80,
    0x7E, 0x01, 0xF8, 0x07, 0xE0, 0x1F, 0x80, 0x7E, 0x01, 0xF8, 0x0F, 0xF0, 0x7D, 0xFF, 0xF3, 0xFD,
    0xC7, 0xC7, 0x00, 0xE0, 0x07, 0x00, 0x38, 0x00, 0xC0, 0x06, 0x00, 0x38, 0x00, 0x00, 0x00, 0x00,
    0xE0, 0x1F, 0x80, 0x7E, 0x01, 0xF8, 0x07, 0xE0, 0x1F, 0x80, 0x7E, 0x01, 0xF8, 0x07, 0xE0, 0x1F,
    0x80, 0x7E, 0x01, 0xF8, 0x0F, 0xF0, 0x7D, 0xFF, 0xF3, 0xFD, 0xC7, 0xC7, 0x03, 0x00, 0x1E, 0x00,
    0x78, 0x03, 0x30, 0x0C, 0xC0, 0x61, 0x80, 0x00, 0x00, 0x00, 0xE0, 0x1F, 0x80, 0x7E, 0x01, 0xF8,
    0x07, 0xE0, 0x1F, 0x80, 0x7E, 0x01, 0xF8, 0x07, 0xE0, 0x1F, 0x80, 0x7E, 0x01, 0xF8, 0x0F, 0xF0,
    0x7D, 0xFF, 0xF3, 0xFD, 0xC7, 0xC7, 0x1C, 0xE0, 0x73, 0x81, 0xCE, 0x00, 0x00, 0x00, 0x00, 0x00,
    0x00, 0x00, 0x38, 0x07, 0xE0, 0x1F, 0x80, 0x7E, 0x01, 0xF8, 0x07, 0xE0, 0x1F, 0x80, 0x7E, 0x01,
    0xF8, 0x07, 0xE0, 0x1F, 0x80, 0x7E, 0x03, 0xFC, 0x1F, 0x7F, 0xFC, 0xFF, 0x71, 0xF1, 0xC0, 0x00,
    0x70, 0x00, 0xE0, 0x01, 0xC0, 0x01, 0x80, 0x03, 0x00, 0x07, 0x00, 0x00, 0x00, 0x00, 0x00, 0xE0,
    0x0F, 0x70, 0x0E, 0x70, 0x0E, 0x78, 0x1C, 0x38, 0x1C, 0x38, 0x3C, 0x1C, 0x38, 0x1C, 0x78, 0x1E,
    0x70, 0x0E, 0xF0, 0x0F, 0xE0, 0x07, 0xE0, 0x07, 0xC0, 0x03, 0xC0, 0x03, 0xC0, 0x03, 0x80, 0x07,
    0x80, 0x07, 0x00, 0x0F, 0x00, 0x7E, 0x00, 0x7E, 0x00, 0x78, 0x00, 0xE0, 0x01, 0xC0, 0x03, 0x80,
    0x07, 0x00, 0x0E, 0x00, 0x1C, 0x00, 0x38, 0x00, 0x71, 0xF0, 0xEF, 0xF1, 0xFF, 0xF3, 0xE0, 0xF7,
    0x80, 0xEE, 0x00, 0xFC, 0x01, 0xF8, 0x03, 0xF0, 0x07, 0xE0, 0x0F, 0xC0, 0x1F, 0xC0, 0x77, 0xC1,
    0xEF, 0xFF, 0x9D, 0xFE, 0x38, 0xF8, 0x70, 0x00, 0xE0, 0x01, 0xC0, 0x03, 0x80, 0x07, 0x00, 0x0E,
    0x00, 0x00, 0x0E, 0x70, 0x0E, 0x70, 0x0E, 0x70, 0x00, 0x00, 0x00, 0x00, 0x00, 0x00, 0x00, 0x00,
    0xE0, 0x0F, 0x70, 0x0E, 0x70, 0x0E, 0x78, 0x1C, 0x38, 0x1C, 0x38, 0x3C, 0x1C, 0x38, 0x1C, 0x78,
    0x1E, 0x70, 0x0E, 0xF0, 0x0F, 0xE0, 0x07, 0xE0, 0x07, 0xC0, 0x03, 0xC0, 0x03, 0xC0, 0x03, 0x80,
    0x07, 0x80, 0x07, 0x00, 0x0F, 0x00, 0x7E, 0x00, 0x7E, 0x00, 0x78, 0x00, 0x03, 0xFC, 0x00, 0x3F,
    0xC0, 0x03, 0xFC, 0x00, 0x00, 0x00, 0x00, 0x00, 0x00, 0x0F, 0x00, 0x00, 0xF0, 0x00, 0x1F, 0x80,
    0x01, 0xF8, 0x00, 0x1F, 0x80, 0x03, 0x9C, 0x00, 0x39, 0xC0, 0x07, 0x9E, 0x00, 0x70, 0xE0, 0x07,
    0x0E, 0x00, 0xF0, 0xF0, 0x0E, 0x07, 0x00, 0xE0, 0x70, 0x1C, 0x03, 0x81, 0xFF, 0xF8, 0x3F, 0xFF,
    0xC3, 0xFF, 0xFC, 0x38, 0x01, 0xC7, 0x80, 0x1E, 0x70, 0x00, 0xE7, 0x00, 0x0E, 0xE0, 0x00, 0x70,
    0x1F, 0xE0, 0x7F, 0x81, 0xFE, 0x00, 0x00, 0x00, 0x00, 0x00, 0x01, 0xFC, 0x1F, 0xFC, 0x7F, 0xF9,
    0x01, 0xE0, 0x01, 0xC0, 0x07, 0x0F, 0xFC, 0xFF, 0xF7, 0xFF, 0xFC, 0x07, 0xE0, 0x1F, 0x80, 0xFF,
    0x07, 0xDF, 0xFF, 0x7F, 0xDC, 0x7C, 0x70, 0x03, 0x0C, 0x00, 0x30, 0xC0, 0x01, 0xF8, 0x00, 0x0F,
    0x00, 0x00, 0x00, 0x00, 0x00, 0x00, 0x00, 0x00, 0x00, 0x0F, 0x00, 0x00, 0xF0, 0x00, 0x1F, 0x80,
    0x01, 0xF8, 0x00, 0x1F, 0x80, 0x03, 0x9C, 0x00, 0x39, 0xC0, 0x07, 0x9E, 0x00, 0x70, 0xE0, 0x07,
    0x0E, 0x00, 0xF0, 0xF0, 0x0E, 0x07, 0x00, 0xE0, 0x70, 0x1C, 0x03, 0x81, 0xFF, 0xF8, 0x3F, 0xFF,
    0xC3, 0xFF, 0xFC, 0x38, 0x01, 0xC7, 0x80, 0x1E, 0x70, 0x00, 0xE7, 0x00, 0x0E, 0xE0, 0x00, 0x70,
    0x18, 0x60, 0x61, 0x80, 0xFC, 0x01, 0xE0, 0x00, 0x00, 0x00, 0x00, 0x00, 0x07, 0xF0, 0x7F, 0xF1,
    0xFF, 0xE4, 0x07, 0x80, 0x07, 0x00, 0x1C, 0x3F, 0xF3, 0xFF, 0xDF, 0xFF, 0xF0, 0x1F, 0x80, 0x7E,
    0x03, 0xFC, 0x1F, 0x7F, 0xFD, 0xFF, 0x71, 0xF1, 0xC0, 0x00, 0xF0, 0x00, 0x07, 0x80, 0x00, 0x7E,
    0x00, 0x03, 0xF0, 0x00, 0x1F, 0x80, 0x01, 0xCE, 0x00, 0x0E, 0x70, 0x00, 0xF3, 0xC0, 0x07, 0x0E,
    0x00, 0x38, 0x70, 0x03, 0xC3, 0xC0, 0x1C, 0x0E, 0x00, 0xE0, 0x70, 0x0E, 0x01, 0xC0, 0x7F, 0xFE,
    0x07, 0xFF, 0xF8, 0x3F, 0xFF, 0xC1, 0xC0, 0x0E, 0x1E, 0x00, 0x78, 0xE0, 0x01, 0xC7, 0x00, 0x0E,
    0x70, 0x00, 0x38, 0x00, 0x01, 0xC0, 0x00, 0x0C, 0x00, 0x00, 0xE0, 0x00, 0x07, 0x00, 0x00, 0x3E,
    0x00, 0x00, 0xF0, 0x1F, 0xC0, 0xFF, 0xE1, 0xFF, 0xE2, 0x03, 0xC0, 0x01, 0xC0, 0x03, 0x83, 0xFF,
    0x1F, 0xFE, 0x7F, 0xFD, 0xE0, 0x3B, 0x80, 0x77, 0x01, 0xEF, 0x07, 0xCF, 0xFF, 0x9F, 0xF7, 0x0F,
    0x8E, 0x00, 0x1C, 0x00, 0x30, 0x00, 0xE0, 0x01, 0xC0, 0x03, 0xE0, 0x03, 0xC0, 0x00, 0x30, 0x00,
    0x18, 0x00, 0x0E, 0x00, 0x07, 0x00, 0x00, 0x00, 0x00, 0x7F, 0x80, 0x7F, 0xF8, 0x7F, 0xFF, 0x3F,
    0x01, 0xCF, 0x00, 0x17, 0x80, 0x01, 0xC0, 0x00, 0xF0, 0x00, 0x38, 0x00, 0x0E, 0x00, 0x03, 0x80,
    0x00, 0xE0, 0x00, 0x38, 0x00, 0x0E, 0x00, 0x03, 0xC0, 0x00, 0x70, 0x00, 0x1E, 0x00, 0x03, 0xC0,
    0x04, 0xFC, 0x07, 0x1F, 0xFF, 0xC1, 0xFF, 0xE0, 0x1F, 0xE0, 0x00, 0x70, 0x07, 0x00, 0x70, 0x03,
    0x00, 0x30, 0x03, 0x80, 0x00, 0x00, 0x00, 0x07, 0xF0, 0xFF, 0xCF, 0xFE, 0xF8, 0x17, 0x00, 0x78,
    0x03, 0x80, 0x1C, 0x00, 0xE0, 0x07, 0x00, 0x3C, 0x00, 0xE0, 0x07, 0xC0, 0x9F, 0xFC, 0x7F, 0xE0,
    0xFE, 0x00, 0x78, 0x00, 0x3F, 0x00, 0x0C, 0xC0, 0x06, 0x18, 0x00, 0x00, 0x00, 0x7F, 0x80, 0x7F,
    0xF8, 0x7F, 0xFF, 0x3F, 0x01, 0xCF, 0x00, 0x17, 0x80, 0x01, 0xC0, 0x00, 0xF0, 0x00, 0x38, 0x00,
    0x0E, 0x00, 0x03, 0x80, 0x00, 0xE0, 0x00, 0x38, 0x00, 0x0E, 0x00, 0x03, 0xC0, 0x00, 0x70, 0x00,
    0x1E, 0x00, 0x03, 0xC0, 0x04, 0xFC, 0x07, 0x1F, 0xFF, 0xC1, 0xFF, 0xE0, 0x1F, 0xE0, 0x03, 0x80,
    0x1C, 0x01, 0xB0, 0x1D, 0xC0, 0xC6, 0x0C, 0x18, 0x00, 0x00, 0x00, 0x07, 0xF0, 0xFF, 0xCF, 0xFE,
    0xF8, 0x17, 0x00, 0x78, 0x03, 0x80, 0x1C, 0x00, 0xE0, 0x07, 0x00, 0x3C, 0x00, 0xE0, 0x07, 0xC0,
    0x9F, 0xFC, 0x7F, 0xE0, 0xFE, 0x00, 0x70, 0x00, 0x1C, 0x00, 0x07, 0x00, 0x00, 0x00, 0x00, 0x00,
    0x00, 0x7F, 0x80, 0x7F, 0xF8, 0x7F, 0xFF, 0x3F, 0x01, 0xCF, 0x00, 0x17, 0x80, 0x01, 0xC0, 0x00,
    0xF0, 0x00, 0x38, 0x00, 0x0E, 0x00, 0x03, 0x80, 0x00, 0xE0, 0x00, 0x38, 0x00, 0x0E, 0x00, 0x03,
    0xC0, 0x00, 0x70, 0x00, 0x1E, 0x00, 0x03, 0xC0, 0x04, 0xFC, 0x07, 0x1F, 0xFF, 0xC1, 0xFF, 0xE0,
    0x1F, 0xE0, 0x03, 0x80, 0x1C, 0x00, 0xE0, 0x00, 0x00, 0x00, 0x00, 0x00, 0x00, 0x00, 0xFE, 0x1F,
    0xF9, 0xFF, 0xDF, 0x02, 0xE0, 0x0F, 0x00, 0x70, 0x03, 0x80, 0x1C, 0x00, 0xE0, 0x07, 0x80, 0x1C,
    0x00, 0xF8, 0x13, 0xFF, 0x8F, 0xFC, 0x1F, 0xC0, 0x07, 0x1C, 0x00, 0xC6, 0x00, 0x1B, 0x00, 0x03,
    0x80, 0x00, 0x00, 0x00, 0x7F, 0x80, 0x7F, 0xF8, 0x7F, 0xFF, 0x3F, 0x01, 0xCF, 0x00, 0x17, 0x80,
    0x01, 0xC0, 0x00, 0xF0, 0x00, 0x38, 0x00, 0x0E, 0x00, 0x03, 0x80, 0x00, 0xE0, 0x00, 0x38, 0x00,
    0x0E, 0x00, 0x03, 0xC0, 0x00, 0x70, 0x00, 0x1E, 0x00, 0x03, 0xC0, 0x04, 0xFC, 0x07, 0x1F, 0xFF,
    0xC1, 0xFF, 0xE0, 0x1F, 0xE0, 0x18, 0x30, 0x63, 0x03, 0xB8, 0x0D, 0x80, 0x38, 0x01, 0xC0, 0x00,
    0x00, 0x00, 0x07, 0xF0, 0xFF, 0xCF, 0xFE, 0xF8, 0x17, 0x00, 0x78, 0x03, 0x80, 0x1C, 0x00, 0xE0,
    0x07, 0x00, 0x3C, 0x00, 0xE0, 0x07, 0xC0, 0x9F, 0xFC, 0x7F, 0xE0, 0xFE, 0x1C, 0x70, 0x03, 0x18,
    0x00, 0x6C, 0x00, 0x0E, 0x00, 0x00, 0x00, 0x3F, 0xF8, 0x0F, 0xFF, 0x83, 0xFF, 0xF8, 0xE0, 0x3F,
    0x38, 0x03, 0xEE, 0x00, 0x7B, 0x80, 0x0E, 0xE0, 0x03, 0xF8, 0x00, 0x7E, 0x00, 0x1F, 0x80, 0x07,
    0xE0, 0x01, 0xF8, 0x00, 0x7E, 0x00, 0x1F, 0x80, 0x07, 0xE0, 0x03, 0xB8, 0x01, 0xEE, 0x00, 0xFB,
    0x80, 0xFC, 0xFF, 0xFE, 0x3F, 0xFF, 0x0F, 0xFE, 0x00, 0x00, 0x0E, 0x70, 0x00, 0xE7, 0x00, 0x0E,
    0x60, 0x00, 0xEE, 0x00, 0x0E, 0xE0, 0x00, 0xEC, 0x00, 0x0E, 0x00, 0xF8, 0xE0, 0x1F, 0xEE, 0x03,
    0xFF, 0xE0, 0x78, 0x3E, 0x07, 0x01, 0xE0, 0xE0, 0x0E, 0x0E, 0x00, 0xE0, 0xE0, 0x0E, 0x0E, 0x00,
    0xE0, 0xE0, 0x0E, 0x0E, 0x00, 0xE0, 0x70, 0x1E, 0x07, 0x83, 0xE0, 0x3F, 0xFE, 0x01, 0xFE, 0xE0,
    0x0F, 0x8E, 0x00, 0x1F, 0xFC, 0x00, 0xFF, 0xFC, 0x07, 0xFF, 0xF0, 0x38, 0x0F, 0xC1, 0xC0, 0x1F,
    0x0E, 0x00, 0x78, 0x70, 0x01, 0xC3, 0x80, 0x0F, 0x1C, 0x00, 0x38, 0xE0, 0x01, 0xFF, 0xF8, 0x0F,
    0xFF, 0xC0, 0x7F, 0xFE, 0x03, 0x8E, 0x00, 0x1C, 0x70, 0x00, 0xE3, 0x80, 0x0E, 0x1C, 0x00, 0xF0,
    0xE0, 0x0F, 0x87, 0x01, 0xF8, 0x3F, 0xFF, 0x81, 0xFF, 0xF0, 0x0F, 0xFE, 0x00, 0x00, 0x0E, 0x00,
    0x07, 0x00, 0x03, 0x80, 0x3F, 0xF0, 0x1F, 0xF8, 0x00, 0x70, 0x00, 0x38, 0x1F, 0x1C, 0x1F, 0xEE,
    0x1F, 0xFF, 0x1E, 0x0F, 0x8E, 0x03, 0xCE, 0x00, 0xE7, 0x00, 0x73, 0x80, 0x39, 0xC0, 0x1C, 0xE0,
    0x0E, 0x70, 0x07, 0x1C, 0x07, 0x8F, 0x07, 0xC3, 0xFF, 0xE0, 0xFF, 0x70, 0x3E, 0x38, 0x3F, 0xE0,
    0xFF, 0x83, 0xFE, 0x00, 0x00, 0x00, 0x03, 0xFF, 0xFF, 0xFF, 0xFF, 0xFF, 0xE0, 0x03, 0x80, 0x0E,
    0x00, 0x38, 0x00, 0xE0, 0x03, 0x80, 0x0F, 0xFF, 0xBF, 0xFE, 0xFF, 0xFB, 0x80, 0x0E, 0x00, 0x38,
    0x00, 0xE0, 0x03, 0x80, 0x0E, 0x00, 0x38, 0x00, 0xFF, 0xFF, 0xFF, 0xFF, 0xFF, 0xC0, 0x1F, 0xF0,
    0x3F, 0xE0, 0x7F, 0xC0, 0x00, 0x00, 0x00, 0x00, 0x00, 0x01, 0xF8, 0x0F, 0xFC, 0x3F, 0xFC, 0xF0,
    0x79, 0xC0, 0x7F, 0x00, 0x7F, 0xFF, 0xFF, 0xFF, 0xFF, 0xFF, 0xF0, 0x00, 0xE0, 0x00, 0xE0, 0x09,
    0xF0, 0x71, 0xFF, 0xE1, 0xFF, 0x80, 0xFC, 0x00, 0x30, 0x60, 0xE3, 0x81, 0xFC, 0x03, 0xE0, 0x00,
    0x00, 0x00, 0x0F, 0xFF, 0xFF, 0xFF, 0xFF, 0xFF, 0x80, 0x0E, 0x00, 0x38, 0x00, 0xE0, 0x03, 0x80,
    0x0E, 0x00, 0x3F, 0xFE, 0xFF, 0xFB, 0xFF, 0xEE, 0x00, 0x38, 0x00, 0xE0, 0x03, 0x80, 0x0E, 0x00,
    0x38, 0x00, 0xE0, 0x03, 0xFF, 0xFF, 0xFF, 0xFF, 0xFF, 0x18, 0x30, 0x38, 0xE0, 0x3F, 0x80, 0x3E,
    0x00, 0x00, 0x00, 0x00, 0x00, 0x00, 0x00, 0x00, 0x07, 0xE0, 0x3F, 0xF0, 0xFF, 0xF3, 0xC1, 0xE7,
    0x01, 0xFC, 0x01, 0xFF, 0xFF, 0xFF, 0xFF, 0xFF, 0xFF, 0xC0, 0x03, 0x80, 0x03, 0x80, 0x27, 0xC1,
    0xC7, 0xFF, 0x87, 0xFE, 0x03, 0xF0, 0x07, 0x00, 0x1C, 0x00, 0x70, 0x00, 0x00, 0x00, 0x03, 0xFF,
    0xFF, 0xFF, 0xFF, 0xFF, 0xE0, 0x03, 0x80, 0x0E, 0x00, 0x38, 0x00, 0xE0, 0x03, 0x80, 0x0F, 0xFF,
    0xBF, 0xFE, 0xFF, 0xFB, 0x80, 0x0E, 0x00, 0x38, 0x00, 0xE0, 0x03, 0x80, 0x0E, 0x00, 0x38, 0x00,
    0xFF, 0xFF, 0xFF, 0xFF, 0xFF, 0xC0, 0x03, 0x80, 0x07, 0x00, 0x0E, 0x00, 0x00, 0x00, 0x00, 0x00,
    0x00, 0x00, 0x00, 0x03, 0xF0, 0x1F, 0xF8, 0x7F, 0xF9, 0xE0, 0xF3, 0x80, 0xFE, 0x00, 0xFF, 0xFF,
    0xFF, 0xFF, 0xFF, 0xFF, 0xE0, 0x01, 0xC0, 0x01, 0xC0, 0x13, 0xE0, 0xE3, 0xFF, 0xC3, 0xFF, 0x01,
    0xF8, 0x00, 0xFF, 0xFF, 0xFF, 0xFF, 0xFF, 0xF8, 0x00, 0xE0, 0x03, 0x80, 0x0E, 0x00, 0x38, 0x00,
    0xE0, 0x03, 0xFF, 0xEF, 0xFF, 0xBF, 0xFE, 0xE0, 0x03, 0x80, 0x0E, 0x00, 0x38, 0x00, 0xE0, 0x03,
    0x80, 0x0E, 0x00, 0x3F, 0xFF, 0xFF, 0xFF, 0xFF, 0xF0, 0x03, 0x80, 0x0C, 0x00, 0x70, 0x01, 0xC0,
    0x07, 0xC0, 0x0F, 0x07, 0xE0, 0x3F, 0xF0, 0xFF, 0xF3, 0xC1, 0xE7, 0x01, 0xFC, 0x01, 0xFF, 0xFF,
    0xFF, 0xFF, 0xFF, 0xFF, 0xC0, 0x03, 0x80, 0x03, 0x80, 0x27, 0xC1, 0xC7, 0xFF, 0x87, 0xFE, 0x03,
    0xF0, 0x00, 0x38, 0x00, 0x60, 0x01, 0xC0, 0x03, 0x80, 0x07, 0xC0, 0x07, 0x80, 0x38, 0xE0, 0x63,
    0x00, 0xD8, 0x01, 0xC0, 0x00, 0x03, 0xFF, 0xFF, 0xFF, 0xFF, 0xFF, 0xE0, 0x03, 0x80, 0x0E, 0x00,
    0x38, 0x00, 0xE0, 0x03, 0x80, 0x0F, 0xFF, 0xBF, 0xFE, 0xFF, 0xFB, 0x80, 0x0E, 0x00, 0x38, 0x00,
    0xE0, 0x03, 0x80, 0x0E, 0x00, 0x38, 0x00, 0xFF, 0xFF, 0xFF, 0xFF, 0xFF, 0xC0, 0x18, 0x30, 0x18,
    0xC0, 0x3B, 0x80, 0x36, 0x00, 0x38, 0x00, 0x70, 0x00, 0x00, 0x00, 0x00, 0x07, 0xE0, 0x3F, 0xF0,
    0xFF, 0xF3, 0xC1, 0xE7, 0x01, 0xFC, 0x01, 0xFF, 0xFF, 0xFF, 0xFF, 0xFF, 0xFF, 0xC0, 0x03, 0x80,
    0x03, 0x80, 0x27, 0xC1, 0xC7, 0xFF, 0x87, 0xFE, 0x03, 0xF0, 0x00, 0x70, 0x00, 0x1B, 0x00, 0x06,
    0x30, 0x01, 0xC7, 0x00, 0x00, 0x00, 0x03, 0xFC, 0x01, 0xFF, 0xE0, 0xFF, 0xFE, 0x3F, 0x01, 0xC7,
    0x80, 0x09, 0xE0, 0x00, 0x38, 0x00, 0x0E, 0x00, 0x01, 0xC0, 0x00, 0x38, 0x00, 0x07, 0x00, 0xFF,
    0xE0, 0x1F, 0xFC, 0x03, 0xFF, 0x80, 0x03, 0xF8, 0x00, 0x77, 0x00, 0x0E, 0xF0, 0x01, 0xCF, 0x00,
    0x39, 0xF8, 0x0F, 0x1F, 0xFF, 0xC0, 0xFF, 0xF0, 0x07, 0xF0, 0x00, 0x03, 0x80, 0x07, 0x00, 0x1B,
    0x00, 0x77, 0x00, 0xC6, 0x03, 0x06, 0x00, 0x00, 0x00, 0x00, 0x0F, 0x8E, 0x7F, 0xDC, 0xFF, 0xFB,
    0xC1, 0xF7, 0x01, 0xFC, 0x01, 0xF8, 0x03, 0xF0, 0x07, 0xE0, 0x0F, 0xC0, 0x1F, 0x80, 0x3B, 0x80,
    0xF7, 0x83, 0xE7, 0xFF, 0xCF, 0xFB, 0x87, 0xC7, 0x00, 0x0E, 0x00, 0x38, 0x81, 0xF1, 0xFF, 0xC3,
    0xFF, 0x03, 0xFC, 0x00, 0x06, 0x0C, 0x00, 0xE3, 0x80, 0x0F, 0xE0, 0x00, 0xF8, 0x00, 0x00, 0x00,
    0x00, 0x00, 0x00, 0x7F, 0x80, 0x3F, 0xFC, 0x1F, 0xFF, 0xC7, 0xE0, 0x38, 0xF0, 0x01, 0x3C, 0x00,
    0x07, 0x00, 0x01, 0xC0, 0x00, 0x38, 0x00, 0x07, 0x00, 0x00, 0xE0, 0x1F, 0xFC, 0x03, 0xFF, 0x80,
    0x7F, 0xF0, 0x00, 0x7F, 0x00, 0x0E, 0xE0, 0x01, 0xDE, 0x00, 0x39, 0xE0, 0x07, 0x3F, 0x01, 0xE3,
    0xFF, 0xF8, 0x1F, 0xFE, 0x00, 0xFE, 0x00, 0x18, 0x30, 0x38, 0xE0, 0x3F, 0x80, 0x3E, 0x00, 0x00,
    0x00, 0x00, 0x00, 0x00, 0x00, 0x00, 0x0F, 0x8E, 0x7F, 0xDC, 0xFF, 0xFB, 0xC1, 0xF7, 0x01, 0xFC,
    0x01, 0xF8, 0x03, 0xF0, 0x07, 0xE0, 0x0F, 0xC0, 0x1F, 0x80, 0x3B, 0x80, 0xF7, 0x83, 0xE7, 0xFF,
    0xCF, 0xFB, 0x87, 0xC7, 0x00, 0x0E, 0x00, 0x38, 0x81, 0xF1, 0xFF, 0xC3, 0xFF, 0x03, 0xFC, 0x00,
    0x00, 0x70, 0x00, 0x0E, 0x00, 0x01, 0xC0, 0x00, 0x00, 0x00, 0x00, 0x00, 0x03, 0xFC, 0x01, 0xFF,
    0xE0, 0xFF, 0xFE, 0x3F, 0x01, 0xC7, 0x80, 0x09, 0xE0, 0x00, 0x38, 0x00, 0x0E, 0x00, 0x01, 0xC0,
    0x00, 0x38, 0x00, 0x07, 0x00, 0xFF, 0xE0, 0x1F, 0xFC, 0x03, 0xFF, 0x80, 0x03, 0xF8, 0x00, 0x77,
    0x00, 0x0E, 0xF0, 0x01, 0xCF, 0x00, 0x39, 0xF8, 0x0F, 0x1F, 0xFF, 0xC0, 0xFF, 0xF0, 0x07, 0xF0,
    0x00, 0x03, 0x80, 0x07, 0x00, 0x0E, 0x00, 0x00, 0x00, 0x00, 0x00, 0x00, 0x00, 0x00, 0x07, 0xC7,
    0x3F, 0xEE, 0x7F, 0xFD, 0xE0, 0xFB, 0x80, 0xFE, 0x00, 0xFC, 0x01, 0xF8, 0x03, 0xF0, 0x07, 0xE0,
    0x0F, 0xC0, 0x1D, 0xC0, 0x7B, 0xC1, 0xF3, 0xFF, 0xE7, 0xFD, 0xC3, 0xE3, 0x80, 0x07, 0x00, 0x1C,
    0x40, 0xF8, 0xFF, 0xE1, 0xFF, 0x81, 0xFE, 0x00, 0x01, 0xFE, 0x00, 0xFF, 0xF0, 0x7F, 0xFF, 0x1F,
    0x80, 0xE3, 0xC0, 0x04, 0xF0, 0x00, 0x1C, 0x00, 0x07, 0x00, 0x00, 0xE0, 0x00, 0x1C, 0x00, 0x03,
    0x80, 0x7F, 0xF0, 0x0F, 0xFE, 0x01, 0xFF, 0xC0, 0x01, 0xFC, 0x00, 0x3B, 0x80, 0x07, 0x78, 0x00,
    0xE7, 0x80, 0x1C, 0xFC, 0x07, 0x8F, 0xFF, 0xE0, 0x7F, 0xF8, 0x03, 0xF8, 0x00, 0x00, 0x00, 0x00,
    0x00, 0x00, 0x00, 0x00, 0x0E, 0x00, 0x01, 0xC0, 0x00, 0x30, 0x00, 0x06, 0x00, 0x01, 0x80, 0x00,
    0x00, 0xC0, 0x01, 0x80, 0x07, 0x00, 0x0C, 0x00, 0x38, 0x00, 0x00, 0x00, 0x00, 0x00, 0x00, 0x0F,
    0x8E, 0x7F, 0xDC, 0xFF, 0xFB, 0xC1, 0xF7, 0x01, 0xFC, 0x01, 0xF8, 0x03, 0xF0, 0x07, 0xE0, 0x0F,
    0xC0, 0x1F, 0x80, 0x3B, 0x80, 0xF7, 0x83, 0xE7, 0xFF, 0xCF, 0xFB, 0x87, 0xC7, 0x00, 0x0E, 0x00,
    0x38, 0x81, 0xF1, 0xFF, 0xC3, 0xFF, 0x03, 0xFC, 0x00, 0x01, 0xC0, 0x01, 0xB0, 0x01, 0x8C, 0x01,
    0xC7, 0x00, 0x00, 0x07, 0x00, 0x1F, 0x80, 0x0F, 0xC0, 0x07, 0xE0, 0x03, 0xF0, 0x01, 0xF8, 0x00,
    0xFC, 0x00, 0x7E, 0x00, 0x3F, 0x00, 0x1F, 0xFF, 0xFF, 0xFF, 0xFF, 0xFF, 0xFF, 0xF0, 0x01, 0xF8,
    0x00, 0xFC, 0x00, 0x7E, 0x00, 0x3F, 0x00, 0x1F, 0x80, 0x0F, 0xC0, 0x07, 0xE0, 0x03, 0xF0, 0x01,
    0xF8, 0x00, 0xE0, 0x1C, 0x00, 0x1B, 0x00, 0x18, 0xC0, 0x1C, 0x70, 0x01, 0xC0, 0x00, 0xE0, 0x00,
    0x70, 0x00, 0x38, 0x00, 0x1C, 0x00, 0x0E, 0x00, 0x07, 0x00, 0x03, 0x8F, 0x81, 0xDF, 0xE0, 0xFF,
    0xF8, 0x7C, 0x1E, 0x3C, 0x0F, 0x1C, 0x03, 0x8E, 0x01, 0xC7, 0x00, 0xE3, 0x80, 0x71, 0xC0, 0x38,
    0xE0, 0x1C, 0x70, 0x0E, 0x38, 0x07, 0x1C, 0x03, 0x8E, 0x01, 0xC7, 0x00, 0xE0, 0x38, 0x00, 0xE1,
    0xC0, 0x07, 0x0E, 0x00, 0x39, 0xFF, 0xFF, 0xFF, 0xFF, 0xFF, 0xFF, 0xFF, 0xFC, 0xE0, 0x03, 0x87,
    0x00, 0x1C, 0x38, 0x00, 0xE1, 0xFF, 0xFF, 0x0F, 0xFF, 0xF8, 0x7F, 0xFF, 0xC3, 0x80, 0x0E, 0x1C,
    0x00, 0x70, 0xE0, 0x03, 0x87, 0x00, 0x1C, 0x38, 0x00, 0xE1, 0xC0, 0x07, 0x0E, 0x00, 0x38, 0x70,
    0x01, 0xC3, 0x80, 0x0E, 0x1C, 0x00, 0x70, 0x38, 0x00, 0x38, 0x00, 0xFF, 0xC0, 0xFF, 0xC0, 0xFF,
    0xC0, 0x38, 0x00, 0x38, 0x00, 0x38, 0xF8, 0x3B, 0xFC, 0x3F, 0xFE, 0x3E, 0x0F, 0x3C, 0x0F, 0x38,
    0x07, 0x38, 0x07, 0x38, 0x07, 0x38, 0x07, 0x38, 0x07, 0x38, 0x07, 0x38, 0x07, 0x38, 0x07, 0x38,
    0x07, 0x38, 0x07, 0x38, 0x07, 0x7C, 0x7F, 0xFF, 0x1F, 0x00, 0x00, 0x00, 0x1C, 0x03, 0x80, 0x70,
    0x0E, 0x01, 0xC0, 0x38, 0x07, 0x00, 0xE0, 0x1C, 0x03, 0x80, 0x70, 0x0E, 0x01, 0xC0, 0x38, 0x07,
    0x00, 0xE0, 0x1C, 0x03, 0x80, 0x70, 0x0E, 0x01, 0xC0, 0x38, 0x00, 0x78, 0x5F, 0x3E, 0x7F, 0x0E,
    0x00, 0x00, 0x00, 0x00, 0x38, 0x0E, 0x03, 0x80, 0xE0, 0x38, 0x0E, 0x03, 0x80, 0xE0, 0x38, 0x0E,
    0x03, 0x80, 0xE0, 0x38, 0x0E, 0x03, 0x80, 0xE0, 0xFF, 0xFF, 0xFF, 0xE0, 0x00, 0x00, 0xE0, 0x70,
    0x38, 0x1C, 0x0E, 0x07, 0x03, 0x81, 0xC0, 0xE0, 0x70, 0x38, 0x1C, 0x0E, 0x07, 0x03, 0x81, 0xC0,
    0xE0, 0x70, 0x38, 0x1C, 0x0E, 0x07, 0x00, 0xFF, 0xFF, 0xFF, 0xE0, 0x00, 0x00, 0x00, 0x70, 0x38,
    0x1C, 0x0E, 0x07, 0x03, 0x81, 0xC0, 0xE0, 0x70, 0x38, 0x1C, 0x0E, 0x07, 0x03, 0x81, 0xC0, 0xE0,
    0xC1, 0xF1, 0xDF, 0xC7, 0xC0, 0x00, 0x00, 0x70, 0x38, 0x1C, 0x0E, 0x07, 0x03, 0x81, 0xC0, 0xE0,
    0x70, 0x38, 0x1C, 0x0E, 0x07, 0x03, 0x81, 0xC0, 0xE0, 0x70, 0x38, 0x1C, 0x0E, 0x07, 0x03, 0x80,
    0xC1, 0xF1, 0xDF, 0xC7, 0xC0, 0x00, 0x00, 0x00, 0x00, 0x1C, 0x0E, 0x07, 0x03, 0x81, 0xC0, 0xE0,
    0x70, 0x38, 0x1C, 0x0E, 0x07, 0x03, 0x81, 0xC0, 0xE0, 0x70, 0x38, 0xE7, 0x39, 0xCE, 0x73, 0x9C,
    0xE7, 0x39, 0xCE, 0x73, 0x9C, 0xE7, 0x39, 0xCE, 0x71, 0xCC, 0xE7, 0x3E, 0xF0, 0x73, 0x9C, 0x00,
    0x00, 0x0E, 0x73, 0x9C, 0xE7, 0x39, 0xCE, 0x73, 0x9C, 0xE7, 0x39, 0xCE, 0x67, 0x39, 0xF7, 0x80,
    0xFF, 0x81, 0xFF, 0xFF, 0xFF, 0xFF, 0xFF, 0xFF, 0xFF, 0xFF, 0x80, 0xFF, 0xFF, 0xFF, 0xFF, 0xFF,
    0xFF, 0xE0, 0x7E, 0x07, 0xE0, 0x7E, 0x07, 0xE0, 0x7E, 0x07, 0xE0, 0x7E, 0x07, 0xE0, 0x7E, 0x07,
    0xE0, 0x7E, 0x07, 0xE0, 0x7E, 0x07, 0xE0, 0x7E, 0x07, 0xE0, 0x7E, 0x07, 0xE0, 0x7E, 0x07, 0xE0,
    0x7E, 0x07, 0x00, 0x70, 0x0F, 0x01, 0xE0, 0xFE, 0x0F, 0xC0, 0xF0, 0xE0, 0xFC, 0x1F, 0x83, 0x80,
    0x00, 0x00, 0x00, 0x00, 0x07, 0x07, 0xE0, 0xFC, 0x1F, 0x83, 0xF0, 0x7E, 0x0F, 0xC1, 0xF8, 0x3F,
    0x07, 0xE0, 0xFC, 0x1F, 0x83, 0xF0, 0x7E, 0x0F, 0xC1, 0xF8, 0x38, 0x07, 0x00, 0xE0, 0x3C, 0x1F,
    0x03, 0xE0, 0x70, 0x07, 0x01, 0xB0, 0x63, 0x1C, 0x70, 0x00, 0x0E, 0x01, 0xC0, 0x38, 0x07, 0x00,
    0xE0, 0x1C, 0x03, 0x80, 0x70, 0x0E, 0x01, 0xC0, 0x38, 0x07, 0x00, 0xE0, 0x1C, 0x03, 0x80, 0x70,
    0x0E, 0x01, 0xC0, 0x38, 0x07, 0x00, 0xE0, 0x1C, 0x03, 0x80, 0xF0, 0x3C, 0x3F, 0x87, 0xE0, 0xF0,
    0x00, 0x1C, 0x0E, 0x0D, 0x8E, 0xE6, 0x36, 0x0C, 0x00, 0x00, 0x1C, 0x0E, 0x07, 0x03, 0x81, 0xC0,
    0xE0, 0x70, 0x38, 0x1C, 0x0E, 0x07, 0x03, 0x81, 0xC0, 0xE0, 0x70, 0x38, 0x1C, 0x0E, 0x0F, 0x1F,
    0x0F, 0x87, 0x00, 0xE0, 0x1F, 0x70, 0x1E, 0x38, 0x1E, 0x1C, 0x1E, 0x0E, 0x1E, 0x07, 0x1E, 0x03,
    0x9E, 0x01, 0xDE, 0x00, 0xFE, 0x00, 0x7E, 0x00, 0x3F, 0x00, 0x1F, 0xC0, 0x0E, 0xF0, 0x07, 0x3C,
    0x03, 0x8F, 0x01, 0xC3, 0xC0, 0xE1, 0xF0, 0x70, 0x7C, 0x38, 0x1F, 0x1C, 0x07, 0xCE, 0x01, 0xF7,
    0x00, 0x7C, 0x00, 0x00, 0x00, 0x00, 0x00, 0x00, 0x00, 0xE0, 0x00, 0x70, 0x00, 0x30, 0x00, 0x18,
    0x00, 0x18, 0x00, 0xE0, 0x03, 0x80, 0x0E, 0x00, 0x38, 0x00, 0xE0, 0x03, 0x80, 0x0E, 0x00, 0x38,
    0x0F, 0xE0, 0xFB, 0x87, 0xCE, 0x3E, 0x39, 0xF0, 0xEF, 0x03, 0xF8, 0x0F, 0xC0, 0x3F, 0x80, 0xEF,
    0x03, 0x9E, 0x0E, 0x3C, 0x38, 0x78, 0xE0, 0xF3, 0x81, 0xEE, 0x03, 0xC0, 0x00, 0x00, 0x00, 0x00,
    0x00, 0x38, 0x00, 0xE0, 0x03, 0x00, 0x0C, 0x00, 0x60, 0x00, 0xE0, 0x3F, 0x83, 0xEE, 0x1F, 0x38,
    0xF8, 0xE7, 0xC3, 0xBC, 0x0F, 0xE0, 0x3F, 0x00, 0xFE, 0x03, 0xBC, 0x0E, 0x78, 0x38, 0xF0, 0xE1,
    0xE3, 0x83, 0xCE, 0x07, 0xB8, 0x0F, 0x18, 0x00, 0xC0, 0x07, 0x00, 0x38, 0x00, 0x00, 0x03, 0x80,
    0x0E, 0x00, 0x38, 0x00, 0xE0, 0x03, 0x80, 0x0E, 0x00, 0x38, 0x00, 0xE0, 0x03, 0x80, 0x0E, 0x00,
    0x38, 0x00, 0xE0, 0x03, 0x80, 0x0E, 0x00, 0x38, 0x00, 0xE0, 0x03, 0x80, 0x0E, 0x00, 0x38, 0x00,
    0xFF, 0xFF, 0xFF, 0xFF, 0xFF, 0xC0, 0x19, 0x9D, 0xCE, 0x73, 0x9C, 0xE7, 0x39, 0xCE, 0x73, 0x9C,
    0xE7, 0x39, 0xCE, 0x73, 0x9C, 0xE7, 0x38, 0xE0, 0x03, 0x80, 0x0E, 0x00, 0x38, 0x00, 0xE0, 0x03,
    0x80, 0x0E, 0x00, 0x38, 0x00, 0xE0, 0x03, 0x80, 0x0E, 0x00, 0x38, 0x00, 0xE0, 0x03, 0x80, 0x0E,
    0x00, 0x38, 0x00, 0xE0, 0x03, 0x80, 0x0E, 0x00, 0x3F, 0xFF, 0xFF, 0xFF, 0xFF, 0xF0, 0x00, 0x00,
    0x00, 0x00, 0x00, 0x1C, 0x00, 0x70, 0x01, 0x80, 0x06, 0x00, 0x30, 0x00, 0x77, 0x77, 0x77, 0x77,
    0x77, 0x77, 0x77, 0x77, 0x77, 0x77, 0x77, 0x70, 0x00, 0x77, 0x66, 0xC0, 0xE1, 0xC3, 0x87, 0x0E,
    0x18, 0x38, 0xE0, 0xE3, 0x83, 0x8C, 0x0E, 0x00, 0x38, 0x00, 0xE0, 0x03, 0x80, 0x0E, 0x00, 0x38,
    0x00, 0xE0, 0x03, 0x80, 0x0E, 0x00, 0x38, 0x00, 0xE0, 0x03, 0x80, 0x0E, 0x00, 0x3F, 0xFF, 0xFF,
    0xFF, 0xFF, 0xF0, 0xE7, 0xE7, 0xE6, 0xEE, 0xEE, 0xEC, 0xE0, 0xE0, 0xE0, 0xE0, 0xE0, 0xE0, 0xE0,
    0xE0, 0xE0, 0xE0, 0xE0, 0xE0, 0xE0, 0xE0, 0xE0, 0xE0, 0xE0, 0xE0, 0x03, 0x80, 0x0E, 0x00, 0x38,
    0x00, 0xE0, 0x03, 0x80, 0x0E, 0x00, 0x38, 0x00, 0xE0, 0xE3, 0x83, 0x8E, 0x0E, 0x38, 0x38, 0xE0,
    0x03, 0x80, 0x0E, 0x00, 0x38, 0x00, 0xE0, 0x03, 0x80, 0x0E, 0x00, 0x3F, 0xFF, 0xFF, 0xFF, 0xFF,
    0xF0, 0xE3, 0x8E, 0x38, 0xE3, 0x8E, 0x38, 0xE3, 0xFF, 0xFF, 0xFF, 0x8E, 0x38, 0xE3, 0x8E, 0x38,
    0xE3, 0x8E, 0x00, 0x1C, 0x00, 0x0E, 0x00, 0x07, 0x00, 0x03, 0x80, 0x01, 0xC0, 0x00, 0xE0, 0x00,
    0x70, 0x80, 0x39, 0xE0, 0x1D, 0xC0, 0x0F, 0xC0, 0x07, 0x80, 0x07, 0x80, 0x07, 0xC0, 0x07, 0xE0,
    0x00, 0x70, 0x00, 0x38, 0x00, 0x1C, 0x00, 0x0E, 0x00, 0x07, 0x00, 0x03, 0xFF, 0xF1, 0xFF, 0xF8,
    0xFF, 0xFC, 0x1C, 0x0E, 0x07, 0x03, 0x81, 0xC0, 0xE0, 0x70, 0x38, 0x1D, 0x8F, 0x87, 0x87, 0x87,
    0xC7, 0xE0, 0x70, 0x38, 0x1C, 0x0E, 0x07, 0x03, 0x81, 0xC0, 0xE0, 0x70, 0x00, 0xC0, 0x00, 0xC0,
    0x00, 0xE0, 0x00, 0xE0, 0x00, 0x00, 0x07, 0x80, 0x1F, 0xE0, 0x0F, 0xF8, 0x07, 0xFC, 0x03, 0xFF,
    0x01, 0xFB, 0x80, 0xFD, 0xE0, 0x7E, 0x70, 0x3F, 0x3C, 0x1F, 0x8E, 0x0F, 0xC3, 0x87, 0xE1, 0xE3,
    0xF0, 0x71, 0xF8, 0x3C, 0xFC, 0x0E, 0x7E, 0x07, 0xBF, 0x01, 0xDF, 0x80, 0xFF, 0xC0, 0x3F, 0xE0,
    0x1F, 0xF0, 0x07, 0xF8, 0x01, 0xE0, 0x01, 0xC0, 0x0E, 0x00, 0x70, 0x01, 0x80, 0x0C, 0x00, 0x70,
    0x00, 0x00, 0x00, 0x00, 0xE3, 0xE3, 0xBF, 0xCF, 0xFF, 0xBE, 0x0F, 0xF0, 0x3F, 0x80, 0x7E, 0x01,
    0xF8, 0x07, 0xE0, 0x1F, 0x80, 0x7E, 0x01, 0xF8, 0x07, 0xE0, 0x1F, 0x80, 0x7E, 0x01, 0xF8, 0x07,
    0xF0, 0x03, 0xFC, 0x01, 0xFF, 0x00, 0xFF, 0x80, 0x7F, 0xE0, 0x3F, 0x70, 0x1F, 0xBC, 0x0F, 0xCE,
    0x07, 0xE7, 0x83, 0xF1, 0xC1, 0xF8, 0x70, 0xFC, 0x3C, 0x7E, 0x0E, 0x3F, 0x07, 0x9F, 0x81, 0xCF,
    0xC0, 0xF7, 0xE0, 0x3B, 0xF0, 0x1F, 0xF8, 0x07, 0xFC, 0x03, 0xFE, 0x00, 0xFF, 0x00, 0x3C, 0x00,
    0x00, 0x00, 0x00, 0x00, 0x00, 0x00, 0xE0, 0x00, 0x70, 0x00, 0x30, 0x00, 0x18, 0x00, 0x18, 0x00,
    0xE3, 0xE3, 0xBF, 0xCF, 0xFF, 0xBE, 0x0F, 0xF0, 0x3F, 0x80, 0x7E, 0x01, 0xF8, 0x07, 0xE0, 0x1F,
    0x80, 0x7E, 0x01, 0xF8, 0x07, 0xE0, 0x1F, 0x80, 0x7E, 0x01, 0xF8, 0x07, 0x00, 0x00, 0x00, 0x00,
    0x00, 0x01, 0xC0, 0x07, 0x00, 0x18, 0x00, 0x60, 0x03, 0x00, 0x0E, 0x38, 0x03, 0x18, 0x00, 0xD8,
    0x00, 0x38, 0x00, 0x00, 0x07, 0x80, 0x1F, 0xE0, 0x0F, 0xF8, 0x07, 0xFC, 0x03, 0xFF, 0x01, 0xFB,
    0x80, 0xFD, 0xE0, 0x7E, 0x70, 0x3F, 0x3C, 0x1F, 0x8E, 0x0F, 0xC3, 0x87, 0xE1, 0xE3, 0xF0, 0x71,
    0xF8, 0x3C, 0xFC, 0x0E, 0x7E, 0x07, 0xBF, 0x01, 0xDF, 0x80, 0xFF, 0xC0, 0x3F, 0xE0, 0x1F, 0xF0,
    0x07, 0xF8, 0x01, 0xE0, 0x18, 0x60, 0x33, 0x00, 0xCC, 0x01, 0xE0, 0x07, 0x80, 0x0C, 0x00, 0x00,
    0x00, 0x00, 0xE3, 0xE3, 0xBF, 0xCF, 0xFF, 0xBE, 0x0F, 0xF0, 0x3F, 0x80, 0x7E, 0x01, 0xF8, 0x07,
    0xE0, 0x1F, 0x80, 0x7E, 0x01, 0xF8, 0x07, 0xE0, 0x1F, 0x80, 0x7E, 0x01, 0xF8, 0x07, 0x70, 0x00,
    0x0E, 0x00, 0x01, 0xC0, 0x00, 0x30, 0x00, 0x06, 0x00, 0x01, 0xC0, 0x00, 0x31, 0xC7, 0xC0, 0x3B,
    0xFC, 0x07, 0xFF, 0xC0, 0xF8, 0x3C, 0x1E, 0x07, 0x83, 0x80, 0x70, 0x70, 0x0E, 0x0E, 0x01, 0xC1,
    0xC0, 0x38, 0x38, 0x07, 0x07, 0x00, 0xE0, 0xE0, 0x1C, 0x1C, 0x03, 0x83, 0x80, 0x70, 0x70, 0x0E,
    0x0E, 0x01, 0xC0, 0xE3, 0xF0, 0xE7, 0xFC, 0xEF, 0xFC, 0xFC, 0x1E, 0xF8, 0x0E, 0xF0, 0x0F, 0xF0,
    0x07, 0xE0, 0x07, 0xE0, 0x07, 0xE0, 0x07, 0xE0, 0x07, 0xE0, 0x07, 0xE0, 0x07, 0xE0, 0x07, 0xE0,
    0x07, 0xE0, 0x07, 0xE0, 0x07, 0xE0, 0x07, 0xE0, 0x07, 0xE0, 0x07, 0xE0, 0x07, 0xE0, 0x07, 0x00,
    0x07, 0x00, 0x07, 0x00, 0x0F, 0x00, 0x3E, 0x00, 0x3E, 0x00, 0x3C, 0xE3, 0xE3, 0xBF, 0xCF, 0xFF,
    0xBE, 0x0F, 0xF0, 0x3F, 0x80, 0x7E, 0x01, 0xF8, 0x07, 0xE0, 0x1F, 0x80, 0x7E, 0x01, 0xF8, 0x07,
    0xE0, 0x1F, 0x80, 0x7E, 0x01, 0xF8, 0x07, 0x00, 0x1C, 0x00, 0x70, 0x01, 0xC0, 0x0F, 0x07, 0xF8,
    0x1F, 0xE0, 0x7E, 0x00, 0x03, 0xFC, 0x00, 0x3F, 0xC0, 0x03, 0xFC, 0x00, 0x00, 0x00, 0x00, 0x00,
    0x00, 0x1F, 0x80, 0x0F, 0xFF, 0x01, 0xFF, 0xF8, 0x3E, 0x07, 0xC3, 0xC0, 0x3C, 0x78, 0x01, 0xE7,
    0x00, 0x0E, 0xF0, 0x00, 0xFE, 0x00, 0x07, 0xE0, 0x00, 0x7E, 0x00, 0x07, 0xE0, 0x00, 0x7E, 0x00,
    0x07, 0xE0, 0x00, 0x7F, 0x00, 0x0F, 0x70, 0x00, 0xE7, 0x80, 0x1E, 0x3C, 0x03, 0xC3, 0xE0, 0x7C,
    0x1F, 0xFF, 0x80, 0xFF, 0xE0, 0x01, 0xFC, 0x00, 0x1F, 0xF0, 0x3F, 0xE0, 0x7F, 0xC0, 0x00, 0x00,
    0x00, 0x00, 0x00, 0x03, 0xF8, 0x0F, 0xF8, 0x3F, 0xF8, 0xF0, 0x79, 0xC0, 0x77, 0x00, 0xFE, 0x00,
    0xFC, 0x01, 0xF8, 0x03, 0xF0, 0x07, 0xE0, 0x0E, 0xE0, 0x39, 0xE0, 0xF1, 0xFF, 0xC1, 0xFF, 0x01,
    0xFC, 0x00, 0x03, 0x0C, 0x00, 0x39, 0xC0, 0x01, 0xF8, 0x00, 0x0F, 0x00, 0x00, 0x00, 0x00, 0x00,
    0x00, 0x01, 0xF8, 0x00, 0xFF, 0xF0, 0x1F, 0xFF, 0x83, 0xE0, 0x7C, 0x3C, 0x03, 0xC7, 0x80, 0x1E,
    0x70, 0x00, 0xEF, 0x00, 0x0F, 0xE0, 0x00, 0x7E, 0x00, 0x07, 0xE0, 0x00, 0x7E, 0x00, 0x07, 0xE0,
    0x00, 0x7E, 0x00, 0x07, 0xF0, 0x00, 0xF7, 0x00, 0x0E, 0x78, 0x01, 0xE3, 0xC0, 0x3C, 0x3E, 0x07,
    0xC1, 0xFF, 0xF8, 0x0F, 0xFE, 0x00, 0x1F, 0xC0, 0x18, 0x30, 0x38, 0xE0, 0x3F, 0x80, 0x3E, 0x00,
    0x00, 0x00, 0x00, 0x00, 0x00, 0x00, 0x00, 0x0F, 0xE0, 0x3F, 0xE0, 0xFF, 0xE3, 0xC1, 0xE7, 0x01,
    0xDC, 0x03, 0xF8, 0x03, 0xF0, 0x07, 0xE0, 0x0F, 0xC0, 0x1F, 0x80, 0x3B, 0x80, 0xE7, 0x83, 0xC7,
    0xFF, 0x07, 0xFC, 0x07, 0xF0, 0x00, 0xE7, 0x00, 0x1C, 0xE0, 0x03, 0x9C, 0x00, 0x31, 0x80, 0x00,
    0x00, 0x00, 0x1F, 0x80, 0x0F, 0xFF, 0x01, 0xFF, 0xF8, 0x3E, 0x07, 0xC3, 0xC0, 0x3C, 0x78, 0x01,
    0xE7, 0x00, 0x0E, 0xF0, 0x00, 0xFE, 0x00, 0x07, 0xE0, 0x00, 0x7E, 0x00, 0x07, 0xE0, 0x00, 0x7E,
    0x00, 0x07, 0xE0, 0x00, 0x7F, 0x00, 0x0F, 0x70, 0x00, 0xE7, 0x80, 0x1E, 0x3C, 0x03, 0xC3, 0xE0,
    0x7C, 0x1F, 0xFF, 0x80, 0xFF, 0xE0, 0x01, 0xFC, 0x00, 0x03, 0x9C, 0x06, 0x30, 0x1C, 0xC0, 0x33,
    0x80, 0x66, 0x01, 0x98, 0x00, 0x00, 0x00, 0x00, 0x0F, 0xE0, 0x3F, 0xE0, 0xFF, 0xE3, 0xC1, 0xE7,
    0x01, 0xDC, 0x03, 0xF8, 0x03, 0xF0, 0x07, 0xE0, 0x0F, 0xC0, 0x1F, 0x80, 0x3B, 0x80, 0xE7, 0x83,
    0xC7, 0xFF, 0x07, 0xFC, 0x07, 0xF0, 0x00, 0xFF, 0xFF, 0xF0, 0x7F, 0xFF, 0xFF, 0x0F, 0xFF, 0xFF,
    0xF3, 0xF0, 0x38, 0x00, 0x3C, 0x03, 0x80, 0x07, 0x80, 0x38, 0x00, 0x70, 0x03, 0x80, 0x0F, 0x00,
    0x38, 0x00, 0xE0, 0x03, 0x80, 0x0E, 0x00, 0x3F, 0xFE, 0xE0, 0x03, 0xFF, 0xEE, 0x00, 0x3F, 0xFE,
    0xE0, 0x03, 0x80, 0x0E, 0x00, 0x38, 0x00, 0xF0, 0x03, 0x80, 0x07, 0x00, 0x38, 0x00, 0x78, 0x03,
    0x80, 0x03, 0xC0, 0x38, 0x00, 0x3F, 0x03, 0x80, 0x01, 0xFF, 0xFF, 0xFF, 0x07, 0xFF, 0xFF, 0xF0,
    0x0F, 0xFF, 0xFF, 0x0F, 0xC0, 0x7E, 0x03, 0xFE, 0x3F, 0xF0, 0xFF, 0xEF, 0xFF, 0x3C, 0x1F, 0xC1,
    0xE7, 0x01, 0xF0, 0x1F, 0xC0, 0x3C, 0x01, 0xF8, 0x03, 0xFF, 0xFF, 0x00, 0x7F, 0xFF, 0xE0, 0x0F,
    0xFF, 0xFC, 0x01, 0xC0, 0x03, 0x80, 0x38, 0x00, 0x38, 0x0F, 0x80, 0x27, 0x83, 0xFC, 0x1C, 0x7F,
    0xF7, 0xFF, 0x87, 0xFC, 0x7F, 0xE0, 0x7E, 0x03, 0xF0, 0x01, 0x80, 0x01, 0x80, 0x01, 0xC0, 0x01,
    0xC0, 0x00, 0x00, 0x07, 0xFE, 0x03, 0xFF, 0xC1, 0xFF, 0xF0, 0xE0, 0x7C, 0x70, 0x1E, 0x38, 0x07,
    0x1C, 0x03, 0x8E, 0x01, 0xC7, 0x01, 0xE3, 0x81, 0xE1, 0xFF, 0xE0, 0xFF, 0xE0, 0x7F, 0xF8, 0x38,
    0x3C, 0x1C, 0x0F, 0x0E, 0x03, 0xC7, 0x00, 0xE3, 0x80, 0x79, 0xC0, 0x1C, 0xE0, 0x0F, 0x70, 0x03,
    0xB8, 0x01, 0xE0, 0x01, 0xC0, 0xE0, 0x70, 0x18, 0x0C, 0x07, 0x00, 0x00, 0x00, 0xE3, 0xFB, 0xFF,
    0xFF, 0xE0, 0xF0, 0x38, 0x0E, 0x03, 0x80, 0xE0, 0x38, 0x0E, 0x03, 0x80, 0xE0, 0x38, 0x0E, 0x03,
    0x80, 0xFF, 0xC0, 0x7F, 0xF8, 0x3F, 0xFE, 0x1C, 0x0F, 0x8E, 0x03, 0xC7, 0x00, 0xE3, 0x80, 0x71,
    0xC0, 0x38, 0xE0, 0x3C, 0x70, 0x3C, 0x3F, 0xFC, 0x1F, 0xFC, 0x0F, 0xFF, 0x07, 0x07, 0x83, 0x81,
    0xE1, 0xC0, 0x78, 0xE0, 0x1C, 0x70, 0x0F, 0x38, 0x03, 0x9C, 0x01, 0xEE, 0x00, 0x77, 0x00, 0x3C,
    0x00, 0x00, 0x00, 0x00, 0x00, 0x00, 0x00, 0xE0, 0x00, 0x70, 0x00, 0x30, 0x00, 0x18, 0x00, 0x18,
    0x00, 0x71, 0xEE, 0xFD, 0xFF, 0xBE, 0x07, 0x80, 0xE0, 0x1C, 0x03, 0x80, 0x70, 0x0E, 0x01, 0xC0,
    0x38, 0x07, 0x00, 0xE0, 0x1C, 0x03, 0x80, 0x00, 0x00, 0x00, 0x00, 0x38, 0x07, 0x00, 0xC0, 0x18,
    0x06, 0x00, 0x38, 0xE0, 0x0C, 0x60, 0x03, 0x60, 0x00, 0xE0, 0x00, 0x00, 0x07, 0xFE, 0x03, 0xFF,
    0xC1, 0xFF, 0xF0, 0xE0, 0x7C, 0x70, 0x1E, 0x38, 0x07, 0x1C, 0x03, 0x8E, 0x01, 0xC7, 0x01, 0xE3,
    0x81, 0xE1, 0xFF, 0xE0, 0xFF, 0xE0, 0x7F, 0xF8, 0x38, 0x3C, 0x1C, 0x0F, 0x0E, 0x03, 0xC7, 0x00,
    0xE3, 0x80, 0x79, 0xC0, 0x1C, 0xE0, 0x0F, 0x70, 0x03, 0xB8, 0x01, 0xE0, 0x61, 0x8C, 0xC3, 0x30,
    0x78, 0x1E, 0x03, 0x00, 0x00, 0x00, 0xE3, 0xFB, 0xFF, 0xFF, 0xE0, 0xF0, 0x38, 0x0E, 0x03, 0x80,
    0xE0, 0x38, 0x0E, 0x03, 0x80, 0xE0, 0x38, 0x0E, 0x03, 0x80, 0x00, 0xC0, 0x03, 0x00, 0x0E, 0x00,
    0x38, 0x00, 0x00, 0x01, 0xFE, 0x0F, 0xFF, 0x3F, 0xFE, 0x78, 0x0D, 0xE0, 0x03, 0x80, 0x07, 0x00,
    0x0E, 0x00, 0x1F, 0x00, 0x1F, 0xE0, 0x1F, 0xF8, 0x0F, 0xF8, 0x01, 0xF8, 0x00, 0x78, 0x00, 0x70,
    0x00, 0xE0, 0x01, 0xC0, 0x07, 0xE0, 0x1E, 0xFF, 0xFD, 0xFF, 0xF0, 0xFF, 0x80, 0x00, 0xE0, 0x1C,
    0x03, 0x80, 0x30, 0x06, 0x00, 0xE0, 0x00, 0x00, 0x00, 0x1F, 0xC7, 0xFE, 0xFF, 0xEF, 0x02, 0xE0,
    0x0E, 0x00, 0x7E, 0x03, 0xFC, 0x03, 0xE0, 0x0F, 0x00, 0x78, 0x07, 0xE0, 0xFF, 0xFE, 0x7F, 0xE1,
    0xF8, 0x03, 0x80, 0x0D, 0x80, 0x31, 0x80, 0xE3, 0x80, 0x00, 0x01, 0xFE, 0x0F, 0xFF, 0x3F, 0xFE,
    0x78, 0x0D, 0xE0, 0x03, 0x80, 0x07, 0x00, 0x0E, 0x00, 0x1F, 0x00, 0x1F, 0xE0, 0x1F, 0xF8, 0x0F,
    0xF8, 0x01, 0xF8, 0x00, 0x78, 0x00, 0x70, 0x00, 0xE0, 0x01, 0xC0, 0x07, 0xE0, 0x1E, 0xFF, 0xFD,
    0xFF, 0xF0, 0xFF, 0x80, 0x06, 0x00, 0xF0, 0x1F, 0x01, 0x98, 0x30, 0xC3, 0x0C, 0x00, 0x00, 0x00,
    0x1F, 0xC7, 0xFE, 0xFF, 0xEF, 0x02, 0xE0, 0x0E, 0x00, 0x7E, 0x03, 0xFC, 0x03, 0xE0, 0x0F, 0x00,
    0x78, 0x07, 0xE0, 0xFF, 0xFE, 0x7F, 0xE1, 0xF8, 0x0F, 0xF0, 0x7F, 0xF9, 0xFF, 0xF3, 0xC0, 0x6F,
    0x00, 0x1C, 0x00, 0x38, 0x00, 0x70, 0x00, 0xF8, 0x00, 0xFF, 0x00, 0xFF, 0xC0, 0x7F, 0xC0, 0x0F,
    0xC0, 0x03, 0xC0, 0x03, 0x80, 0x07, 0x00, 0x0E, 0x00, 0x3F, 0x00, 0xF7, 0xFF, 0xEF, 0xFF, 0x87,
    0xFC, 0x00, 0xE0, 0x00, 0xC0, 0x01, 0xC0, 0x03, 0x80, 0x3F, 0x00, 0x7C, 0x00, 0x1F, 0xC7, 0xFE,
    0xFF, 0xEF, 0x02, 0xE0, 0x0E, 0x00, 0x7E, 0x03, 0xFC, 0x03, 0xE0, 0x0F, 0x00, 0x78, 0x07, 0xE0,
    0xFF, 0xFE, 0x7F, 0xE1, 0xF8, 0x0E, 0x00, 0x60, 0x07, 0x00, 0x70, 0x3F, 0x03, 0xE0, 0x1C, 0x70,
    0x18, 0xC0, 0x1B, 0x00, 0x1C, 0x00, 0x00, 0x01, 0xFE, 0x0F, 0xFF, 0x3F, 0xFE, 0x78, 0x0D, 0xE0,
    0x03, 0x80, 0x07, 0x00, 0x0E, 0x00, 0x1F, 0x00, 0x1F, 0xE0, 0x1F, 0xF8, 0x0F, 0xF8, 0x01, 0xF8,
    0x00, 0x78, 0x00, 0x70, 0x00, 0xE0, 0x01, 0xC0, 0x07, 0xE0, 0x1E, 0xFF, 0xFD, 0xFF, 0xF0, 0xFF,
    0x80, 0x30, 0xC3, 0x0C, 0x19, 0x80, 0xF8, 0x0F, 0x00, 0x60, 0x00, 0x00, 0x00, 0x1F, 0xC7, 0xFE,
    0xFF, 0xEF, 0x02, 0xE0, 0x0E, 0x00, 0x7E, 0x03, 0xFC, 0x03, 0xE0, 0x0F, 0x00, 0x78, 0x07, 0xE0,
    0xFF, 0xFE, 0x7F, 0xE1, 0xF8, 0xFF, 0xFF, 0xFF, 0xFF, 0xFF, 0xFF, 0xFF, 0x80, 0x70, 0x00, 0x0E,
    0x00, 0x01, 0xC0, 0x00, 0x38, 0x00, 0x07, 0x00, 0x00, 0xE0, 0x00, 0x1C, 0x00, 0x03, 0x80, 0x00,
    0x70, 0x00, 0x0E, 0x00, 0x01, 0xC0, 0x00, 0x38, 0x00, 0x07, 0x00, 0x00, 0xE0, 0x00, 0x1C, 0x00,
    0x03, 0x80, 0x00, 0x70, 0x00, 0x0E, 0x00, 0x01, 0xC0, 0x00, 0x70, 0x00, 0x06, 0x00, 0x00, 0xE0,
    0x00, 0x1C, 0x00, 0x1F, 0x80, 0x03, 0xE0, 0x00, 0x38, 0x07, 0x00, 0xE0, 0x1C, 0x03, 0x81, 0xFF,
    0xFF, 0xFF, 0xFF, 0x38, 0x07, 0x00, 0xE0, 0x1C, 0x03, 0x80, 0x70, 0x0E, 0x01, 0xC0, 0x38, 0x07,
    0x80, 0xFF, 0x8F, 0xF0, 0xFE, 0x0E, 0x00, 0xC0, 0x1C, 0x03, 0x83, 0xF0, 0x7C, 0x00, 0x07, 0x1C,
    0x00, 0x63, 0x00, 0x06, 0xC0, 0x00, 0x70, 0x00, 0x00, 0x01, 0xFF, 0xFF, 0xFF, 0xFF, 0xFF, 0xFF,
    0xFF, 0x00, 0xE0, 0x00, 0x1C, 0x00, 0x03, 0x80, 0x00, 0x70, 0x00, 0x0E, 0x00, 0x01, 0xC0, 0x00,
    0x38, 0x00, 0x07, 0x00, 0x00, 0xE0, 0x00, 0x1C, 0x00, 0x03, 0x80, 0x00, 0x70, 0x00, 0x0E, 0x00,
    0x01, 0xC0, 0x00, 0x38, 0x00, 0x07, 0x00, 0x00, 0xE0, 0x00, 0x1C, 0x00, 0x03, 0x80, 0x00, 0x01,
    0xC0, 0x38, 0x06, 0x01, 0xC3, 0xB8, 0x76, 0x0E, 0x01, 0xC0, 0x38, 0x1F, 0xFF, 0xFF, 0xFF, 0xF3,
    0x80, 0x70, 0x0E, 0x01, 0xC0, 0x38, 0x07, 0x00, 0xE0, 0x1C, 0x03, 0x80, 0x78, 0x0F, 0xF8, 0xFF,
    0x0F, 0xE0, 0xFF, 0xFF, 0xFF, 0xFF, 0xFF, 0xFF, 0xFF, 0x80, 0x70, 0x00, 0x0E, 0x00, 0x01, 0xC0,
    0x00, 0x38, 0x00, 0x07, 0x00, 0x00, 0xE0, 0x00, 0x1C, 0x00, 0x03, 0x80, 0x07, 0xFF, 0x00, 0xFF,
    0xE0, 0x1F, 0xFC, 0x00, 0x38, 0x00, 0x07, 0x00, 0x00, 0xE0, 0x00, 0x1C, 0x00, 0x03, 0x80, 0x00,
    0x70, 0x00, 0x0E, 0x00, 0x01, 0xC0, 0x00, 0x38, 0x07, 0x00, 0xE0, 0x1C, 0x03, 0x81, 0xFF, 0xFF,
    0xFF, 0xFF, 0x38, 0x07, 0x00, 0xE0, 0x7F, 0xFF, 0xFF, 0xFF, 0xCE, 0x01, 0xC0, 0x38, 0x07, 0x00,
    0xFF, 0x8F, 0xF0, 0xFE, 0x07, 0x98, 0x07, 0xFC, 0x03, 0x3C, 0x00, 0x00, 0x00, 0x00, 0x07, 0x00,
    0x1F, 0x80, 0x0F, 0xC0, 0x07, 0xE0, 0x03, 0xF0, 0x01, 0xF8, 0x00, 0xFC, 0x00, 0x7E, 0x00, 0x3F,
    0x00, 0x1F, 0x80, 0x0F, 0xC0, 0x07, 0xE0, 0x03, 0xF0, 0x01, 0xF8, 0x00, 0xFC, 0x00, 0x7E, 0x00,
    0x3F, 0x80, 0x3D, 0xC0, 0x1C, 0xF8, 0x3E, 0x3F, 0xFE, 0x0F, 0xFE, 0x01, 0xFC, 0x00, 0x1E, 0x30,
    0x7C, 0xC3, 0x3E, 0x0C, 0x78, 0x00, 0x00, 0x00, 0x00, 0x00, 0x38, 0x07, 0xE0, 0x1F, 0x80, 0x7E,
    0x01, 0xF8, 0x07, 0xE0, 0x1F, 0x80, 0x7E, 0x01, 0xF8, 0x07, 0xE0, 0x1F, 0x80, 0x7E, 0x03, 0xFC,
    0x1F, 0x7F, 0xFC, 0xFF, 0x71, 0xF1, 0xC0, 0x0F, 0xF8, 0x07, 0xFC, 0x03, 0xFE, 0x00, 0x00, 0x00,
    0x00, 0x07, 0x00, 0x1F, 0x80, 0x0F, 0xC0, 0x07, 0xE0, 0x03, 0xF0, 0x01, 0xF8, 0x00, 0xFC, 0x00,
    0x7E, 0x00, 0x3F, 0x00, 0x1F, 0x80, 0x0F, 0xC0, 0x07, 0xE0, 0x03, 0xF0, 0x01, 0xF8, 0x00, 0xFC,
    0x00, 0x7E, 0x00, 0x3F, 0x80, 0x3D, 0xC0, 0x1C, 0xF8, 0x3E, 0x3F, 0xFE, 0x0F, 0xFE, 0x01, 0xFC,
    0x00, 0x3F, 0xF0, 0xFF, 0xC3, 0xFF, 0x00, 0x00, 0x00, 0x00, 0x00, 0x0E, 0x01, 0xF8, 0x07, 0xE0,
    0x1F, 0x80, 0x7E, 0x01, 0xF8, 0x07, 0xE0, 0x1F, 0x80, 0x7E, 0x01, 0xF8, 0x07, 0xE0, 0x1F, 0x80,
    0xFF, 0x07, 0xDF, 0xFF, 0x3F, 0xDC, 0x7C, 0x70, 0x0C, 0x18, 0x07, 0x1C, 0x01, 0xFC, 0x00, 0x7C,
    0x00, 0x00, 0x00, 0x00, 0x03, 0x80, 0x0F, 0xC0, 0x07, 0xE0, 0x03, 0xF0, 0x01, 0xF8, 0x00, 0xFC,
    0x00, 0x7E, 0x00, 0x3F, 0x00, 0x1F, 0x80, 0x0F, 0xC0, 0x07, 0xE0, 0x03, 0xF0, 0x01, 0xF8, 0x00,
    0xFC, 0x00, 0x7E, 0x00, 0x3F, 0x00, 0x1F, 0xC0, 0x1E, 0xE0, 0x0E, 0x7C, 0x1F, 0x1F, 0xFF, 0x07,
    0xFF, 0x00, 0xFE, 0x00, 0x30, 0x30, 0xE1, 0xC1, 0xFE, 0x03, 0xF0, 0x00, 0x00, 0x00, 0x00, 0x00,
    0x00, 0x00, 0xE0, 0x1F, 0x80, 0x7E, 0x01, 0xF8, 0x07, 0xE0, 0x1F, 0x80, 0x7E, 0x01, 0xF8, 0x07,
    0xE0, 0x1F, 0x80, 0x7E, 0x01, 0xF8, 0x0F, 0xF0, 0x7D, 0xFF, 0xF3, 0xFD, 0xC7, 0xC7, 0x03, 0xC0,
    0x03, 0xF0, 0x03, 0x9C, 0x01, 0x86, 0x00, 0xC3, 0x00, 0x73, 0x83, 0x9F, 0x8F, 0xC7, 0x87, 0xE0,
    0x03, 0xF0, 0x01, 0xF8, 0x00, 0xFC, 0x00, 0x7E, 0x00, 0x3F, 0x00, 0x1F, 0x80, 0x0F, 0xC0, 0x07,
    0xE0, 0x03, 0xF0, 0x01, 0xF8, 0x00, 0xFC, 0x00, 0x7E, 0x00, 0x3F, 0x00, 0x1F, 0xC0, 0x1E, 0xE0,
    0x0E, 0x7C, 0x1F, 0x1F, 0xFF, 0x07, 0xFF, 0x00, 0xFE, 0x00, 0x0F, 0x00, 0x7E, 0x03, 0x9C, 0x0C,
    0x30, 0x30, 0xC0, 0xE7, 0x01, 0xF8, 0x03, 0xC0, 0x00, 0x03, 0x80, 0x7E, 0x01, 0xF8, 0x07, 0xE0,
    0x1F, 0x80, 0x7E, 0x01, 0xF8, 0x07, 0xE0, 0x1F, 0x80, 0x7E, 0x01, 0xF8, 0x07, 0xE0, 0x3F, 0xC1,
    0xF7, 0xFF, 0xCF, 0xF7, 0x1F, 0x1C, 0x03, 0x9C, 0x03, 0x9C, 0x03, 0x9C, 0x01, 0x8C, 0x00, 0x00,
    0x07, 0x00, 0x1F, 0x80, 0x0F, 0xC0, 0x07, 0xE0, 0x03, 0xF0, 0x01, 0xF8, 0x00, 0xFC, 0x00, 0x7E,
    0x00, 0x3F, 0x00, 0x1F, 0x80, 0x0F, 0xC0, 0x07, 0xE0, 0x03, 0xF0, 0x01, 0xF8, 0x00, 0xFC, 0x00,
    0x7E, 0x00, 0x3F, 0x80, 0x3D, 0xC0, 0x1C, 0xF8, 0x3E, 0x3F, 0xFE, 0x0F, 0xFE, 0x01, 0xFC, 0x00,
    0x03, 0x9C, 0x0C, 0x60, 0x73, 0x01, 0x9C, 0x06, 0x60, 0x33, 0x00, 0x00, 0x00, 0x00, 0xE0, 0x1F,
    0x80, 0x7E, 0x01, 0xF8, 0x07, 0xE0, 0x1F, 0x80, 0x7E, 0x01, 0xF8, 0x07, 0xE0, 0x1F, 0x80, 0x7E,
    0x01, 0xF8, 0x0F, 0xF0, 0x7D, 0xFF, 0xF3, 0xFD, 0xC7, 0xC7, 0xE0, 0x03, 0xF0, 0x01, 0xF8, 0x00,
    0xFC, 0x00, 0x7E, 0x00, 0x3F, 0x00, 0x1F, 0x80, 0x0F, 0xC0, 0x07, 0xE0, 0x03, 0xF0, 0x01, 0xF8,
    0x00, 0xFC, 0x00, 0x7E, 0x00, 0x3F, 0x00, 0x1F, 0x80, 0x0F, 0xC0, 0x07, 0xF0, 0x07, 0xB8, 0x03,
    0x9F, 0x07, 0xC7, 0xFF, 0xC1, 0xFF, 0xC0, 0x3F, 0x80, 0x07, 0x00, 0x03, 0x00, 0x03, 0x80, 0x01,
    0xC0, 0x00, 0xF8, 0x00, 0x3C, 0x00, 0xE0, 0x1D, 0xC0, 0x3B, 0x80, 0x77, 0x00, 0xEE, 0x01, 0xDC,
    0x03, 0xB8, 0x07, 0x70, 0x0E, 0xE0, 0x1D, 0xC0, 0x3B, 0x80, 0x77, 0x01, 0xEF, 0x07, 0xCF, 0xFF,
    0x8F, 0xF7, 0x0F, 0x8E, 0x00, 0x1C, 0x00, 0x30, 0x00, 0xE0, 0x01, 0xC0, 0x03, 0xE0, 0x03, 0xC0,
    0x00, 0x0F, 0x00, 0x00, 0x00, 0xF0, 0x00, 0x00, 0x19, 0x80, 0x00, 0x03, 0x0C, 0x00, 0x00, 0x00,
    0x00, 0x00, 0x00, 0x00, 0x00, 0xE0, 0x06, 0x00, 0x7E, 0x00, 0xF0, 0x07, 0x70, 0x0F, 0x00, 0xE7,
    0x00, 0xF0, 0x0E, 0x70, 0x0F, 0x00, 0xE7, 0x01, 0x98, 0x1E, 0x38, 0x19, 0x81, 0xC3, 0x81, 0x98,
    0x1C, 0x38, 0x19, 0x81, 0xC3, 0x83, 0x0C, 0x3C, 0x1C, 0x30, 0xC3, 0x81, 0xC3, 0x0C, 0x38, 0x1C,
    0x30, 0xC3, 0x81, 0xE6, 0x06, 0x78, 0x0E, 0x60, 0x67, 0x00, 0xE6, 0x06, 0x70, 0x0E, 0x60, 0x67,
    0x00, 0xFC, 0x03, 0xF0, 0x07, 0xC0, 0x3E, 0x00, 0x7C, 0x03, 0xE0, 0x07, 0xC0, 0x3E, 0x00, 0x78,
    0x01, 0xE0, 0x00, 0x38, 0x00, 0x00, 0xE0, 0x00, 0x06, 0xC0, 0x00, 0x3B, 0x80, 0x00, 0xC6, 0x00,
    0x06, 0x0C, 0x00, 0x00, 0x00, 0x00, 0x00, 0x00, 0xE0, 0x30, 0x1F, 0xC1, 0xE0, 0xF7, 0x07, 0x83,
    0x9C, 0x1E, 0x0E, 0x70, 0xFC, 0x39, 0xE3, 0x31, 0xE3, 0x8C, 0xC7, 0x0E, 0x33, 0x1C, 0x39, 0xC6,
    0x70, 0x76, 0x1B, 0x81, 0xD8, 0x6E, 0x07, 0x61, 0xB8, 0x1F, 0x03, 0xE0, 0x3C, 0x0F, 0x00, 0xF0,
    0x3C, 0x03, 0xC0, 0xF0, 0x00, 0xE0, 0x00, 0x36, 0x00, 0x0C, 0x60, 0x03, 0x8E, 0x00, 0x00, 0x00,
    0x00, 0x00, 0x3C, 0x00, 0x7B, 0xC0, 0x1E, 0x38, 0x03, 0x87, 0x80, 0xF0, 0x78, 0x3C, 0x07, 0x07,
    0x00, 0x71, 0xE0, 0x0F, 0x78, 0x00, 0xFE, 0x00, 0x0F, 0x80, 0x01, 0xF0, 0x00, 0x1C, 0x00, 0x03,
    0x80, 0x00, 0x70, 0x00, 0x0E, 0x00, 0x01, 0xC0, 0x00, 0x38, 0x00, 0x07, 0x00, 0x00, 0xE0, 0x00,
    0x1C, 0x00, 0x03, 0x80, 0x00, 0x70, 0x00, 0x01, 0x80, 0x03, 0xC0, 0x03, 0xC0, 0x06, 0x60, 0x06,
    0x60, 0x0C, 0x30, 0x00, 0x00, 0x00, 0x00, 0xE0, 0x0F, 0x70, 0x0E, 0x70, 0x0E, 0x78, 0x1C, 0x38,
    0x1C, 0x38, 0x3C, 0x1C, 0x38, 0x1C, 0x78, 0x1E, 0x70, 0x0E, 0xF0, 0x0F, 0xE0, 0x07, 0xE0, 0x07,
    0xC0, 0x03, 0xC0, 0x03, 0xC0, 0x03, 0x80, 0x07, 0x80, 0x07, 0x00, 0x0F, 0x00, 0x7E, 0x00, 0x7E,
    0x00, 0x78, 0x00, 0x07, 0x1C, 0x00, 0xE3, 0x80, 0x1C, 0x70, 0x00, 0x00, 0x00, 0x00, 0x01, 0xE0,
    0x03, 0xDE, 0x00, 0xF1, 0xC0, 0x1C, 0x3C, 0x07, 0x83, 0xC1, 0xE0, 0x38, 0x38, 0x03, 0x8F, 0x00,
    0x7B, 0xC0, 0x07, 0xF0, 0x00, 0x7C, 0x00, 0x0F, 0x80, 0x00, 0xE0, 0x00, 0x1C, 0x00, 0x03, 0x80,
    0x00, 0x70, 0x00, 0x0E, 0x00, 0x01, 0xC0, 0x00, 0x38, 0x00, 0x07, 0x00, 0x00, 0xE0, 0x00, 0x1C,
    0x00, 0x03, 0x80, 0x00, 0x00, 0x60, 0x00, 0x30, 0x00, 0x1C, 0x00, 0x0E, 0x00, 0x00, 0x00, 0x3F,
    0xFF, 0xFF, 0xFF, 0xFF, 0xFF, 0xFF, 0x00, 0x07, 0x80, 0x03, 0xC0, 0x01, 0xE0, 0x00, 0x78, 0x00,
    0x3C, 0x00, 0x1E, 0x00, 0x0F, 0x00, 0x07, 0x80, 0x01, 0xE0, 0x00, 0xF0, 0x00, 0x78, 0x00, 0x3C,
    0x00, 0x1E, 0x00, 0x07, 0x00, 0x03, 0xC0, 0x01, 0xE0, 0x00, 0xFF, 0xFF, 0xFF, 0xFF, 0xFF, 0xFF,
    0xFC, 0x00, 0x70, 0x07, 0x00, 0x70, 0x03, 0x00, 0x30, 0x03, 0x80, 0x00, 0x00, 0x00, 0xFF, 0xFF,
    0xFF, 0xFF, 0xFE, 0x01, 0xE0, 0x1E, 0x00, 0xF0, 0x0F, 0x00, 0xF0, 0x0F, 0x00, 0xF0, 0x07, 0x80,
    0x78, 0x07, 0x80, 0x7F, 0xFF, 0xFF, 0xFF, 0xFF, 0x00, 0xE0, 0x00, 0x38, 0x00, 0x0E, 0x00, 0x00,
    0x00, 0x00, 0x00, 0x3F, 0xFF, 0xFF, 0xFF, 0xFF, 0xFF, 0xFF, 0x00, 0x07, 0x80, 0x03, 0xC0, 0x01,
    0xE0, 0x00, 0x78, 0x00, 0x3C, 0x00, 0x1E, 0x00, 0x0F, 0x00, 0x07, 0x80, 0x01, 0xE0, 0x00, 0xF0,
    0x00, 0x78, 0x00, 0x3C, 0x00, 0x1E, 0x00, 0x07, 0x00, 0x03, 0xC0, 0x01, 0xE0, 0x00, 0xFF, 0xFF,
    0xFF, 0xFF, 0xFF, 0xFF, 0xFC, 0x07, 0x00, 0x38, 0x01, 0xC0, 0x00, 0x00, 0x00, 0x00, 0x00, 0x00,
    0x1F, 0xFF, 0xFF, 0xFF, 0xFF, 0xC0, 0x3C, 0x03, 0xC0, 0x1E, 0x01, 0xE0, 0x1E, 0x01, 0xE0, 0x1E,
    0x00, 0xF0, 0x0F, 0x00, 0xF0, 0x0F, 0xFF, 0xFF, 0xFF, 0xFF, 0xE0, 0x07, 0x1C, 0x00, 0xC6, 0x00,
    0x1B, 0x00, 0x03, 0x80, 0x00, 0x00, 0x3F, 0xFF, 0xFF, 0xFF, 0xFF, 0xFF, 0xFF, 0x00, 0x07, 0x80,
    0x03, 0xC0, 0x01, 0xE0, 0x00, 0x78, 0x00, 0x3C, 0x00, 0x1E, 0x00, 0x0F, 0x00, 0x07, 0x80, 0x01,
    0xE0, 0x00, 0xF0, 0x00, 0x78, 0x00, 0x3C, 0x00, 0x1E, 0x00, 0x07, 0x00, 0x03, 0xC0, 0x01, 0xE0,
    0x00, 0xFF, 0xFF, 0xFF, 0xFF, 0xFF, 0xFF, 0xFC, 0x30, 0x60, 0xC6, 0x07, 0x70, 0x1B, 0x00, 0x70,
    0x03, 0x80, 0x00, 0x00, 0x00, 0xFF, 0xFF, 0xFF, 0xFF, 0xFE, 0x01, 0xE0, 0x1E, 0x00, 0xF0, 0x0F,
    0x00, 0xF0, 0x0F, 0x00, 0xF0, 0x07, 0x80, 0x78, 0x07, 0x80, 0x7F, 0xFF, 0xFF, 0xFF, 0xFF, 0x03,
    0xE1, 0xFC, 0x3F, 0x8F, 0x01, 0xC0, 0x38, 0x07, 0x07, 0xE0, 0xFC, 0x1F, 0x80, 0x70, 0x0E, 0x01,
    0xC0, 0x38, 0x07, 0x00, 0xE0, 0x1C, 0x03, 0x80, 0x70, 0x0E, 0x01, 0xC0, 0x38, 0x07, 0x00, 0x0E,
    0x00, 0x1C, 0x00, 0x38, 0x00, 0x60, 0x00, 0x03, 0xFF, 0xFF, 0xFF, 0xFF, 0xFF, 0xE0, 0x03, 0x80,
    0x0E, 0x00, 0x38, 0x00, 0xE0, 0x03, 0x80, 0x0F, 0xFF, 0xBF, 0xFE, 0xFF, 0xFB, 0x80, 0x0E, 0x00,
    0x38, 0x00, 0xE0, 0x03, 0x80, 0x0E, 0x00, 0x38, 0x00, 0xFF, 0xFF, 0xFF, 0xFF, 0xFF, 0xC0, 0x38,
    0x70, 0xE1, 0xC3, 0x87, 0x00, 0x00, 0x00, 0x03, 0xFF, 0xFF, 0xFF, 0xFF, 0xFF, 0xE0, 0x03, 0x80,
    0x0E, 0x00, 0x38, 0x00, 0xE0, 0x03, 0x80, 0x0F, 0xFF, 0xBF, 0xFE, 0xFF, 0xFB, 0x80, 0x0E, 0x00,
    0x38, 0x00, 0xE0, 0x03, 0x80, 0x0E, 0x00, 0x38, 0x00, 0xFF, 0xFF, 0xFF, 0xFF, 0xFF, 0xC0, 0xFF,
    0xFF, 0x87, 0xFF, 0xFC, 0x3F, 0xFF, 0xE0, 0x07, 0x00, 0x00, 0x38, 0x00, 0x01, 0xC0, 0x00, 0x0E,
    0x00, 0x00, 0x70, 0x00, 0x03, 0x80, 0x00, 0x1F, 0xFE, 0x00, 0xFF, 0xF8, 0x07, 0xFF, 0xE0, 0x38,
    0x0F, 0x01, 0xC0, 0x3C, 0x0E, 0x00, 0xE0, 0x70, 0x07, 0x03, 0x80, 0x38, 0x1C, 0x01, 0xC0, 0xE0,
    0x0E, 0x07, 0x00, 0x70, 0x38, 0x03, 0x81, 0xC0, 0x1C, 0x00, 0x00, 0xE0, 0x00, 0x0F, 0x00, 0x00,
    0xF0, 0x00, 0x3F, 0x80, 0x01, 0xF8, 0x00, 0x0F, 0x80, 0x00, 0xC0, 0x06, 0x00, 0x38, 0x01, 0xC0,
    0x00, 0x03, 0xFF, 0xFF, 0xFF, 0xFF, 0xFF, 0xE0, 0x03, 0x80, 0x0E, 0x00, 0x38, 0x00, 0xE0, 0x03,
    0x80, 0x0E, 0x00, 0x38, 0x00, 0xE0, 0x03, 0x80, 0x0E, 0x00, 0x38, 0x00, 0xE0, 0x03, 0x80, 0x0E,
    0x00, 0x38, 0x00, 0xE0, 0x03, 0x80, 0x0E, 0x00, 0x00, 0x01, 0xFE, 0x01, 0xFF, 0xE1, 0xFF, 0xFC,
    0xF8, 0x07, 0x38, 0x00, 0x5C, 0x00, 0x07, 0x00, 0x03, 0x80, 0x00, 0xE0, 0x00, 0x3F, 0xFF, 0x8F,
    0xFF, 0xE3, 0xFF, 0xF8, 0xE0, 0x00, 0x38, 0x00, 0x0F, 0x00, 0x01, 0xC0, 0x00, 0x78, 0x00, 0x0F,
    0x00, 0x13, 0xE0, 0x1C, 0x7F, 0xFF, 0x07, 0xFF, 0x80, 0x7F, 0x80, 0x0F, 0xF0, 0x7F, 0xF9, 0xFF,
    0xF3, 0xC0, 0x6F, 0x00, 0x1C, 0x00, 0x38, 0x00, 0x70, 0x00, 0xF8, 0x00, 0xFF, 0x00, 0xFF, 0xC0,
    0x7F, 0xC0, 0x0F, 0xC0, 0x03, 0xC0, 0x03, 0x80, 0x07, 0x00, 0x0E, 0x00, 0x3F, 0x00, 0xF7, 0xFF,
    0xEF, 0xFF, 0x87, 0xFC, 0x00, 0xFF, 0xFF, 0xFF, 0xFF, 0xFF, 0xFF, 0xFF, 0xFF, 0xC0, 0xE3, 0xF1,
    0xF8, 0xE0, 0x00, 0x00, 0xE0, 0x70, 0x38, 0x1C, 0x0E, 0x07, 0x03, 0x81, 0xC0, 0xE0, 0x70, 0x38,
    0x1C, 0x0E, 0x07, 0x03, 0x81, 0xC0, 0xE0, 0x70, 0x38, 0x1C, 0x0E, 0x07, 0x00, 0x07, 0x07, 0x07,
    0x07, 0x07, 0x07, 0x07, 0x07, 0x07, 0x07, 0x07, 0x07, 0x07, 0x07, 0x07, 0x07, 0x07, 0x07, 0x07,
    0x07, 0x07, 0x07, 0x07, 0x0F, 0x1E, 0xFE, 0xFC, 0xF0, 0x07, 0xFF, 0xC0, 0x00, 0x3F, 0xFE, 0x00,
    0x01, 0xFF, 0xF0, 0x00, 0x0E, 0x03, 0x80, 0x00, 0x70, 0x1C, 0x00, 0x03, 0x80, 0xE0, 0x00, 0x1C,
    0x07, 0x00, 0x00, 0xE0, 0x38, 0x00, 0x07, 0x01, 0xC0, 0x00, 0x38, 0x0F, 0xFC, 0x01, 0xC0, 0x7F,
    0xF8, 0x0E, 0x03, 0xFF, 0xE0, 0x70, 0x1C, 0x0F, 0x07, 0x80, 0xE0, 0x3C, 0x38, 0x07, 0x00, 0xE1,
    0xC0, 0x38, 0x07, 0x1E, 0x01, 0xC0, 0x38, 0xF0, 0x0E, 0x03, 0xDF, 0x00, 0x70, 0x3D, 0xF0, 0x03,
    0xFF, 0xEF, 0x00, 0x1F, 0xFE, 0x60, 0x00, 0xFF, 0xC0, 0xE0, 0x0E, 0x00, 0x38, 0x03, 0x80, 0x0E,
    0x00, 0xE0, 0x03, 0x80, 0x38, 0x00, 0xE0, 0x0E, 0x00, 0x38, 0x03, 0x80, 0x0E, 0x00, 0xE0, 0x03,
    0x80, 0x38, 0x00, 0xE0, 0x0E, 0x00, 0x3F, 0xFF, 0xFF, 0x0F, 0xFF, 0xFF, 0xF3, 0xFF, 0xFF, 0xFE,
    0xE0, 0x0E, 0x07, 0xB8, 0x03, 0x80, 0xFE, 0x00, 0xE0, 0x1F, 0x80, 0x38, 0x07, 0xE0, 0x0E, 0x01,
    0xF8, 0x03, 0x80, 0xFE, 0x00, 0xE0, 0x7B, 0x80, 0x3F, 0xFE, 0xE0, 0x0F, 0xFF, 0x38, 0x03, 0xFF,
    0x00, 0xFF, 0xFF, 0x87, 0xFF, 0xFC, 0x3F, 0xFF, 0xE0, 0x07, 0x00, 0x00, 0x38, 0x00, 0x01, 0xC0,
    0x00, 0x0E, 0x00, 0x00, 0x70, 0x00, 0x03, 0x80, 0x00, 0x1F, 0xFE, 0x00, 0xFF, 0xF8, 0x07, 0xFF,
    0xE0, 0x38, 0x0F, 0x01, 0xC0, 0x3C, 0x0E, 0x00, 0xE0, 0x70, 0x07, 0x03, 0x80, 0x38, 0x1C, 0x01,
    0xC0, 0xE0, 0x0E, 0x07, 0x00, 0x70, 0x38, 0x03, 0x81, 0xC0, 0x1C, 0x00, 0xC0, 0x00, 0x60, 0x00,
    0x38, 0x00, 0x1C, 0x00, 0x00, 0x00, 0x38, 0x01, 0xFE, 0x00, 0xF3, 0x80, 0x78, 0xE0, 0x3C, 0x38,
    0x1E, 0x0E, 0x0F, 0x03, 0x87, 0x80, 0xE3, 0xC0, 0x39, 0xE0, 0x0E, 0xFC, 0x03, 0xFF, 0x00, 0xFD,
    0xE0, 0x3E, 0x3C, 0x0F, 0x07, 0x03, 0x81, 0xE0, 0xE0, 0x3C, 0x38, 0x07, 0x0E, 0x01, 0xE3, 0x80,
    0x3C, 0xE0, 0x07, 0x38, 0x01, 0xEE, 0x00, 0x3C, 0x0E, 0x00, 0x03, 0x80, 0x00, 0xE0, 0x00, 0x30,
    0x00, 0x00, 0x07, 0x00, 0x3F, 0x80, 0x3F, 0xC0, 0x3F, 0xE0, 0x1F, 0xF0, 0x1F, 0xF8, 0x0E, 0xFC,
    0x0F, 0x7E, 0x07, 0x3F, 0x07, 0x9F, 0x83, 0x8F, 0xC3, 0x87, 0xE3, 0xC3, 0xF1, 0xC1, 0xF9, 0xE0,
    0xFC, 0xE0, 0x7E, 0xF0, 0x3F, 0x70, 0x1F, 0xF8, 0x0F, 0xF8, 0x07, 0xFC, 0x03, 0xFC, 0x01, 0xFC,
    0x00, 0xE0, 0x0C, 0x18, 0x07, 0x1C, 0x01, 0xFC, 0x00, 0x7C, 0x00, 0x00, 0x00, 0x00, 0x03, 0x80,
    0x0E, 0xE0, 0x0E, 0x70, 0x07, 0x3C, 0x07, 0x8E, 0x03, 0x87, 0x83, 0xC1, 0xC1, 0xC0, 0xE0, 0xE0,
    0x78, 0xE0, 0x1C, 0x70, 0x0F, 0x78, 0x03, 0xB8, 0x01, 0xFC, 0x00, 0x7C, 0x00, 0x3E, 0x00, 0x1E,
    0x00, 0x07, 0x00, 0x07, 0x80, 0x07, 0x80, 0x1F, 0xC0, 0x0F, 0xC0, 0x07, 0xC0, 0x00, 0xE0, 0x03,
    0xF0, 0x01, 0xF8, 0x00, 0xFC, 0x00, 0x7E, 0x00, 0x3F, 0x00, 0x1F, 0x80, 0x0F, 0xC0, 0x07, 0xE0,
    0x03, 0xF0, 0x01, 0xF8, 0x00, 0xFC, 0x00, 0x7E, 0x00, 0x3F, 0x00, 0x1F, 0x80, 0x0F, 0xC0, 0x07,
    0xE0, 0x03, 0xF0, 0x01, 0xF8, 0x00, 0xFF, 0xFF, 0xFF, 0xFF, 0xFF, 0xFF, 0xFC, 0x07, 0x00, 0x03,
    0x80, 0x01, 0xC0, 0x00, 0xE0, 0x00, 0x70, 0x00, 0x00, 0xF0, 0x00, 0x0F, 0x00, 0x01, 0xF8, 0x00,
    0x1F, 0x80, 0x01, 0xF8, 0x00, 0x39, 0xC0, 0x03, 0x9C, 0x00, 0x79, 0xE0, 0x07, 0x0E, 0x00, 0x70,
    0xE0, 0x0F, 0x0F, 0x00, 0xE0, 0x70, 0x0E, 0x07, 0x01, 0xC0, 0x38, 0x1F, 0xFF, 0x83, 0xFF, 0xFC,
    0x3F, 0xFF, 0xC3, 0x80, 0x1C, 0x78, 0x01, 0xE7, 0x00, 0x0E, 0x70, 0x00, 0xEE, 0x00, 0x07, 0xFF,
    0xFC, 0xFF, 0xFC, 0xFF, 0xFC, 0xE0, 0x00, 0xE0, 0x00, 0xE0, 0x00, 0xE0, 0x00, 0xE0, 0x00, 0xE0,
    0x00, 0xFF, 0xF0, 0xFF, 0xFC, 0xFF, 0xFE, 0xE0, 0x1E, 0xE0, 0x0F, 0xE0, 0x07, 0xE0, 0x07, 0xE0,
    0x07, 0xE0, 0x0F, 0xE0, 0x1E, 0xFF, 0xFE, 0xFF, 0xFC, 0xFF, 0xF0, 0xFF, 0xE0, 0xFF, 0xF8, 0xFF,
    0xFC, 0xE0, 0x3E, 0xE0, 0x0E, 0xE0, 0x0E, 0xE0, 0x0E, 0xE0, 0x0E, 0xE0, 0x3C, 0xFF, 0xF8, 0xFF,
    0xF0, 0xFF, 0xFC, 0xE0, 0x1E, 0xE0, 0x0F, 0xE0, 0x07, 0xE0, 0x07, 0xE0, 0x07, 0xE0, 0x0F, 0xE0,
    0x1E, 0xFF, 0xFE, 0xFF, 0xFC, 0xFF, 0xF0, 0xFF, 0xFF, 0xFF, 0xFF, 0xFF, 0xF8, 0x00, 0xE0, 0x03,
    0x80, 0x0E, 0x00, 0x38, 0x00, 0xE0, 0x03, 0x80, 0x0E, 0x00, 0x38, 0x00, 0xE0, 0x03, 0x80, 0x0E,
    0x00, 0x38, 0x00, 0xE0, 0x03, 0x80, 0x0E, 0x00, 0x38, 0x00, 0xE0, 0x03, 0x80, 0x00, 0x07, 0xFF,
    0x80, 0x7F, 0xF8, 0x07, 0xFF, 0x80, 0x70, 0x38, 0x07, 0x03, 0x80, 0x70, 0x38, 0x07, 0x03, 0x80,
    0x70, 0x38, 0x07, 0x03, 0x80, 0x70, 0x38, 0x07, 0x03, 0x80, 0x70, 0x38, 0x0F, 0x03, 0x80, 0xE0,
    0x38, 0x0E, 0x03, 0x80, 0xE0, 0x38, 0x0E, 0x03, 0x81, 0xC0, 0x38, 0x3C, 0x03, 0x8F, 0xFF, 0xFF,
    0xFF, 0xFF, 0xFF, 0xFF, 0xFF, 0xE0, 0x00, 0x7E, 0x00, 0x07, 0xE0, 0x00, 0x7E, 0x00, 0x07, 0xE0,
    0x00, 0x70, 0xFF, 0xFF, 0xFF, 0xFF, 0xFF, 0xF8, 0x00, 0xE0, 0x03, 0x80, 0x0E, 0x00, 0x38, 0x00,
    0xE0, 0x03, 0xFF, 0xEF, 0xFF, 0xBF, 0xFE, 0xE0, 0x03, 0x80, 0x0E, 0x00, 0x38, 0x00, 0xE0, 0x03,
    0x80, 0x0E, 0x00, 0x3F, 0xFF, 0xFF, 0xFF, 0xFF, 0xF0, 0x78, 0x03, 0x80, 0x3C, 0x78, 0x07, 0x00,
    0xF0, 0x78, 0x0E, 0x03, 0xC0, 0x78, 0x1C, 0x0F, 0x00, 0x78, 0x38, 0x3C, 0x00, 0x78, 0x70, 0xF0,
    0x00, 0x78, 0xE3, 0xC0, 0x00, 0x79, 0xCF, 0x00, 0x00, 0xF3, 0x9E, 0x00, 0x01, 0xF7, 0x7C, 0x00,
    0x07, 0xFF, 0xFC, 0x00, 0x0E, 0xFF, 0xB8, 0x00, 0x3C, 0xFE, 0x78, 0x00, 0xF0, 0xF8, 0x78, 0x01,
    0xC0, 0xE0, 0x70, 0x07, 0x81, 0xC0, 0xF0, 0x0E, 0x03, 0x80, 0xE0, 0x3C, 0x07, 0x01, 0xE0, 0xF0,
    0x0E, 0x01, 0xE1, 0xC0, 0x1C, 0x01, 0xC7, 0x80, 0x38, 0x03, 0xDE, 0x00, 0x70, 0x03, 0xC0, 0x1F,
    0xC0, 0xFF, 0xE3, 0xFF, 0xE7, 0x03, 0xE8, 0x01, 0xC0, 0x03, 0x80, 0x07, 0x00, 0x0E, 0x00, 0x78,
    0x3F, 0xE0, 0x7F, 0x80, 0xFF, 0xC0, 0x03, 0xC0, 0x03, 0xC0, 0x03, 0x80, 0x07, 0x00, 0x0F, 0x00,
    0x3F, 0x80, 0xF7, 0xFF, 0xE7, 0xFF, 0x03, 0xF8, 0x00, 0xE0, 0x07, 0xF0, 0x07, 0xF8, 0x07, 0xFC,
    0x03, 0xFE, 0x03, 0xFF, 0x01, 0xDF, 0x81, 0xEF, 0xC0, 0xE7, 0xE0, 0xF3, 0xF0, 0x71, 0xF8, 0x70,
    0xFC, 0x78, 0x7E, 0x38, 0x3F, 0x3C, 0x1F, 0x9C, 0x0F, 0xDE, 0x07, 0xEE, 0x03, 0xFF, 0x01, 0xFF,
    0x00, 0xFF, 0x80, 0x7F, 0x80, 0x3F, 0x80, 0x1C, 0x0C, 0x18, 0x07, 0x1C, 0x01, 0xFC, 0x00, 0x7C,
    0x00, 0x00, 0x00, 0x00, 0x03, 0x80, 0x1F, 0xC0, 0x1F, 0xE0, 0x1F, 0xF0, 0x0F, 0xF8, 0x0F, 0xFC,
    0x07, 0x7E, 0x07, 0xBF, 0x03, 0x9F, 0x83, 0xCF, 0xC1, 0xC7, 0xE1, 0xC3, 0xF1, 0xE1, 0xF8, 0xE0,
    0xFC, 0xF0, 0x7E, 0x70, 0x3F, 0x78, 0x1F, 0xB8, 0x0F, 0xFC, 0x07, 0xFC, 0x03, 0xFE, 0x01, 0xFE,
    0x00, 0xFE, 0x00, 0x70, 0xE0, 0x07, 0xF8, 0x03, 0xCE, 0x01, 0xE3, 0x80, 0xF0, 0xE0, 0x78, 0x38,
    0x3C, 0x0E, 0x1E, 0x03, 0x8F, 0x00, 0xE7, 0x80, 0x3B, 0xF0, 0x0F, 0xFC, 0x03, 0xF7, 0x80, 0xF8,
    0xF0, 0x3C, 0x1C, 0x0E, 0x07, 0x83, 0x80, 0xF0, 0xE0, 0x1C, 0x38, 0x07, 0x8E, 0x00, 0xF3, 0x80,
    0x1C, 0xE0, 0x07, 0xB8, 0x00, 0xF0, 0x07, 0xFF, 0xC1, 0xFF, 0xF0, 0x7F, 0xFC, 0x1C, 0x07, 0x07,
    0x01, 0xC1, 0xC0, 0x70, 0x70, 0x1C, 0x1C, 0x07, 0x07, 0x01, 0xC1, 0xC0, 0x70, 0x70, 0x1C, 0x1C,
    0x07, 0x07, 0x01, 0xC3, 0xC0, 0x70, 0xE0, 0x1C, 0x38, 0x07, 0x0E, 0x01, 0xC7, 0x80, 0x77, 0xC0,
    0x1F, 0xE0, 0x07, 0xF0, 0x01, 0xF0, 0x00, 0x70, 0xF8, 0x01, 0xFF, 0xC0, 0x3F, 0xFC, 0x03, 0xFF,
    0xC0, 0x3F, 0xEE, 0x07, 0x7E, 0xE0, 0x77, 0xEF, 0x0F, 0x7E, 0x70, 0xE7, 0xE7, 0x0E, 0x7E, 0x79,
    0xE7, 0xE3, 0x9C, 0x7E, 0x39, 0xC7, 0xE1, 0xF8, 0x7E, 0x1F, 0x87, 0xE1, 0xF8, 0x7E, 0x0F, 0x07,
    0xE0, 0xF0, 0x7E, 0x0F, 0x07, 0xE0, 0x00, 0x7E, 0x00, 0x07, 0xE0, 0x00, 0x7E, 0x00, 0x07, 0xE0,
    0x03, 0xF0, 0x01, 0xF8, 0x00, 0xFC, 0x00, 0x7E, 0x00, 0x3F, 0x00, 0x1F, 0x80, 0x0F, 0xC0, 0x07,
    0xE0, 0x03, 0xFF, 0xFF, 0xFF, 0xFF, 0xFF, 0xFF, 0xFE, 0x00, 0x3F, 0x00, 0x1F, 0x80, 0x0F, 0xC0,
    0x07, 0xE0, 0x03, 0xF0, 0x01, 0xF8, 0x00, 0xFC, 0x00, 0x7E, 0x00, 0x3F, 0x00, 0x1C, 0x01, 0xF8,
    0x00, 0xFF, 0xF0, 0x1F, 0xFF, 0x83, 0xE0, 0x7C, 0x3C, 0x03, 0xC7, 0x80, 0x1E, 0x70, 0x00, 0xEF,
    0x00, 0x0F, 0xE0, 0x00, 0x7E, 0x00, 0x07, 0xE0, 0x00, 0x7E, 0x00, 0x07, 0xE0, 0x00, 0x7E, 0x00,
    0x07, 0xF0, 0x00, 0xF7, 0x00, 0x0E, 0x78, 0x01, 0xE3, 0xC0, 0x3C, 0x3E, 0x07, 0xC1, 0xFF, 0xF8,
    0x0F, 0xFE, 0x00, 0x1F, 0xC0, 0xFF, 0xFF, 0xFF, 0xFF, 0xFF, 0xFF, 0xFC, 0x00, 0x7E, 0x00, 0x3F,
    0x00, 0x1F, 0x80, 0x0F, 0xC0, 0x07, 0xE0, 0x03, 0xF0, 0x01, 0xF8, 0x00, 0xFC, 0x00, 0x7E, 0x00,
    0x3F, 0x00, 0x1F, 0x80, 0x0F, 0xC0, 0x07, 0xE0, 0x03, 0xF0, 0x01, 0xF8, 0x00, 0xFC, 0x00, 0x7E,
    0x00, 0x3F, 0x00, 0x1C, 0xFF, 0xC3, 0xFF, 0xCF, 0xFF, 0xB8, 0x1E, 0xE0, 0x3F, 0x80, 0x7E, 0x01,
    0xF8, 0x07, 0xE0, 0x3F, 0x81, 0xEF, 0xFF, 0xBF, 0xFC, 0xFF, 0xC3, 0x80, 0x0E, 0x00, 0x38, 0x00,
    0xE0, 0x03, 0x80, 0x0E, 0x00, 0x38, 0x00, 0xE0, 0x03, 0x80, 0x00, 0x01, 0xFE, 0x01, 0xFF, 0xE1,
    0xFF, 0xFC, 0xFC, 0x07, 0x3C, 0x00, 0x5E, 0x00, 0x07, 0x00, 0x03, 0xC0, 0x00, 0xE0, 0x00, 0x38,
    0x00, 0x0E, 0x00, 0x03, 0x80, 0x00, 0xE0, 0x00, 0x38, 0x00, 0x0F, 0x00, 0x01, 0xC0, 0x00, 0x78,
    0x00, 0x0F, 0x00, 0x13, 0xF0, 0x1C, 0x7F, 0xFF, 0x07, 0xFF, 0x80, 0x7F, 0x80, 0xFF, 0xFF, 0xFF,
    0xFF, 0xFF, 0xFF, 0xFF, 0x80, 0x70, 0x00, 0x0E, 0x00, 0x01, 0xC0, 0x00, 0x38, 0x00, 0x07, 0x00,
    0x00, 0xE0, 0x00, 0x1C, 0x00, 0x03, 0x80, 0x00, 0x70, 0x00, 0x0E, 0x00, 0x01, 0xC0, 0x00, 0x38,
    0x00, 0x07, 0x00, 0x00, 0xE0, 0x00, 0x1C, 0x00, 0x03, 0x80, 0x00, 0x70, 0x00, 0x0E, 0x00, 0x01,
    0xC0, 0x00, 0xE0, 0x03, 0xB8, 0x03, 0x9C, 0x01, 0xCF, 0x01, 0xE3, 0x80, 0xE1, 0xE0, 0xF0, 0x70,
    0x70, 0x38, 0x38, 0x1E, 0x38, 0x07, 0x1C, 0x03, 0xDE, 0x00, 0xEE, 0x00, 0x7F, 0x00, 0x1F, 0x00,
    0x0F, 0x80, 0x07, 0x80, 0x01, 0xC0, 0x01, 0xE0, 0x01, 0xE0, 0x07, 0xF0, 0x03, 0xF0, 0x01, 0xF0,
    0x00, 0x00, 0x38, 0x00, 0x00, 0x70, 0x00, 0x07, 0xFC, 0x00, 0x7F, 0xFF, 0x01, 0xFF, 0xFF, 0x07,
    0xC7, 0x1F, 0x1E, 0x0E, 0x0F, 0x78, 0x1C, 0x0F, 0xE0, 0x38, 0x0F, 0xC0, 0x70, 0x1F, 0x80, 0xE0,
    0x3F, 0x01, 0xC0, 0x7E, 0x03, 0x80, 0xFE, 0x07, 0x03, 0x9E, 0x0E, 0x0F, 0x1E, 0x1C, 0x3C, 0x1F,
    0xFF, 0xF0, 0x1F, 0xFF, 0xC0, 0x07, 0xFC, 0x00, 0x01, 0xC0, 0x00, 0x03, 0x80, 0x00, 0x07, 0x00,
    0x00, 0x78, 0x01, 0xE7, 0x80, 0x78, 0x70, 0x0E, 0x0F, 0x03, 0xC0, 0xF0, 0xF0, 0x0E, 0x1C, 0x01,
    0xE7, 0x00, 0x1F, 0xE0, 0x01, 0xF8, 0x00, 0x3E, 0x00, 0x03, 0xC0, 0x00, 0xF8, 0x00, 0x1F, 0x80,
    0x07, 0xF0, 0x01, 0xE7, 0x00, 0x38, 0xF0, 0x0E, 0x0E, 0x03, 0xC1, 0xE0, 0xF0, 0x1E, 0x1C, 0x01,
    0xC7, 0x80, 0x3D, 0xE0, 0x03, 0xC0, 0xE0, 0x03, 0x8E, 0x00, 0x38, 0xE0, 0x03, 0x8E, 0x00, 0x38,
    0xE0, 0x03, 0x8E, 0x00, 0x38, 0xE0, 0x03, 0x8E, 0x00, 0x38, 0xE0, 0x03, 0x8E, 0x00, 0x38, 0xE0,
    0x03, 0x8E, 0x00, 0x38, 0xE0, 0x03, 0x8E, 0x00, 0x38, 0xE0, 0x03, 0x8E, 0x00, 0x38, 0xE0, 0x03,
    0x8E, 0x00, 0x38, 0xE0, 0x03, 0x8F, 0xFF, 0xFF, 0xFF, 0xFF, 0xFF, 0xFF, 0xFF, 0x00, 0x00, 0x70,
    0x00, 0x07, 0x00, 0x00, 0x70, 0x00, 0x07, 0x00, 0x00, 0x70, 0xE0, 0x0F, 0xC0, 0x1F, 0x80, 0x3F,
    0x00, 0x7E, 0x00, 0xFC, 0x01, 0xF8, 0x03, 0xF0, 0x07, 0xE0, 0x0F, 0xE0, 0x1D, 0xE0, 0x3B, 0xFF,
    0xF3, 0xFF, 0xE3, 0xFF, 0xC0, 0x03, 0x80, 0x07, 0x00, 0x0E, 0x00, 0x1C, 0x00, 0x38, 0x00, 0x70,
    0x00, 0xE0, 0x01, 0xC0, 0xE0, 0x0E, 0x00, 0xFC, 0x01, 0xC0, 0x1F, 0x80, 0x38, 0x03, 0xF0, 0x07,
    0x00, 0x7E, 0x00, 0xE0, 0x0F, 0xC0, 0x1C, 0x01, 0xF8, 0x03, 0x80, 0x3F, 0x00, 0x70, 0x07, 0xE0,
    0x0E, 0x00, 0xFC, 0x01, 0xC0, 0x1F, 0x80, 0x38, 0x03, 0xF0, 0x07, 0x00, 0x7E, 0x00, 0xE0, 0x0F,
    0xC0, 0x1C, 0x01, 0xF8, 0x03, 0x80, 0x3F, 0x00, 0x70, 0x07, 0xE0, 0x0E, 0x00, 0xFC, 0x01, 0xC0,
    0x1F, 0x80, 0x38, 0x03, 0xFF, 0xFF, 0xFF, 0xFF, 0xFF, 0xFF, 0xFF, 0xFF, 0xFF, 0xFF, 0xC0, 0xE0,
    0x0E, 0x00, 0xE3, 0x80, 0x38, 0x03, 0x8E, 0x00, 0xE0, 0x0E, 0x38, 0x03, 0x80, 0x38, 0xE0, 0x0E,
    0x00, 0xE3, 0x80, 0x38, 0x03, 0x8E, 0x00, 0xE0, 0x0E, 0x38, 0x03, 0x80, 0x38, 0xE0, 0x0E, 0x00,
    0xE3, 0x80, 0x38, 0x03, 0x8E, 0x00, 0xE0, 0x0E, 0x38, 0x03, 0x80, 0x38, 0xE0, 0x0E, 0x00, 0xE3,
    0x80, 0x38, 0x03, 0x8E, 0x00, 0xE0, 0x0E, 0x38, 0x03, 0x80, 0x38, 0xE0, 0x0E, 0x00, 0xE3, 0x80,
    0x38, 0x03, 0x8E, 0x00, 0xE0, 0x0E, 0x3F, 0xFF, 0xFF, 0xFF, 0xFF, 0xFF, 0xFF, 0xFF, 0xFF, 0xFF,
    0xFF, 0xF0, 0x00, 0x00, 0x01, 0xC0, 0x00, 0x00, 0x07, 0x00, 0x00, 0x00, 0x1C, 0x00, 0x00, 0x00,
    0x70, 0x00, 0x00, 0x01, 0xC0, 0xFF, 0x80, 0x03, 0xFE, 0x00, 0x0F, 0xF8, 0x00, 0x00, 0xE0, 0x00,
    0x03, 0x80, 0x00, 0x0E, 0x00, 0x00, 0x38, 0x00, 0x00, 0xE0, 0x00, 0x03, 0x80, 0x00, 0x0F, 0xFF,
    0x00, 0x3F, 0xFF, 0x00, 0xFF, 0xFE, 0x03, 0x80, 0x78, 0x0E, 0x00, 0x70, 0x38, 0x01, 0xC0, 0xE0,
    0x07, 0x03, 0x80, 0x1C, 0x0E, 0x00, 0xF0, 0x38, 0x07, 0x80, 0xFF, 0xFE, 0x03, 0xFF, 0xF0, 0x0F,
    0xFF, 0x00, 0xE0, 0x00, 0x3F, 0x00, 0x01, 0xF8, 0x00, 0x0F, 0xC0, 0x00, 0x7E, 0x00, 0x03, 0xF0,
    0x00, 0x1F, 0x80, 0x00, 0xFC, 0x00, 0x07, 0xE0, 0x00, 0x3F, 0xFF, 0x81, 0xFF, 0xFF, 0x0F, 0xFF,
    0xFC, 0x7E, 0x01, 0xE3, 0xF0, 0x07, 0x9F, 0x80, 0x1C, 0xFC, 0x00, 0xE7, 0xE0, 0x07, 0x3F, 0x00,
    0x79, 0xF8, 0x07, 0x8F, 0xFF, 0xFC, 0x7F, 0xFF, 0xC3, 0xFF, 0xF8, 0x1C, 0xE0, 0x00, 0xE0, 0x00,
    0xE0, 0x00, 0xE0, 0x00, 0xE0, 0x00, 0xE0, 0x00, 0xE0, 0x00, 0xE0, 0x00, 0xE0, 0x00, 0xFF, 0xF0,
    0xFF, 0xFC, 0xFF, 0xFE, 0xE0, 0x1E, 0xE0, 0x0F, 0xE0, 0x07, 0xE0, 0x07, 0xE0, 0x07, 0xE0, 0x0F,
    0xE0, 0x1E, 0xFF, 0xFE, 0xFF, 0xFC, 0xFF, 0xF0, 0x1F, 0xE0, 0x1F, 0xFE, 0x0F, 0xFF, 0xE3, 0x80,
    0x7C, 0x80, 0x07, 0x00, 0x00, 0xE0, 0x00, 0x38, 0x00, 0x07, 0x00, 0x01, 0xC7, 0xFF, 0xF1, 0xFF,
    0xFC, 0x7F, 0xFF, 0x00, 0x01, 0xC0, 0x00, 0x70, 0x00, 0x3C, 0x00, 0x0E, 0x00, 0x07, 0xA0, 0x03,
    0xCE, 0x01, 0xF3, 0xFF, 0xF8, 0x7F, 0xF8, 0x07, 0xF8, 0x00, 0xE0, 0x03, 0xF0, 0x1C, 0x03, 0xFF,
    0xC3, 0x80, 0xFF, 0xFC, 0x70, 0x3E, 0x07, 0xCE, 0x07, 0x80, 0x79, 0xC1, 0xE0, 0x07, 0xB8, 0x38,
    0x00, 0x77, 0x0F, 0x00, 0x0F, 0xE1, 0xC0, 0x00, 0xFC, 0x38, 0x00, 0x1F, 0xFF, 0x00, 0x03, 0xFF,
    0xE0, 0x00, 0x7F, 0xFC, 0x00, 0x0F, 0xC3, 0x80, 0x01, 0xF8, 0x78, 0x00, 0x7F, 0x0F, 0x00, 0x0E,
    0xE0, 0xF0, 0x03, 0xDC, 0x1F, 0x00, 0xF3, 0x81, 0xF0, 0x3E, 0x70, 0x1F, 0xFF, 0x8E, 0x01, 0xFF,
    0xC1, 0xC0, 0x0F, 0xE0, 0x00, 0x07, 0xFF, 0x1F, 0xFF, 0x3F, 0xFF, 0x3C, 0x07, 0x78, 0x07, 0x70,
    0x07, 0x70, 0x07, 0x70, 0x07, 0x78, 0x07, 0x3C, 0x07, 0x1F, 0xFF, 0x0F, 0xFF, 0x03, 0xFF, 0x07,
    0x87, 0x07, 0x07, 0x0F, 0x07, 0x0E, 0x07, 0x1C, 0x07, 0x3C, 0x07, 0x38, 0x07, 0x78, 0x07, 0xF0,
    0x07, 0x1F, 0xC1, 0xFF, 0xC7, 0xFF, 0x90, 0x1E, 0x00, 0x1C, 0x00, 0x70, 0xFF, 0xCF, 0xFF, 0x7F,
    0xFF, 0xC0, 0x7E, 0x01, 0xF8, 0x0F, 0xF0, 0x7D, 0xFF, 0xF7, 0xFD, 0xC7, 0xC7, 0x03, 0xF8, 0x1F,
    0xF8, 0x7F, 0xF1, 0xF0, 0x07, 0x80, 0x0E, 0x00, 0x38, 0x00, 0x73, 0xF0, 0xFF, 0xF1, 0xFF, 0xF3,
    0xE0, 0xF7, 0x80, 0xEE, 0x01, 0xFC, 0x01, 0xF8, 0x03, 0xF0, 0x07, 0xE0, 0x0F, 0xC0, 0x1D, 0xC0,
    0x73, 0xC1, 0xE3, 0xFF, 0x83, 0xFE, 0x03, 0xF8, 0x00, 0xFF, 0x87, 0xFF, 0x3F, 0xFD, 0xC1, 0xEE,
    0x07, 0x70, 0x7B, 0xFF, 0x9F, 0xF0, 0xFF, 0xF7, 0x03, 0xB8, 0x0F, 0xC0, 0x7E, 0x07, 0xFF, 0xFF,
    0xFF, 0xDF, 0xF8, 0xFF, 0xFF, 0xFF, 0xFF, 0xFE, 0x00, 0xE0, 0x0E, 0x00, 0xE0, 0x0E, 0x00, 0xE0,
    0x0E, 0x00, 0xE0, 0x0E, 0x00, 0xE0, 0x0E, 0x00, 0xE0, 0x0E, 0x00, 0x0F, 0xFE, 0x03, 0xFF, 0x80,
    0xFF, 0xE0, 0x38, 0x38, 0x0E, 0x0E, 0x03, 0x83, 0x80, 0xE0, 0xE0, 0x38, 0x38, 0x0E, 0x0E, 0x07,
    0x03, 0x81, 0xC0, 0xE0, 0x70, 0x38, 0x38, 0x0E, 0x3F, 0xFF, 0xFF, 0xFF, 0xFF, 0xFF, 0xFF, 0xE0,
    0x01, 0xF8, 0x00, 0x7E, 0x00, 0x1F, 0x80, 0x07, 0x07, 0xE0, 0x3F, 0xF0, 0xFF, 0xF3, 0xC1, 0xE7,
    0x01, 0xFC, 0x01, 0xFF, 0xFF, 0xFF, 0xFF, 0xFF, 0xFF, 0xC0, 0x03, 0x80, 0x03, 0x80, 0x27, 0xC1,
    0xC7, 0xFF, 0x87, 0xFE, 0x03, 0xF0, 0x7C, 0x1C, 0x1F, 0x1F, 0x0E, 0x1F, 0x07, 0x87, 0x0F, 0x01,
    0xE3, 0x8F, 0x00, 0x79, 0xCF, 0x00, 0x1E, 0xEF, 0x00, 0x0F, 0xFF, 0x80, 0x07, 0xFF, 0xC0, 0x07,
    0xFF, 0xF0, 0x07, 0x9F, 0x3C, 0x03, 0x87, 0x0E, 0x03, 0xC3, 0x87, 0x83, 0xC1, 0xC1, 0xE1, 0xC0,
    0xE0, 0x71, 0xE0, 0x70, 0x3D, 0xE0, 0x38, 0x0F, 0x1F, 0x87, 0xFE, 0x7F, 0xF6, 0x0F, 0x00, 0x70,
    0x0F, 0x1F, 0xE1, 0xF8, 0x1F, 0xE0, 0x0F, 0x00, 0x70, 0x07, 0x80, 0xFF, 0xFE, 0xFF, 0xC7, 0xF8,
    0xE0, 0x3F, 0x81, 0xFE, 0x07, 0xF8, 0x3F, 0xE1, 0xFF, 0x87, 0x7E, 0x3D, 0xF9, 0xE7, 0xE7, 0x1F,
    0xBC, 0x7F, 0xE1, 0xFF, 0x87, 0xFC, 0x1F, 0xE0, 0x7F, 0x81, 0xFC, 0x07, 0x30, 0x30, 0xE1, 0xC1,
    0xFE, 0x03, 0xF0, 0x00, 0x00, 0x00, 0x00, 0x00, 0x38, 0x0F, 0xE0, 0x7F, 0x81, 0xFE, 0x0F, 0xF8,
    0x7F, 0xE1, 0xDF, 0x8F, 0x7E, 0x79, 0xF9, 0xC7, 0xEF, 0x1F, 0xF8, 0x7F, 0xE1, 0xFF, 0x07, 0xF8,
    0x1F, 0xE0, 0x7F, 0x01, 0xC0, 0xE0, 0xFB, 0x87, 0xCE, 0x1E, 0x38, 0xF0, 0xE7, 0x83, 0xBC, 0x0F,
    0xE0, 0x3F, 0xC0, 0xFF, 0x83, 0xCF, 0x0E, 0x1C, 0x38, 0x78, 0xE0, 0xF3, 0x81, 0xCE, 0x07, 0xB8,
    0x0F, 0x0F, 0xFE, 0x1F, 0xFC, 0x3F, 0xF8, 0x70, 0x70, 0xE0, 0xE1, 0xC1, 0xC3, 0x83, 0x87, 0x07,
    0x0E, 0x0E, 0x3C, 0x1C, 0x70, 0x38, 0xE0, 0x73, 0xC0, 0xFF, 0x01, 0xFC, 0x03, 0xE0, 0x07, 0xF8,
    0x0F, 0xFE, 0x0F, 0xFF, 0x07, 0xFF, 0xC7, 0xFE, 0xE3, 0xBF, 0x71, 0xDF, 0x9D, 0xCF, 0xCE, 0xE7,
    0xE7, 0xF3, 0xF1, 0xF1, 0xF8, 0xF8, 0xFC, 0x38, 0x7E, 0x1C, 0x3F, 0x00, 0x1F, 0x80, 0x0F, 0xC0,
    0x07, 0xE0, 0x1F, 0x80, 0x7E, 0x01, 0xF8, 0x07, 0xE0, 0x1F, 0x80, 0x7F, 0xFF, 0xFF, 0xFF, 0xFF,
    0xFF, 0x80, 0x7E, 0x01, 0xF8, 0x07, 0xE0, 0x1F, 0x80, 0x7E, 0x01, 0xF8, 0x07, 0x0F, 0xE0, 0x3F,
    0xE0, 0xFF, 0xE3, 0xC1, 0xE7, 0x01, 0xDC, 0x03, 0xF8, 0x03, 0xF0, 0x07, 0xE0, 0x0F, 0xC0, 0x1F,
    0x80, 0x3B, 0x80, 0xE7, 0x83, 0xC7, 0xFF, 0x07, 0xFC, 0x07, 0xF0, 0xFF, 0xFF, 0xFF, 0xFF, 0xFF,
    0xF8, 0x07, 0xE0, 0x1F, 0x80, 0x7E, 0x01, 0xF8, 0x07, 0xE0, 0x1F, 0x80, 0x7E, 0x01, 0xF8, 0x07,
    0xE0, 0x1F, 0x80, 0x7E, 0x01, 0xF8, 0x07, 0xE3, 0xE1, 0xDF, 0xE3, 0xFF, 0xE7, 0xC1, 0xEF, 0x01,
    0xDC, 0x01, 0xF8, 0x03, 0xF0, 0x07, 0xE0, 0x0F, 0xC0, 0x1F, 0x80, 0x3F, 0x80, 0xEF, 0x83, 0xDF,
    0xFF, 0x3B, 0xFC, 0x71, 0xF0, 0xE0, 0x01, 0xC0, 0x03, 0x80, 0x07, 0x00, 0x0E, 0x00, 0x1C, 0x00,
    0x00, 0x07, 0xF0, 0xFF, 0xCF, 0xFE, 0xF8, 0x17, 0x00, 0x78, 0x03, 0x80, 0x1C, 0x00, 0xE0, 0x07,
    0x00, 0x3C, 0x00, 0xE0, 0x07, 0xC0, 0x9F, 0xFC, 0x7F, 0xE0, 0xFE, 0xFF, 0xFF, 0xFF, 0xFF, 0xFF,
    0xFF, 0x01, 0xC0, 0x01, 0xC0, 0x01, 0xC0, 0x01, 0xC0, 0x01, 0xC0, 0x01, 0xC0, 0x01, 0xC0, 0x01,
    0xC0, 0x01, 0xC0, 0x01, 0xC0, 0x01, 0xC0, 0x01, 0xC0, 0x01, 0xC0, 0xE0, 0x0F, 0x70, 0x0E, 0x70,
    0x0E, 0x78, 0x1C, 0x38, 0x1C, 0x38, 0x3C, 0x1C, 0x38, 0x1C, 0x78, 0x1E, 0x70, 0x0E, 0xF0, 0x0F,
    0xE0, 0x07, 0xE0, 0x07, 0xC0, 0x03, 0xC0, 0x03, 0xC0, 0x03, 0x80, 0x07, 0x80, 0x07, 0x00, 0x0F,
    0x00, 0x7E, 0x00, 0x7E, 0x00, 0x78, 0x00, 0x00, 0x38, 0x00, 0x00, 0x70, 0x00, 0x00, 0xE0, 0x00,
    0x01, 0xC0, 0x00, 0x03, 0x80, 0x00, 0x07, 0x00, 0x00, 0x0E, 0x00, 0x07, 0x9C, 0xF0, 0x3F, 0xBB,
    0xF8, 0xFF, 0xFF, 0xF9, 0xE3, 0xF8, 0xF7, 0x81, 0xC0, 0xFE, 0x03, 0x80, 0xFC, 0x07, 0x01, 0xF8,
    0x0E, 0x03, 0xF0, 0x1C, 0x07, 0xE0, 0x38, 0x0F, 0xC0, 0x70, 0x1F, 0xC0, 0xE0, 0x7B, 0xC7, 0xF1,
    0xE7, 0xFF, 0xFF, 0xC7, 0xF7, 0x7F, 0x03, 0xCE, 0x78, 0x00, 0x1C, 0x00, 0x00, 0x38, 0x00, 0x00,
    0x70, 0x00, 0x00, 0xE0, 0x00, 0x01, 0xC0, 0x00, 0x03, 0x80, 0x00, 0x78, 0x0F, 0x3C, 0x1E, 0x1E,
    0x3C, 0x0E, 0x38, 0x0F, 0x78, 0x07, 0xF0, 0x03, 0xE0, 0x01, 0xC0, 0x03, 0xE0, 0x07, 0xE0, 0x0F,
    0xF0, 0x0F, 0x78, 0x1E, 0x38, 0x3C, 0x1C, 0x78, 0x1E, 0xF0, 0x0F, 0xE0, 0x1C, 0x70, 0x0E, 0x38,
    0x07, 0x1C, 0x03, 0x8E, 0x01, 0xC7, 0x00, 0xE3, 0x80, 0x71, 0xC0, 0x38, 0xE0, 0x1C, 0x70, 0x0E,
    0x38, 0x07, 0x1C, 0x03, 0x8E, 0x01, 0xC7, 0xFF, 0xFF, 0xFF, 0xFF, 0xFF, 0xFF, 0x00, 0x03, 0x80,
    0x01, 0xC0, 0x00, 0xE0, 0x00, 0x70, 0xE0, 0x3F, 0x01, 0xF8, 0x0F, 0xC0, 0x7E, 0x03, 0xF0, 0x1F,
    0xC0, 0xEF, 0xFF, 0x7F, 0xF8, 0xFF, 0xC0, 0x0E, 0x00, 0x70, 0x03, 0x80, 0x1C, 0x00, 0xE0, 0x07,
    0xE0, 0x70, 0x3F, 0x03, 0x81, 0xF8, 0x1C, 0x0F, 0xC0, 0xE0, 0x7E, 0x07, 0x03, 0xF0, 0x38, 0x1F,
    0x81, 0xC0, 0xFC, 0x0E, 0x07, 0xE0, 0x70, 0x3F, 0x03, 0x81, 0xF8, 0x1C, 0x0F, 0xC0, 0xE0, 0x7E,
    0x07, 0x03, 0xFF, 0xFF, 0xFF, 0xFF, 0xFF, 0xFF, 0xFF, 0xFF, 0xE0, 0x70, 0x38, 0xE0, 0x70, 0x38,
    0xE0, 0x70, 0x38, 0xE0, 0x70, 0x38, 0xE0, 0x70, 0x38, 0xE0, 0x70, 0x38, 0xE0, 0x70, 0x38, 0xE0,
    0x70, 0x38, 0xE0, 0x70, 0x38, 0xE0, 0x70, 0x38, 0xE0, 0x70, 0x38, 0xE0, 0x70, 0x38, 0xE0, 0x70,
    0x38, 0xFF, 0xFF, 0xFF, 0xFF, 0xFF, 0xFF, 0xFF, 0xFF, 0xFF, 0x00, 0x00, 0x07, 0x00, 0x00, 0x07,
    0x00, 0x00, 0x07, 0x00, 0x00, 0x07, 0xFF, 0x00, 0x3F, 0xC0, 0x0F, 0xF0, 0x00, 0x1C, 0x00, 0x07,
    0x00, 0x01, 0xC0, 0x00, 0x7F, 0xE0, 0x1F, 0xFE, 0x07, 0xFF, 0x81, 0xC0, 0xF0, 0x70, 0x1C, 0x1C,
    0x07, 0x07, 0x03, 0xC1, 0xFF, 0xE0, 0x7F, 0xF8, 0x1F, 0xF8, 0xE0, 0x00, 0xFC, 0x00, 0x1F, 0x80,
    0x03, 0xF0, 0x00, 0x7E, 0x00, 0x0F, 0xC0, 0x01, 0xFF, 0xF0, 0x3F, 0xFF, 0x87, 0xFF, 0xF0, 0xFC,
    0x0F, 0x1F, 0x80, 0xE3, 0xF0, 0x1C, 0x7E, 0x07, 0x8F, 0xFF, 0xE1, 0xFF, 0xFC, 0x3F, 0xFE, 0x07,
    0xE0, 0x07, 0x00, 0x38, 0x01, 0xC0, 0x0E, 0x00, 0x70, 0x03, 0xFF, 0x1F, 0xFE, 0xFF, 0xF7, 0x03,
    0xF8, 0x0F, 0xC0, 0x7E, 0x07, 0xFF, 0xFB, 0xFF, 0xDF, 0xF8, 0x7F, 0x07, 0xFE, 0x3F, 0xF9, 0x01,
    0xE0, 0x07, 0x00, 0x1C, 0xFF, 0xE7, 0xFF, 0x3F, 0xF8, 0x01, 0xC0, 0x0E, 0x00, 0xE8, 0x1F, 0x7F,
    0xF3, 0xFF, 0x0F, 0xE0, 0xE0, 0x3F, 0x87, 0x07, 0xFE, 0x38, 0x7F, 0xF9, 0xC3, 0xC1, 0xEE, 0x3C,
    0x07, 0x71, 0xC0, 0x3F, 0xFE, 0x00, 0xFF, 0xF0, 0x07, 0xFF, 0x80, 0x3F, 0x1C, 0x01, 0xF8, 0xE0,
    0x0F, 0xC7, 0x80, 0xEE, 0x1E, 0x0F, 0x70, 0xFF, 0xF3, 0x83, 0xFF, 0x1C, 0x07, 0xF0, 0x0F, 0xFC,
    0xFF, 0xF7, 0xFF, 0xDE, 0x07, 0x70, 0x1D, 0xC0, 0x77, 0x81, 0xCF, 0xFF, 0x1F, 0xFC, 0x1F, 0xF0,
    0xF1, 0xC7, 0x87, 0x3C, 0x1C, 0xE0, 0x77, 0x81, 0xFC, 0x07, 0x38, 0x00, 0x38, 0x00, 0x38, 0x00,
    0x30, 0x00, 0x30, 0x00, 0x70, 0x00, 0x00, 0x00, 0x00, 0x07, 0xE0, 0x3F, 0xF0, 0xFF, 0xF3, 0xC1,
    0xE7, 0x01, 0xFC, 0x01, 0xFF, 0xFF, 0xFF, 0xFF, 0xFF, 0xFF, 0xC0, 0x03, 0x80, 0x03, 0x80, 0x27,
    0xC1, 0xC7, 0xFF, 0x87, 0xFE, 0x03, 0xF0, 0x1C, 0x70, 0x38, 0xE0, 0x71, 0xC0, 0x00, 0x00, 0x00,
    0x00, 0x00, 0x00, 0x00, 0x03, 0xF0, 0x1F, 0xF8, 0x7F, 0xF9, 0xE0, 0xF3, 0x80, 0xFE, 0x00, 0xFF,
    0xFF, 0xFF, 0xFF, 0xFF, 0xFF, 0xE0, 0x01, 0xC0, 0x01, 0xC0, 0x13, 0xE0, 0xE3, 0xFF, 0xC3, 0xFF,
    0x01, 0xF8, 0x00, 0x1C, 0x00, 0x0E, 0x00, 0x07, 0x00, 0x03, 0x80, 0x01, 0xC0, 0x00, 0xE0, 0x03,
    0xFF, 0xF1, 0xFF, 0xF8, 0xFF, 0xFC, 0x0E, 0x00, 0x07, 0x00, 0x03, 0x80, 0x01, 0xC7, 0xC0, 0xEF,
    0xF0, 0x7F, 0xFC, 0x3E, 0x0E, 0x1E, 0x07, 0x8E, 0x01, 0xC7, 0x00, 0xE3, 0x80, 0x71, 0xC0, 0x38,
    0xE0, 0x1C, 0x70, 0x1C, 0x00, 0x0E, 0x00, 0x0E, 0x00, 0x1E, 0x00, 0x1F, 0x00, 0x0E, 0x00, 0x06,
    0x00, 0x00, 0xE0, 0x1C, 0x03, 0x80, 0x30, 0x06, 0x00, 0xE0, 0x00, 0x00, 0x00, 0xFF, 0xFF, 0xFF,
    0xFF, 0xFE, 0x00, 0xE0, 0x0E, 0x00, 0xE0, 0x0E, 0x00, 0xE0, 0x0E, 0x00, 0xE0, 0x0E, 0x00, 0xE0,
    0x0E, 0x00, 0xE0, 0x0E, 0x00, 0x07, 0xF0, 0xFF, 0xCF, 0xFE, 0xF0, 0x17, 0x00, 0x70, 0x03, 0xFF,
    0x9F, 0xFC, 0xFF, 0xE7, 0x00, 0x38, 0x00, 0xE0, 0x07, 0xC0, 0x9F, 0xFC, 0x7F, 0xE0, 0xFE, 0x1F,
    0xC7, 0xFE, 0xFF, 0xEF, 0x02, 0xE0, 0x0E, 0x00, 0x7E, 0x03, 0xFC, 0x03, 0xE0, 0x0F, 0x00, 0x78,
    0x07, 0xE0, 0xFF, 0xFE, 0x7F, 0xE1, 0xF8, 0xFF, 0x80, 0x07, 0xFF, 0xFF, 0xFF, 0xFF, 0xFF, 0xF8,
    0xE3, 0xF1, 0xF8, 0xE0, 0x00, 0x00, 0x00, 0x00, 0x38, 0x1C, 0x0E, 0x07, 0x03, 0x81, 0xC0, 0xE0,
    0x70, 0x38, 0x1C, 0x0E, 0x07, 0x03, 0x81, 0xC0, 0xE0, 0x70, 0x1C, 0x71, 0xC0, 0x00, 0x00, 0x07,
    0x1C, 0x71, 0xC7, 0x1C, 0x71, 0xC7, 0x1C, 0x71, 0xC7, 0x1C, 0x71, 0xC7, 0x1C, 0xFF, 0xBE, 0xE0,
    0x0F, 0xFE, 0x00, 0x0F, 0xFE, 0x00, 0x0F, 0xFE, 0x00, 0x0E, 0x0E, 0x00, 0x0E, 0x0E, 0x00, 0x0E,
    0x0E, 0x00, 0x0E, 0x0F, 0xF8, 0x0E, 0x0F, 0xFE, 0x0E, 0x0F, 0xFE, 0x1E, 0x0E, 0x0F, 0x1C, 0x0E,
    0x07, 0x1C, 0x0E, 0x07, 0x3C, 0x0E, 0x0F, 0xF8, 0x0F, 0xFE, 0xF0, 0x0F, 0xFE, 0xC0, 0x0F, 0xF8,
    0xE0, 0x38, 0x03, 0x80, 0xE0, 0x0E, 0x03, 0x80, 0x38, 0x0E, 0x00, 0xE0, 0x38, 0x03, 0x80, 0xE0,
    0x0F, 0xFF, 0xFE, 0x3F, 0xFF, 0xFE, 0xFF, 0xFF, 0xFB, 0x80, 0xE0, 0xFE, 0x03, 0x81, 0xF8, 0x0E,
    0x07, 0xE0, 0x38, 0x3F, 0x80, 0xFF, 0xEE, 0x03, 0xFF, 0xB8, 0x0F, 0xF8, 0x1C, 0x00, 0x0E, 0x00,
    0x07, 0x00, 0x03, 0x80, 0x01, 0xC0, 0x00, 0xE0, 0x03, 0xFF, 0xF1, 0xFF, 0xF8, 0xFF, 0xFC, 0x0E,
    0x00, 0x07, 0x00, 0x03, 0x80, 0x01, 0xC7, 0xC0, 0xEF, 0xF0, 0x7F, 0xFC, 0x3E, 0x1F, 0x1E, 0x07,
    0x8E, 0x01, 0xC7, 0x00, 0xE3, 0x80, 0x71, 0xC0, 0x38, 0xE0, 0x1C, 0x70, 0x0E, 0x00, 0xE0, 0x07,
    0x00, 0x38, 0x00, 0xC0, 0x06, 0x00, 0x38, 0x00, 0x00, 0x00, 0x00, 0xE0, 0xFB, 0x87, 0xCE, 0x1E,
    0x38, 0xF0, 0xE7, 0x83, 0xBC, 0x0F, 0xE0, 0x3F, 0xC0, 0xFF, 0x83, 0xCF, 0x0E, 0x1C, 0x38, 0x78,
    0xE0, 0xF3, 0x81, 0xCE, 0x07, 0xB8, 0x0F, 0x70, 0x00, 0xE0, 0x01, 0xC0, 0x03, 0x00, 0x06, 0x00,
    0x1C, 0x00, 0x00, 0x00, 0x00, 0xE0, 0x3F, 0x81, 0xFE, 0x07, 0xF8, 0x3F, 0xE1, 0xFF, 0x87, 0x7E,
    0x3D, 0xF9, 0xE7, 0xE7, 0x1F, 0xBC, 0x7F, 0xE1, 0xFF, 0x87, 0xFC, 0x1F, 0xE0, 0x7F, 0x81, 0xFC,
    0x07, 0x18, 0x30, 0x1C, 0x70, 0x0F, 0xE0, 0x07, 0xC0, 0x00, 0x00, 0x00, 0x00, 0x00, 0x00, 0xE0,
    0x0F, 0x70, 0x0E, 0x70, 0x0E, 0x78, 0x1C, 0x38, 0x1C, 0x38, 0x3C, 0x1C, 0x38, 0x1C, 0x78, 0x1E,
    0x70, 0x0E, 0xF0, 0x0F, 0xE0, 0x07, 0xE0, 0x07, 0xC0, 0x03, 0xC0, 0x03, 0xC0, 0x03, 0x80, 0x07,
    0x80, 0x07, 0x00, 0x0F, 0x00, 0x7E, 0x00, 0x7E, 0x00, 0x78, 0x00, 0xE0, 0x3F, 0x01, 0xF8, 0x0F,
    0xC0, 0x7E, 0x03, 0xF0, 0x1F, 0x80, 0xFC, 0x07, 0xE0, 0x3F, 0x01, 0xF8, 0x0F, 0xC0, 0x7E, 0x03,
    0xFF, 0xFF, 0xFF, 0xFF, 0xFF, 0x07, 0x00, 0x38, 0x01, 0xC0, 0x0E, 0x00, 0x00, 0x0C, 0x00, 0x30,
    0x00, 0xC0, 0x03, 0xFF, 0xFF, 0xFF, 0xFF, 0xFF, 0xF8, 0x00, 0xE0, 0x03, 0x80, 0x0E, 0x00, 0x38,
    0x00, 0xE0, 0x03, 0x80, 0x0E, 0x00, 0x38, 0x00, 0xE0, 0x03, 0x80, 0x0E, 0x00, 0x38, 0x00, 0xE0,
    0x03, 0x80, 0x0E, 0x00, 0x38, 0x00, 0xE0, 0x03, 0x80, 0x00, 0x00, 0x30, 0x03, 0x00, 0x30, 0x03,
    0x00, 0x3F, 0xFF, 0xFF, 0xFF, 0xFF, 0xE0, 0x0E, 0x00, 0xE0, 0x0E, 0x00, 0xE0, 0x0E, 0x00, 0xE0,
    0x0E, 0x00, 0xE0, 0x0E, 0x00, 0xE0, 0x0E, 0x00, 0xE0, 0x00,
};

static const lgfx::GFXglyph kXLargeGlyphs[] PROGMEM = {
    {0, 0, 0, 10, 0, 0}, // 0x0020
    {0, 3, 22, 12, 5, -22}, // 0x0021
    {9, 7, 8, 14, 3, -22}, // 0x0022
    {16, 21, 22, 25, 2, -22}, // 0x0023
    {74, 14, 26, 19, 2, -22}, // 0x0024
    {120, 25, 22, 28, 2, -22}, // 0x0025
    {189, 21, 22, 23, 2, -22}, // 0x0026
    {247, 2, 8, 8, 3, -22}, // 0x0027
    {249, 7, 27, 12, 3, -23}, // 0x0028
    {273, 7, 27, 12, 2, -23}, // 0x0029
    {297, 14, 14, 15, 1, -22}, // 0x002A
    {322, 18, 18, 25, 3, -18}, // 0x002B
    {363, 4, 7, 10, 3, -4}, // 0x002C
    {367, 8, 2, 11, 1, -9}, // 0x002D
    {369, 3, 4, 10, 4, -4}, // 0x002E
    {371, 10, 25, 10, 0, -22}, // 0x002F
    {403, 15, 22, 19, 2, -22}, // 0x0030
    {445, 13, 22, 19, 4, -22}, // 0x0031
    {481, 14, 22, 19, 2, -22}, // 0x0032
    {520, 14, 22, 19, 2, -22}, // 0x0033
    {559, 16, 22, 19, 1, -22}, // 0x0034
    {603, 14, 22, 19, 2, -22}, // 0x0035
    {642, 15, 22, 19, 2, -22}, // 0x0036
    {684, 14, 22, 19, 2, -22}, // 0x0037
    {723, 15, 22, 19, 2, -22}, // 0x0038
    {765, 15, 22, 19, 2, -22}, // 0x0039
    {807, 3, 16, 10, 4, -16}, // 0x003A
    {813, 4, 19, 10, 3, -16}, // 0x003B
    {823, 19, 16, 25, 3, -17}, // 0x003C
    {861, 19, 8, 25, 3, -14}, // 0x003D
    {880, 19, 16, 25, 3, -17}, // 0x003E
    {918, 12, 22, 16, 2, -22}, // 0x003F
    {951, 26, 26, 30, 2, -21}, // 0x0040
    {1036, 20, 22, 21, 0, -22}, // 0x0041
    {1091, 16, 22, 21, 3, -22}, // 0x0042
    {1135, 18, 22, 21, 2, -22}, // 0x0043
    {1185, 18, 22, 23, 3, -22}, // 0x0044
    {1235, 14, 22, 19, 3, -22}, // 0x0045
    {1274, 13, 22, 17, 3, -22}, // 0x0046
    {1310, 19, 22, 23, 2, -22}, // 0x0047
    {1363, 17, 22, 23, 3, -22}, // 0x0048
    {1410, 3, 22, 9, 3, -22}, // 0x0049
    {1419, 8, 28, 9, -2, -22}, // 0x004A
    {1447, 17, 22, 20, 3, -22}, // 0x004B
    {1494, 14, 22, 17, 3, -22}, // 0x004C
    {1533, 20, 22, 26, 3, -22}, // 0x004D
    {1588, 17, 22, 22, 3, -22}, // 0x004E
    {1635, 20, 22, 24, 2, -22}, // 0x004F
    {1690, 14, 22, 18, 3, -22}, // 0x0050
    {1729, 20, 26, 24, 2, -22}, // 0x0051
    {1794, 17, 22, 21, 3, -22}, // 0x0052
    {1841, 15, 22, 19, 2, -22}, // 0x0053
    {1883, 19, 22, 18, 0, -22}, // 0x0054
    {1936, 17, 22, 22, 3, -22}, // 0x0055
    {1983, 20, 22, 21, 0, -22}, // 0x0056
    {2038, 28, 22, 30, 1, -22}, // 0x0057
    {2115, 19, 22, 21, 1, -22}, // 0x0058
    {2168, 19, 22, 18, 0, -22}, // 0x0059
    {2221, 18, 22, 21, 1, -22}, // 0x005A
    {2271, 7, 27, 12, 3, -23}, // 0x005B
    {2295, 10, 25, 10, 0, -22}, // 0x005C
    {2327, 7, 27, 12, 3, -23}, // 0x005D
    {2351, 19, 8, 25, 3, -22}, // 0x005E
    {2370, 15, 3, 15, 0, 4}, // 0x005F
    {2376, 7, 6, 15, 3, -24}, // 0x0060
    {2382, 14, 16, 18, 2, -16}, // 0x0061
    {2410, 15, 23, 19, 3, -23}, // 0x0062
    {2454, 13, 16, 16, 2, -16}, // 0x0063
    {2480, 15, 23, 19, 2, -23}, // 0x0064
    {2524, 15, 16, 18, 2, -16}, // 0x0065
    {2554, 11, 23, 11, 0, -23}, // 0x0066
    {2586, 15, 22, 19, 2, -16}, // 0x0067
    {2628, 14, 23, 19, 3, -23}, // 0x0068
    {2669, 3, 23, 8, 3, -23}, // 0x0069
    {2678, 6, 29, 8, 0, -23}, // 0x006A
    {2700, 14, 23, 17, 3, -23}, // 0x006B
    {2741, 3, 23, 8, 3, -23}, // 0x006C
    {2750, 23, 16, 29, 3, -16}, // 0x006D
    {2796, 14, 16, 19, 3, -16}, // 0x006E
    {2824, 15, 16, 18, 2, -16}, // 0x006F
    {2854, 15, 22, 19, 3, -16}, // 0x0070
    {2896, 15, 22, 19, 2, -16}, // 0x0071
    {2938, 10, 16, 12, 3, -16}, // 0x0072
    {2958, 12, 16, 16, 2, -16}, // 0x0073
    {2982, 11, 21, 12, 1, -21}, // 0x0074
    {3011, 14, 16, 19, 3, -16}, // 0x0075
    {3039, 16, 16, 18, 1, -16}, // 0x0076
    {3071, 22, 16, 25, 1, -16}, // 0x0077
    {3115, 16, 16, 18, 1, -16}, // 0x0078
    {3147, 16, 22, 18, 1, -16}, // 0x0079
    {3191, 13, 16, 16, 1, -16}, // 0x007A
    {3217, 12, 28, 19, 3, -23}, // 0x007B
    {3259, 2, 30, 10, 4, -23}, // 0x007C
    {3267, 12, 28, 19, 4, -23}, // 0x007D
    {3309, 19, 4, 25, 3, -12}, // 0x007E
    {0, 0, 0, 0, 0, 0}, // 0x007F
    {0, 0, 0, 0, 0, 0}, // 0x0080
    {0, 0, 0, 0, 0, 0}, // 0x0081
    {0, 0, 0, 0, 0, 0}, // 0x0082
    {0, 0, 0, 0, 0, 0}, // 0x0083
    {0, 0, 0, 0, 0, 0}, // 0x0084
    {0, 0, 0, 0, 0, 0}, // 0x0085
    {0, 0, 0, 0, 0, 0}, // 0x0086
    {0, 0, 0, 0, 0, 0}, // 0x0087
    {0, 0, 0, 0, 0, 0}, // 0x0088
    {0, 0, 0, 0, 0, 0}, // 0x0089
    {0, 0, 0, 0, 0, 0}, // 0x008A
    {0, 0, 0, 0, 0, 0}, // 0x008B
    {0, 0, 0, 0, 0, 0}, // 0x008C
    {0, 0, 0, 0, 0, 0}, // 0x008D
    {0, 0, 0, 0, 0, 0}, // 0x008E
    {0, 0, 0, 0, 0, 0}, // 0x008F
    {0, 0, 0, 0, 0, 0}, // 0x0090
    {0, 0, 0, 0, 0, 0}, // 0x0091
    {0, 0, 0, 0, 0, 0}, // 0x0092
    {0, 0, 0, 0, 0, 0}, // 0x0093
    {0, 0, 0, 0, 0, 0}, // 0x0094
    {0, 0, 0, 0, 0, 0}, // 0x0095
    {0, 0, 0, 0, 0, 0}, // 0x0096
    {0, 0, 0, 0, 0, 0}, // 0x0097
    {0, 0, 0, 0, 0, 0}, // 0x0098
    {0, 0, 0, 0, 0, 0}, // 0x0099
    {0, 0, 0, 0, 0, 0}, // 0x009A
    {0, 0, 0, 0, 0, 0}, // 0x009B
    {0, 0, 0, 0, 0, 0}, // 0x009C
    {0, 0, 0, 0, 0, 0}, // 0x009D
    {0, 0, 0, 0, 0, 0}, // 0x009E
    {0, 0, 0, 0, 0, 0}, // 0x009F
    {0, 0, 0, 10, 0, 0}, // 0x00A0
    {3319, 3, 22, 12, 5, -16}, // 0x00A1
    {3328, 13, 24, 19, 3, -20}, // 0x00A2
    {3367, 14, 22, 19, 2, -22}, // 0x00A3
    {3406, 16, 16, 19, 1, -19}, // 0x00A4
    {3438, 17, 22, 19, 1, -22}, // 0x00A5
    {3485, 2, 26, 10, 4, -21}, // 0x00A6
    {3492, 12, 25, 15, 1, -22}, // 0x00A7
    {3530, 9, 3, 15, 3, -23}, // 0x00A8
    {3534, 22, 22, 30, 4, -22}, // 0x00A9
    {3595, 11, 16, 14, 2, -22}, // 0x00AA
    {3617, 13, 13, 18, 2, -16}, // 0x00AB
    {3639, 19, 8, 25, 3, -13}, // 0x00AC
    {0, 0, 0, 0, 0, 0}, // 0x00AD
    {3658, 22, 22, 30, 4, -22}, // 0x00AE
    {3719, 9, 3, 15, 3, -22}, // 0x00AF
    {3723, 9, 9, 15, 3, -22}, // 0x00B0
    {3734, 18, 19, 25, 3, -19}, // 0x00B1
    {3777, 9, 12, 12, 1, -22}, // 0x00B2
    {3791, 9, 12, 12, 1, -22}, // 0x00B3
    {3805, 7, 6, 15, 5, -24}, // 0x00B4
    {3811, 16, 22, 19, 3, -16}, // 0x00B5
    {3855, 14, 25, 19, 2, -22}, // 0x00B6
    {3899, 3, 4, 10, 3, -12}, // 0x00B7
    {3901, 6, 6, 15, 4, 0}, // 0x00B8
    {3906, 8, 12, 12, 2, -22}, // 0x00B9
    {3918, 11, 16, 14, 1, -22}, // 0x00BA
    {3940, 13, 13, 18, 3, -16}, // 0x00BB
    {3962, 26, 22, 29, 2, -22}, // 0x00BC
    {4034, 25, 22, 29, 2, -22}, // 0x00BD
    {4103, 27, 22, 29, 1, -22}, // 0x00BE
    {4178, 12, 22, 16, 2, -16}, // 0x00BF
    {4211, 20, 27, 21, 0, -27}, // 0x00C0
    {4279, 20, 27, 21, 0, -27}, // 0x00C1
    {4347, 20, 27, 21, 0, -27}, // 0x00C2
    {4415, 20, 27, 21, 0, -27}, // 0x00C3
    {4483, 20, 27, 21, 0, -27}, // 0x00C4
    {4551, 20, 28, 21, 0, -28}, // 0x00C5
    {4621, 27, 22, 29, 0, -22}, // 0x00C6
    {4696, 18, 28, 21, 2, -22}, // 0x00C7
    {4759, 14, 27, 19, 3, -27}, // 0x00C8
    {4807, 14, 27, 19, 3, -27}, // 0x00C9
    {4855, 14, 27, 19, 3, -27}, // 0x00CA
    {4903, 14, 27, 19, 3, -27}, // 0x00CB
    {4951, 5, 27, 9, 1, -27}, // 0x00CC
    {4968, 5, 27, 9, 2, -27}, // 0x00CD
    {4985, 9, 27, 9, 0, -27}, // 0x00CE
    {5016, 9, 27, 9, 0, -27}, // 0x00CF
    {5047, 21, 22, 23, 0, -22}, // 0x00D0
    {5105, 17, 27, 22, 3, -27}, // 0x00D1
    {5163, 20, 27, 24, 2, -27}, // 0x00D2
    {5231, 20, 27, 24, 2, -27}, // 0x00D3
    {5299, 20, 27, 24, 2, -27}, // 0x00D4
    {5367, 20, 27, 24, 2, -27}, // 0x00D5
    {5435, 20, 27, 24, 2, -27}, // 0x00D6
    {5503, 17, 17, 25, 4, -18}, // 0x00D7
    {5540, 20, 22, 24, 2, -22}, // 0x00D8
    {5595, 17, 27, 22, 3, -27}, // 0x00D9
    {5653, 17, 27, 22, 3, -27}, // 0x00DA
    {5711, 17, 27, 22, 3, -27}, // 0x00DB
    {5769, 17, 27, 22, 3, -27}, // 0x00DC
    {5827, 19, 27, 18, 0, -27}, // 0x00DD
    {5892, 14, 22, 18, 3, -22}, // 0x00DE
    {5931, 15, 23, 19, 3, -23}, // 0x00DF
    {5975, 14, 24, 18, 2, -24}, // 0x00E0
    {6017, 14, 24, 18, 2, -24}, // 0x00E1
    {6059, 14, 24, 18, 2, -24}, // 0x00E2
    {6101, 14, 23, 18, 2, -23}, // 0x00E3
    {6142, 14, 23, 18, 2, -23}, // 0x00E4
    {6183, 14, 26, 18, 2, -26}, // 0x00E5
    {6229, 26, 16, 29, 2, -16}, // 0x00E6
    {6281, 13, 22, 16, 2, -16}, // 0x00E7
    {6317, 15, 24, 18, 2, -24}, // 0x00E8
    {6362, 15, 24, 18, 2, -24}, // 0x00E9
    {6407, 15, 24, 18, 2, -24}, // 0x00EA
    {6452, 15, 23, 18, 2, -23}, // 0x00EB
    {6496, 7, 24, 8, 0, -24}, // 0x00EC
    {6517, 7, 24, 8, 2, -24}, // 0x00ED
    {6538, 9, 24, 8, 0, -24}, // 0x00EE
    {6565, 9, 23, 8, 0, -23}, // 0x00EF
    {6591, 15, 23, 18, 2, -23}, // 0x00F0
    {6635, 14, 23, 19, 3, -23}, // 0x00F1
    {6676, 15, 24, 18, 2, -24}, // 0x00F2
    {6721, 15, 24, 18, 2, -24}, // 0x00F3
    {6766, 15, 24, 18, 2, -24}, // 0x00F4
    {6811, 15, 23, 18, 2, -23}, // 0x00F5
    {6855, 15, 23, 18, 2, -23}, // 0x00F6
    {6899, 20, 14, 25, 3, -16}, // 0x00F7
    {6934, 15, 18, 18, 2, -17}, // 0x00F8
    {6968, 14, 24, 19, 3, -24}, // 0x00F9
    {7010, 14, 24, 19, 3, -24}, // 0x00FA
    {7052, 14, 24, 19, 3, -24}, // 0x00FB
    {7094, 14, 23, 19, 3, -23}, // 0x00FC
    {7135, 16, 30, 18, 1, -24}, // 0x00FD
    {7195, 15, 29, 19, 3, -23}, // 0x00FE
    {7250, 16, 29, 18, 1, -23}, // 0x00FF
    {7308, 20, 27, 21, 0, -27}, // 0x0100
    {7376, 14, 22, 18, 2, -22}, // 0x0101
    {7415, 20, 29, 21, 0, -29}, // 0x0102
    {7488, 14, 23, 18, 2, -23}, // 0x0103
    {7529, 21, 28, 21, 0, -22}, // 0x0104
    {7603, 15, 22, 18, 2, -16}, // 0x0105
    {7645, 18, 27, 21, 2, -27}, // 0x0106
    {7706, 13, 24, 16, 2, -24}, // 0x0107
    {7745, 18, 27, 21, 2, -27}, // 0x0108
    {7806, 13, 24, 16, 2, -24}, // 0x0109
    {7845, 18, 27, 21, 2, -27}, // 0x010A
    {7906, 13, 23, 16, 2, -23}, // 0x010B
    {7944, 18, 27, 21, 2, -27}, // 0x010C
    {8005, 13, 24, 16, 2, -24}, // 0x010D
    {8044, 18, 27, 23, 3, -27}, // 0x010E
    {8105, 20, 23, 19, 2, -23}, // 0x010F
    {8163, 21, 22, 23, 0, -22}, // 0x0110
    {8221, 17, 23, 19, 2, -23}, // 0x0111
    {8270, 14, 27, 19, 3, -27}, // 0x0112
    {8318, 15, 22, 18, 2, -22}, // 0x0113
    {8360, 14, 28, 19, 3, -28}, // 0x0114
    {8409, 15, 24, 18, 2, -24}, // 0x0115
    {8454, 14, 27, 19, 3, -27}, // 0x0116
    {8502, 15, 23, 18, 2, -23}, // 0x0117
    {8546, 14, 28, 19, 3, -22}, // 0x0118
    {8595, 15, 22, 18, 2, -16}, // 0x0119
    {8637, 14, 27, 19, 3, -27}, // 0x011A
    {8685, 15, 24, 18, 2, -24}, // 0x011B
    {8730, 19, 27, 23, 2, -27}, // 0x011C
    {8795, 15, 30, 19, 2, -24}, // 0x011D
    {8852, 19, 28, 23, 2, -28}, // 0x011E
    {8919, 15, 30, 19, 2, -24}, // 0x011F
    {8976, 19, 27, 23, 2, -27}, // 0x0120
    {9041, 15, 29, 19, 2, -23}, // 0x0121
    {9096, 19, 30, 23, 2, -22}, // 0x0122
    {9168, 15, 30, 19, 2, -24}, // 0x0123
    {9225, 17, 27, 23, 3, -27}, // 0x0124
    {9283, 17, 27, 19, 0, -27}, // 0x0125
    {9341, 21, 22, 27, 3, -22}, // 0x0126
    {9399, 16, 23, 21, 2, -23}, // 0x0127
    {9445, 11, 27, 9, -1, -27}, // 0x0128
    {9483, 10, 23, 8, -1, -23}, // 0x0129
    {9512, 9, 27, 9, 0, -27}, // 0x012A
    {9543, 9, 22, 8, 0, -22}, // 0x012B
    {9568, 9, 28, 9, 0, -28}, // 0x012C
    {9600, 9, 24, 8, 0, -24}, // 0x012D
    {9627, 5, 28, 9, 3, -22}, // 0x012E
    {9645, 5, 29, 8, 2, -23}, // 0x012F
    {9664, 3, 27, 9, 3, -27}, // 0x0130
    {9675, 3, 16, 8, 3, -16}, // 0x0131
    {9681, 12, 28, 18, 3, -22}, // 0x0132
    {9723, 11, 29, 17, 3, -23}, // 0x0133
    {9763, 11, 33, 9, -2, -27}, // 0x0134
    {9809, 9, 30, 8, 0, -24}, // 0x0135
    {9843, 17, 30, 20, 3, -22}, // 0x0136
    {9907, 14, 31, 17, 3, -23}, // 0x0137
    {9962, 14, 16, 17, 3, -16}, // 0x0138
    {9990, 14, 27, 17, 3, -27}, // 0x0139
    {10038, 5, 27, 8, 3, -27}, // 0x013A
    {10055, 14, 30, 17, 3, -22}, // 0x013B
    {10108, 4, 31, 8, 2, -23}, // 0x013C
    {10124, 14, 22, 17, 3, -22}, // 0x013D
    {10163, 8, 23, 11, 3, -23}, // 0x013E
    {10186, 14, 22, 17, 3, -22}, // 0x013F
    {10225, 6, 23, 10, 3, -23}, // 0x0140
    {10243, 17, 22, 17, 0, -22}, // 0x0141
    {10290, 9, 23, 9, 0, -23}, // 0x0142
    {10316, 17, 27, 22, 3, -27}, // 0x0143
    {10374, 14, 24, 19, 3, -24}, // 0x0144
    {10416, 17, 30, 22, 3, -22}, // 0x0145
    {10480, 14, 24, 19, 3, -16}, // 0x0146
    {10522, 17, 27, 22, 3, -27}, // 0x0147
    {10580, 14, 24, 19, 3, -24}, // 0x0148
    {10622, 19, 22, 24, 3, -22}, // 0x0149
    {10675, 16, 28, 22, 3, -22}, // 0x014A
    {10731, 14, 23, 19, 3, -16}, // 0x014B
    {10772, 20, 27, 24, 2, -27}, // 0x014C
    {10840, 15, 22, 18, 2, -22}, // 0x014D
    {10882, 20, 28, 24, 2, -28}, // 0x014E
    {10952, 15, 24, 18, 2, -24}, // 0x014F
    {10997, 20, 27, 24, 2, -27}, // 0x0150
    {11065, 15, 24, 18, 2, -24}, // 0x0151
    {11110, 28, 22, 32, 2, -22}, // 0x0152
    {11187, 27, 16, 31, 2, -16}, // 0x0153
    {11241, 17, 27, 21, 3, -27}, // 0x0154
    {11299, 10, 24, 12, 3, -24}, // 0x0155
    {11329, 17, 30, 21, 3, -22}, // 0x0156
    {11393, 11, 24, 12, 2, -16}, // 0x0157
    {11426, 17, 27, 21, 3, -27}, // 0x0158
    {11484, 10, 24, 12, 3, -24}, // 0x0159
    {11514, 15, 27, 19, 2, -27}, // 0x015A
    {11565, 12, 24, 16, 2, -24}, // 0x015B
    {11601, 15, 27, 19, 2, -27}, // 0x015C
    {11652, 12, 24, 16, 2, -24}, // 0x015D
    {11688, 15, 28, 19, 2, -22}, // 0x015E
    {11741, 12, 22, 16, 2, -16}, // 0x015F
    {11774, 15, 27, 19, 2, -27}, // 0x0160
    {11825, 12, 24, 16, 2, -24}, // 0x0161
    {11861, 19, 28, 18, 0, -22}, // 0x0162
    {11928, 11, 27, 12, 1, -21}, // 0x0163
    {11966, 19, 27, 18, 0, -27}, // 0x0164
    {12031, 11, 25, 12, 1, -25}, // 0x0165
    {12066, 19, 22, 18, 0, -22}, // 0x0166
    {12119, 11, 21, 12, 1, -21}, // 0x0167
    {12148, 17, 27, 22, 3, -27}, // 0x0168
    {12206, 14, 23, 19, 3, -23}, // 0x0169
    {12247, 17, 27, 22, 3, -27}, // 0x016A
    {12305, 14, 22, 19, 3, -22}, // 0x016B
    {12344, 17, 28, 22, 3, -28}, // 0x016C
    {12404, 14, 24, 19, 3, -24}, // 0x016D
    {12446, 17, 28, 22, 3, -28}, // 0x016E
    {12506, 14, 25, 19, 3, -25}, // 0x016F
    {12550, 17, 27, 22, 3, -27}, // 0x0170
    {12608, 14, 24, 19, 3, -24}, // 0x0171
    {12650, 17, 28, 22, 3, -22}, // 0x0172
    {12710, 15, 22, 19, 3, -16}, // 0x0173
    {12752, 28, 28, 30, 1, -28}, // 0x0174
    {12850, 22, 24, 25, 1, -24}, // 0x0175
    {12916, 19, 28, 18, 0, -28}, // 0x0176
    {12983, 16, 30, 18, 1, -24}, // 0x0177
    {13043, 19, 27, 18, 0, -27}, // 0x0178
    {13108, 18, 27, 21, 1, -27}, // 0x0179
    {13169, 13, 24, 16, 1, -24}, // 0x017A
    {13208, 18, 27, 21, 1, -27}, // 0x017B
    {13269, 13, 23, 16, 1, -23}, // 0x017C
    {13307, 18, 27, 21, 1, -27}, // 0x017D
    {13368, 13, 24, 16, 1, -24}, // 0x017E
    {13407, 11, 23, 11, 0, -23}, // 0x017F
    {0, 0, 0, 0, 0, 0}, // 0x0180
    {0, 0, 0, 0, 0, 0}, // 0x0181
    {0, 0, 0, 0, 0, 0}, // 0x0182
    {0, 0, 0, 0, 0, 0}, // 0x0183
    {0, 0, 0, 0, 0, 0}, // 0x0184
    {0, 0, 0, 0, 0, 0}, // 0x0185
    {0, 0, 0, 0, 0, 0}, // 0x0186
    {0, 0, 0, 0, 0, 0}, // 0x0187
    {0, 0, 0, 0, 0, 0}, // 0x0188
    {0, 0, 0, 0, 0, 0}, // 0x0189
    {0, 0, 0, 0, 0, 0}, // 0x018A
    {0, 0, 0, 0, 0, 0}, // 0x018B
    {0, 0, 0, 0, 0, 0}, // 0x018C
    {0, 0, 0, 0, 0, 0}, // 0x018D
    {0, 0, 0, 0, 0, 0}, // 0x018E
    {0, 0, 0, 0, 0, 0}, // 0x018F
    {0, 0, 0, 0, 0, 0}, // 0x0190
    {0, 0, 0, 0, 0, 0}, // 0x0191
    {0, 0, 0, 0, 0, 0}, // 0x0192
    {0, 0, 0, 0, 0, 0}, // 0x0193
    {0, 0, 0, 0, 0, 0}, // 0x0194
    {0, 0, 0, 0, 0, 0}, // 0x0195
    {0, 0, 0, 0, 0, 0}, // 0x0196
    {0, 0, 0, 0, 0, 0}, // 0x0197
    {0, 0, 0, 0, 0, 0}, // 0x0198
    {0, 0, 0, 0, 0, 0}, // 0x0199
    {0, 0, 0, 0, 0, 0}, // 0x019A
    {0, 0, 0, 0, 0, 0}, // 0x019B
    {0, 0, 0, 0, 0, 0}, // 0x019C
    {0, 0, 0, 0, 0, 0}, // 0x019D
    {0, 0, 0, 0, 0, 0}, // 0x019E
    {0, 0, 0, 0, 0, 0}, // 0x019F
    {0, 0, 0, 0, 0, 0}, // 0x01A0
    {0, 0, 0, 0, 0, 0}, // 0x01A1
    {0, 0, 0, 0, 0, 0}, // 0x01A2
    {0, 0, 0, 0, 0, 0}, // 0x01A3
    {0, 0, 0, 0, 0, 0}, // 0x01A4
    {0, 0, 0, 0, 0, 0}, // 0x01A5
    {0, 0, 0, 0, 0, 0}, // 0x01A6
    {0, 0, 0, 0, 0, 0}, // 0x01A7
    {0, 0, 0, 0, 0, 0}, // 0x01A8
    {0, 0, 0, 0, 0, 0}, // 0x01A9
    {0, 0, 0, 0, 0, 0}, // 0x01AA
    {0, 0, 0, 0, 0, 0}, // 0x01AB
    {0, 0, 0, 0, 0, 0}, // 0x01AC
    {0, 0, 0, 0, 0, 0}, // 0x01AD
    {0, 0, 0, 0, 0, 0}, // 0x01AE
    {0, 0, 0, 0, 0, 0}, // 0x01AF
    {0, 0, 0, 0, 0, 0}, // 0x01B0
    {0, 0, 0, 0, 0, 0}, // 0x01B1
    {0, 0, 0, 0, 0, 0}, // 0x01B2
    {0, 0, 0, 0, 0, 0}, // 0x01B3
    {0, 0, 0, 0, 0, 0}, // 0x01B4
    {0, 0, 0, 0, 0, 0}, // 0x01B5
    {0, 0, 0, 0, 0, 0}, // 0x01B6
    {0, 0, 0, 0, 0, 0}, // 0x01B7
    {0, 0, 0, 0, 0, 0}, // 0x01B8
    {0, 0, 0, 0, 0, 0}, // 0x01B9
    {0, 0, 0, 0, 0, 0}, // 0x01BA
    {0, 0, 0, 0, 0, 0}, // 0x01BB
    {0, 0, 0, 0, 0, 0}, // 0x01BC
    {0, 0, 0, 0, 0, 0}, // 0x01BD
    {0, 0, 0, 0, 0, 0}, // 0x01BE
    {0, 0, 0, 0, 0, 0}, // 0x01BF
    {0, 0, 0, 0, 0, 0}, // 0x01C0
    {0, 0, 0, 0, 0, 0}, // 0x01C1
    {0, 0, 0, 0, 0, 0}, // 0x01C2
    {0, 0, 0, 0, 0, 0}, // 0x01C3
    {0, 0, 0, 0, 0, 0}, // 0x01C4
    {0, 0, 0, 0, 0, 0}, // 0x01C5
    {0, 0, 0, 0, 0, 0}, // 0x01C6
    {0, 0, 0, 0, 0, 0}, // 0x01C7
    {0, 0, 0, 0, 0, 0}, // 0x01C8
    {0, 0, 0, 0, 0, 0}, // 0x01C9
    {0, 0, 0, 0, 0, 0}, // 0x01CA
    {0, 0, 0, 0, 0, 0}, // 0x01CB
    {0, 0, 0, 0, 0, 0}, // 0x01CC
    {0, 0, 0, 0, 0, 0}, // 0x01CD
    {0, 0, 0, 0, 0, 0}, // 0x01CE
    {0, 0, 0, 0, 0, 0}, // 0x01CF
    {0, 0, 0, 0, 0, 0}, // 0x01D0
    {0, 0, 0, 0, 0, 0}, // 0x01D1
    {0, 0, 0, 0, 0, 0}, // 0x01D2
    {0, 0, 0, 0, 0, 0}, // 0x01D3
    {0, 0, 0, 0, 0, 0}, // 0x01D4
    {0, 0, 0, 0, 0, 0}, // 0x01D5
    {0, 0, 0, 0, 0, 0}, // 0x01D6
    {0, 0, 0, 0, 0, 0}, // 0x01D7
    {0, 0, 0, 0, 0, 0}, // 0x01D8
    {0, 0, 0, 0, 0, 0}, // 0x01D9
    {0, 0, 0, 0, 0, 0}, // 0x01DA
    {0, 0, 0, 0, 0, 0}, // 0x01DB
    {0, 0, 0, 0, 0, 0}, // 0x01DC
    {0, 0, 0, 0, 0, 0}, // 0x01DD
    {0, 0, 0, 0, 0, 0}, // 0x01DE
    {0, 0, 0, 0, 0, 0}, // 0x01DF
    {0, 0, 0, 0, 0, 0}, // 0x01E0
    {0, 0, 0, 0, 0, 0}, // 0x01E1
    {0, 0, 0, 0, 0, 0}, // 0x01E2
    {0, 0, 0, 0, 0, 0}, // 0x01E3
    {0, 0, 0, 0, 0, 0}, // 0x01E4
    {0, 0, 0, 0, 0, 0}, // 0x01E5
    {0, 0, 0, 0, 0, 0}, // 0x01E6
    {0, 0, 0, 0, 0, 0}, // 0x01E7
    {0, 0, 0, 0, 0, 0}, // 0x01E8
    {0, 0, 0, 0, 0, 0}, // 0x01E9
    {0, 0, 0, 0, 0, 0}, // 0x01EA
    {0, 0, 0, 0, 0, 0}, // 0x01EB
    {0, 0, 0, 0, 0, 0}, // 0x01EC
    {0, 0, 0, 0, 0, 0}, // 0x01ED
    {0, 0, 0, 0, 0, 0}, // 0x01EE
    {0, 0, 0, 0, 0, 0}, // 0x01EF
    {0, 0, 0, 0, 0, 0}, // 0x01F0
    {0, 0, 0, 0, 0, 0}, // 0x01F1
    {0, 0, 0, 0, 0, 0}, // 0x01F2
    {0, 0, 0, 0, 0, 0}, // 0x01F3
    {0, 0, 0, 0, 0, 0}, // 0x01F4
    {0, 0, 0, 0, 0, 0}, // 0x01F5
    {0, 0, 0, 0, 0, 0}, // 0x01F6
    {0, 0, 0, 0, 0, 0}, // 0x01F7
    {0, 0, 0, 0, 0, 0}, // 0x01F8
    {0, 0, 0, 0, 0, 0}, // 0x01F9
    {0, 0, 0, 0, 0, 0}, // 0x01FA
    {0, 0, 0, 0, 0, 0}, // 0x01FB
    {0, 0, 0, 0, 0, 0}, // 0x01FC
    {0, 0, 0, 0, 0, 0}, // 0x01FD
    {0, 0, 0, 0, 0, 0}, // 0x01FE
    {0, 0, 0, 0, 0, 0}, // 0x01FF
    {0, 0, 0, 0, 0, 0}, // 0x0200
    {0, 0, 0, 0, 0, 0}, // 0x0201
    {0, 0, 0, 0, 0, 0}, // 0x0202
    {0, 0, 0, 0, 0, 0}, // 0x0203
    {0, 0, 0, 0, 0, 0}, // 0x0204
    {0, 0, 0, 0, 0, 0}, // 0x0205
    {0, 0, 0, 0, 0, 0}, // 0x0206
    {0, 0, 0, 0, 0, 0}, // 0x0207
    {0, 0, 0, 0, 0, 0}, // 0x0208
    {0, 0, 0, 0, 0, 0}, // 0x0209
    {0, 0, 0, 0, 0, 0}, // 0x020A
    {0, 0, 0, 0, 0, 0}, // 0x020B
    {0, 0, 0, 0, 0, 0}, // 0x020C
    {0, 0, 0, 0, 0, 0}, // 0x020D
    {0, 0, 0, 0, 0, 0}, // 0x020E
    {0, 0, 0, 0, 0, 0}, // 0x020F
    {0, 0, 0, 0, 0, 0}, // 0x0210
    {0, 0, 0, 0, 0, 0}, // 0x0211
    {0, 0, 0, 0, 0, 0}, // 0x0212
    {0, 0, 0, 0, 0, 0}, // 0x0213
    {0, 0, 0, 0, 0, 0}, // 0x0214
    {0, 0, 0, 0, 0, 0}, // 0x0215
    {0, 0, 0, 0, 0, 0}, // 0x0216
    {0, 0, 0, 0, 0, 0}, // 0x0217
    {0, 0, 0, 0, 0, 0}, // 0x0218
    {0, 0, 0, 0, 0, 0}, // 0x0219
    {0, 0, 0, 0, 0, 0}, // 0x021A
    {0, 0, 0, 0, 0, 0}, // 0x021B
    {0, 0, 0, 0, 0, 0}, // 0x021C
    {0, 0, 0, 0, 0, 0}, // 0x021D
    {0, 0, 0, 0, 0, 0}, // 0x021E
    {0, 0, 0, 0, 0, 0}, // 0x021F
    {0, 0, 0, 0, 0, 0}, // 0x0220
    {0, 0, 0, 0, 0, 0}, // 0x0221
    {0, 0, 0, 0, 0, 0}, // 0x0222
    {0, 0, 0, 0, 0, 0}, // 0x0223
    {0, 0, 0, 0, 0, 0}, // 0x0224
    {0, 0, 0, 0, 0, 0}, // 0x0225
    {0, 0, 0, 0, 0, 0}, // 0x0226
    {0, 0, 0, 0, 0, 0}, // 0x0227
    {0, 0, 0, 0, 0, 0}, // 0x0228
    {0, 0, 0, 0, 0, 0}, // 0x0229
    {0, 0, 0, 0, 0, 0}, // 0x022A
    {0, 0, 0, 0, 0, 0}, // 0x022B
    {0, 0, 0, 0, 0, 0}, // 0x022C
    {0, 0, 0, 0, 0, 0}, // 0x022D
    {0, 0, 0, 0, 0, 0}, // 0x022E
    {0, 0, 0, 0, 0, 0}, // 0x022F
    {0, 0, 0, 0, 0, 0}, // 0x0230
    {0, 0, 0, 0, 0, 0}, // 0x0231
    {0, 0, 0, 0, 0, 0}, // 0x0232
    {0, 0, 0, 0, 0, 0}, // 0x0233
    {0, 0, 0, 0, 0, 0}, // 0x0234
    {0, 0, 0, 0, 0, 0}, // 0x0235
    {0, 0, 0, 0, 0, 0}, // 0x0236
    {0, 0, 0, 0, 0, 0}, // 0x0237
    {0, 0, 0, 0, 0, 0}, // 0x0238
    {0, 0, 0, 0, 0, 0}, // 0x0239
    {0, 0, 0, 0, 0, 0}, // 0x023A
    {0, 0, 0, 0, 0, 0}, // 0x023B
    {0, 0, 0, 0, 0, 0}, // 0x023C
    {0, 0, 0, 0, 0, 0}, // 0x023D
    {0, 0, 0, 0, 0, 0}, // 0x023E
    {0, 0, 0, 0, 0, 0}, // 0x023F
    {0, 0, 0, 0, 0, 0}, // 0x0240
    {0, 0, 0, 0, 0, 0}, // 0x0241
    {0, 0, 0, 0, 0, 0}, // 0x0242
    {0, 0, 0, 0, 0, 0}, // 0x0243
    {0, 0, 0, 0, 0, 0}, // 0x0244
    {0, 0, 0, 0, 0, 0}, // 0x0245
    {0, 0, 0, 0, 0, 0}, // 0x0246
    {0, 0, 0, 0, 0, 0}, // 0x0247
    {0, 0, 0, 0, 0, 0}, // 0x0248
    {0, 0, 0, 0, 0, 0}, // 0x0249
    {0, 0, 0, 0, 0, 0}, // 0x024A
    {0, 0, 0, 0, 0, 0}, // 0x024B
    {0, 0, 0, 0, 0, 0}, // 0x024C
    {0, 0, 0, 0, 0, 0}, // 0x024D
    {0, 0, 0, 0, 0, 0}, // 0x024E
    {0, 0, 0, 0, 0, 0}, // 0x024F
    {0, 0, 0, 0, 0, 0}, // 0x0250
    {0, 0, 0, 0, 0, 0}, // 0x0251
    {0, 0, 0, 0, 0, 0}, // 0x0252
    {0, 0, 0, 0, 0, 0}, // 0x0253
    {0, 0, 0, 0, 0, 0}, // 0x0254
    {0, 0, 0, 0, 0, 0}, // 0x0255
    {0, 0, 0, 0, 0, 0}, // 0x0256
    {0, 0, 0, 0, 0, 0}, // 0x0257
    {0, 0, 0, 0, 0, 0}, // 0x0258
    {0, 0, 0, 0, 0, 0}, // 0x0259
    {0, 0, 0, 0, 0, 0}, // 0x025A
    {0, 0, 0, 0, 0, 0}, // 0x025B
    {0, 0, 0, 0, 0, 0}, // 0x025C
    {0, 0, 0, 0, 0, 0}, // 0x025D
    {0, 0, 0, 0, 0, 0}, // 0x025E
    {0, 0, 0, 0, 0, 0}, // 0x025F
    {0, 0, 0, 0, 0, 0}, // 0x0260
    {0, 0, 0, 0, 0, 0}, // 0x0261
    {0, 0, 0, 0, 0, 0}, // 0x0262
    {0, 0, 0, 0, 0, 0}, // 0x0263
    {0, 0, 0, 0, 0, 0}, // 0x0264
    {0, 0, 0, 0, 0, 0}, // 0x0265
    {0, 0, 0, 0, 0, 0}, // 0x0266
    {0, 0, 0, 0, 0, 0}, // 0x0267
    {0, 0, 0, 0, 0, 0}, // 0x0268
    {0, 0, 0, 0, 0, 0}, // 0x0269
    {0, 0, 0, 0, 0, 0}, // 0x026A
    {0, 0, 0, 0, 0, 0}, // 0x026B
    {0, 0, 0, 0, 0, 0}, // 0x026C
    {0, 0, 0, 0, 0, 0}, // 0x026D
    {0, 0, 0, 0, 0, 0}, // 0x026E
    {0, 0, 0, 0, 0, 0}, // 0x026F
    {0, 0, 0, 0, 0, 0}, // 0x0270
    {0, 0, 0, 0, 0, 0}, // 0x0271
    {0, 0, 0, 0, 0, 0}, // 0x0272
    {0, 0, 0, 0, 0, 0}, // 0x0273
    {0, 0, 0, 0, 0, 0}, // 0x0274
    {0, 0, 0, 0, 0, 0}, // 0x0275
    {0, 0, 0, 0, 0, 0}, // 0x0276
    {0, 0, 0, 0, 0, 0}, // 0x0277
    {0, 0, 0, 0, 0, 0}, // 0x0278
    {0, 0, 0, 0, 0, 0}, // 0x0279
    {0, 0, 0, 0, 0, 0}, // 0x027A
    {0, 0, 0, 0, 0, 0}, // 0x027B
    {0, 0, 0, 0, 0, 0}, // 0x027C
    {0, 0, 0, 0, 0, 0}, // 0x027D
    {0, 0, 0, 0, 0, 0}, // 0x027E
    {0, 0, 0, 0, 0, 0}, // 0x027F
    {0, 0, 0, 0, 0, 0}, // 0x0280
    {0, 0, 0, 0, 0, 0}, // 0x0281
    {0, 0, 0, 0, 0, 0}, // 0x0282
    {0, 0, 0, 0, 0, 0}, // 0x0283
    {0, 0, 0, 0, 0, 0}, // 0x0284
    {0, 0, 0, 0, 0, 0}, // 0x0285
    {0, 0, 0, 0, 0, 0}, // 0x0286
    {0, 0, 0, 0, 0, 0}, // 0x0287
    {0, 0, 0, 0, 0, 0}, // 0x0288
    {0, 0, 0, 0, 0, 0}, // 0x0289
    {0, 0, 0, 0, 0, 0}, // 0x028A
    {0, 0, 0, 0, 0, 0}, // 0x028B
    {0, 0, 0, 0, 0, 0}, // 0x028C
    {0, 0, 0, 0, 0, 0}, // 0x028D
    {0, 0, 0, 0, 0, 0}, // 0x028E
    {0, 0, 0, 0, 0, 0}, // 0x028F
    {0, 0, 0, 0, 0, 0}, // 0x0290
    {0, 0, 0, 0, 0, 0}, // 0x0291
    {0, 0, 0, 0, 0, 0}, // 0x0292
    {0, 0, 0, 0, 0, 0}, // 0x0293
    {0, 0, 0, 0, 0, 0}, // 0x0294
    {0, 0, 0, 0, 0, 0}, // 0x0295
    {0, 0, 0, 0, 0, 0}, // 0x0296
    {0, 0, 0, 0, 0, 0}, // 0x0297
    {0, 0, 0, 0, 0, 0}, // 0x0298
    {0, 0, 0, 0, 0, 0}, // 0x0299
    {0, 0, 0, 0, 0, 0}, // 0x029A
    {0, 0, 0, 0, 0, 0}, // 0x029B
    {0, 0, 0, 0, 0, 0}, // 0x029C
    {0, 0, 0, 0, 0, 0}, // 0x029D
    {0, 0, 0, 0, 0, 0}, // 0x029E
    {0, 0, 0, 0, 0, 0}, // 0x029F
    {0, 0, 0, 0, 0, 0}, // 0x02A0
    {0, 0, 0, 0, 0, 0}, // 0x02A1
    {0, 0, 0, 0, 0, 0}, // 0x02A2
    {0, 0, 0, 0, 0, 0}, // 0x02A3
    {0, 0, 0, 0, 0, 0}, // 0x02A4
    {0, 0, 0, 0, 0, 0}, // 0x02A5
    {0, 0, 0, 0, 0, 0}, // 0x02A6
    {0, 0, 0, 0, 0, 0}, // 0x02A7
    {0, 0, 0, 0, 0, 0}, // 0x02A8
    {0, 0, 0, 0, 0, 0}, // 0x02A9
    {0, 0, 0, 0, 0, 0}, // 0x02AA
    {0, 0, 0, 0, 0, 0}, // 0x02AB
    {0, 0, 0, 0, 0, 0}, // 0x02AC
    {0, 0, 0, 0, 0, 0}, // 0x02AD
    {0, 0, 0, 0, 0, 0}, // 0x02AE
    {0, 0, 0, 0, 0, 0}, // 0x02AF
    {0, 0, 0, 0, 0, 0}, // 0x02B0
    {0, 0, 0, 0, 0, 0}, // 0x02B1
    {0, 0, 0, 0, 0, 0}, // 0x02B2
    {0, 0, 0, 0, 0, 0}, // 0x02B3
    {0, 0, 0, 0, 0, 0}, // 0x02B4
    {0, 0, 0, 0, 0, 0}, // 0x02B5
    {0, 0, 0, 0, 0, 0}, // 0x02B6
    {0, 0, 0, 0, 0, 0}, // 0x02B7
    {0, 0, 0, 0, 0, 0}, // 0x02B8
    {0, 0, 0, 0, 0, 0}, // 0x02B9
    {0, 0, 0, 0, 0, 0}, // 0x02BA
    {0, 0, 0, 0, 0, 0}, // 0x02BB
    {0, 0, 0, 0, 0, 0}, // 0x02BC
    {0, 0, 0, 0, 0, 0}, // 0x02BD
    {0, 0, 0, 0, 0, 0}, // 0x02BE
    {0, 0, 0, 0, 0, 0}, // 0x02BF
    {0, 0, 0, 0, 0, 0}, // 0x02C0
    {0, 0, 0, 0, 0, 0}, // 0x02C1
    {0, 0, 0, 0, 0, 0}, // 0x02C2
    {0, 0, 0, 0, 0, 0}, // 0x02C3
    {0, 0, 0, 0, 0, 0}, // 0x02C4
    {0, 0, 0, 0, 0, 0}, // 0x02C5
    {0, 0, 0, 0, 0, 0}, // 0x02C6
    {0, 0, 0, 0, 0, 0}, // 0x02C7
    {0, 0, 0, 0, 0, 0}, // 0x02C8
    {0, 0, 0, 0, 0, 0}, // 0x02C9
    {0, 0, 0, 0, 0, 0}, // 0x02CA
    {0, 0, 0, 0, 0, 0}, // 0x02CB
    {0, 0, 0, 0, 0, 0}, // 0x02CC
    {0, 0, 0, 0, 0, 0}, // 0x02CD
    {0, 0, 0, 0, 0, 0}, // 0x02CE
    {0, 0, 0, 0, 0, 0}, // 0x02CF
    {0, 0, 0, 0, 0, 0}, // 0x02D0
    {0, 0, 0, 0, 0, 0}, // 0x02D1
    {0, 0, 0, 0, 0, 0}, // 0x02D2
    {0, 0, 0, 0, 0, 0}, // 0x02D3
    {0, 0, 0, 0, 0, 0}, // 0x02D4
    {0, 0, 0, 0, 0, 0}, // 0x02D5
    {0, 0, 0, 0, 0, 0}, // 0x02D6
    {0, 0, 0, 0, 0, 0}, // 0x02D7
    {0, 0, 0, 0, 0, 0}, // 0x02D8
    {0, 0, 0, 0, 0, 0}, // 0x02D9
    {0, 0, 0, 0, 0, 0}, // 0x02DA
    {0, 0, 0, 0, 0, 0}, // 0x02DB
    {0, 0, 0, 0, 0, 0}, // 0x02DC
    {0, 0, 0, 0, 0, 0}, // 0x02DD
    {0, 0, 0, 0, 0, 0}, // 0x02DE
    {0, 0, 0, 0, 0, 0}, // 0x02DF
    {0, 0, 0, 0, 0, 0}, // 0x02E0
    {0, 0, 0, 0, 0, 0}, // 0x02E1
    {0, 0, 0, 0, 0, 0}, // 0x02E2
    {0, 0, 0, 0, 0, 0}, // 0x02E3
    {0, 0, 0, 0, 0, 0}, // 0x02E4
    {0, 0, 0, 0, 0, 0}, // 0x02E5
    {0, 0, 0, 0, 0, 0}, // 0x02E6
    {0, 0, 0, 0, 0, 0}, // 0x02E7
    {0, 0, 0, 0, 0, 0}, // 0x02E8
    {0, 0, 0, 0, 0, 0}, // 0x02E9
    {0, 0, 0, 0, 0, 0}, // 0x02EA
    {0, 0, 0, 0, 0, 0}, // 0x02EB
    {0, 0, 0, 0, 0, 0}, // 0x02EC
    {0, 0, 0, 0, 0, 0}, // 0x02ED
    {0, 0, 0, 0, 0, 0}, // 0x02EE
    {0, 0, 0, 0, 0, 0}, // 0x02EF
    {0, 0, 0, 0, 0, 0}, // 0x02F0
    {0, 0, 0, 0, 0, 0}, // 0x02F1
    {0, 0, 0, 0, 0, 0}, // 0x02F2
    {0, 0, 0, 0, 0, 0}, // 0x02F3
    {0, 0, 0, 0, 0, 0}, // 0x02F4
    {0, 0, 0, 0, 0, 0}, // 0x02F5
    {0, 0, 0, 0, 0, 0}, // 0x02F6
    {0, 0, 0, 0, 0, 0}, // 0x02F7
    {0, 0, 0, 0, 0, 0}, // 0x02F8
    {0, 0, 0, 0, 0, 0}, // 0x02F9
    {0, 0, 0, 0, 0, 0}, // 0x02FA
    {0, 0, 0, 0, 0, 0}, // 0x02FB
    {0, 0, 0, 0, 0, 0}, // 0x02FC
    {0, 0, 0, 0, 0, 0}, // 0x02FD
    {0, 0, 0, 0, 0, 0}, // 0x02FE
    {0, 0, 0, 0, 0, 0}, // 0x02FF
    {0, 0, 0, 0, 0, 0}, // 0x0300
    {0, 0, 0, 0, 0, 0}, // 0x0301
    {0, 0, 0, 0, 0, 0}, // 0x0302
    {0, 0, 0, 0, 0, 0}, // 0x0303
    {0, 0, 0, 0, 0, 0}, // 0x0304
    {0, 0, 0, 0, 0, 0}, // 0x0305
    {0, 0, 0, 0, 0, 0}, // 0x0306
    {0, 0, 0, 0, 0, 0}, // 0x0307
    {0, 0, 0, 0, 0, 0}, // 0x0308
    {0, 0, 0, 0, 0, 0}, // 0x0309
    {0, 0, 0, 0, 0, 0}, // 0x030A
    {0, 0, 0, 0, 0, 0}, // 0x030B
    {0, 0, 0, 0, 0, 0}, // 0x030C
    {0, 0, 0, 0, 0, 0}, // 0x030D
    {0, 0, 0, 0, 0, 0}, // 0x030E
    {0, 0, 0, 0, 0, 0}, // 0x030F
    {0, 0, 0, 0, 0, 0}, // 0x0310
    {0, 0, 0, 0, 0, 0}, // 0x0311
    {0, 0, 0, 0, 0, 0}, // 0x0312
    {0, 0, 0, 0, 0, 0}, // 0x0313
    {0, 0, 0, 0, 0, 0}, // 0x0314
    {0, 0, 0, 0, 0, 0}, // 0x0315
    {0, 0, 0, 0, 0, 0}, // 0x0316
    {0, 0, 0, 0, 0, 0}, // 0x0317
    {0, 0, 0, 0, 0, 0}, // 0x0318
    {0, 0, 0, 0, 0, 0}, // 0x0319
    {0, 0, 0, 0, 0, 0}, // 0x031A
    {0, 0, 0, 0, 0, 0}, // 0x031B
    {0, 0, 0, 0, 0, 0}, // 0x031C
    {0, 0, 0, 0, 0, 0}, // 0x031D
    {0, 0, 0, 0, 0, 0}, // 0x031E
    {0, 0, 0, 0, 0, 0}, // 0x031F
    {0, 0, 0, 0, 0, 0}, // 0x0320
    {0, 0, 0, 0, 0, 0}, // 0x0321
    {0, 0, 0, 0, 0, 0}, // 0x0322
    {0, 0, 0, 0, 0, 0}, // 0x0323
    {0, 0, 0, 0, 0, 0}, // 0x0324
    {0, 0, 0, 0, 0, 0}, // 0x0325
    {0, 0, 0, 0, 0, 0}, // 0x0326
    {0, 0, 0, 0, 0, 0}, // 0x0327
    {0, 0, 0, 0, 0, 0}, // 0x0328
    {0, 0, 0, 0, 0, 0}, // 0x0329
    {0, 0, 0, 0, 0, 0}, // 0x032A
    {0, 0, 0, 0, 0, 0}, // 0x032B
    {0, 0, 0, 0, 0, 0}, // 0x032C
    {0, 0, 0, 0, 0, 0}, // 0x032D
    {0, 0, 0, 0, 0, 0}, // 0x032E
    {0, 0, 0, 0, 0, 0}, // 0x032F
    {0, 0, 0, 0, 0, 0}, // 0x0330
    {0, 0, 0, 0, 0, 0}, // 0x0331
    {0, 0, 0, 0, 0, 0}, // 0x0332
    {0, 0, 0, 0, 0, 0}, // 0x0333
    {0, 0, 0, 0, 0, 0}, // 0x0334
    {0, 0, 0, 0, 0, 0}, // 0x0335
    {0, 0, 0, 0, 0, 0}, // 0x0336
    {0, 0, 0, 0, 0, 0}, // 0x0337
    {0, 0, 0, 0, 0, 0}, // 0x0338
    {0, 0, 0, 0, 0, 0}, // 0x0339
    {0, 0, 0, 0, 0, 0}, // 0x033A
    {0, 0, 0, 0, 0, 0}, // 0x033B
    {0, 0, 0, 0, 0, 0}, // 0x033C
    {0, 0, 0, 0, 0, 0}, // 0x033D
    {0, 0, 0, 0, 0, 0}, // 0x033E
    {0, 0, 0, 0, 0, 0}, // 0x033F
    {0, 0, 0, 0, 0, 0}, // 0x0340
    {0, 0, 0, 0, 0, 0}, // 0x0341
    {0, 0, 0, 0, 0, 0}, // 0x0342
    {0, 0, 0, 0, 0, 0}, // 0x0343
    {0, 0, 0, 0, 0, 0}, // 0x0344
    {0, 0, 0, 0, 0, 0}, // 0x0345
    {0, 0, 0, 0, 0, 0}, // 0x0346
    {0, 0, 0, 0, 0, 0}, // 0x0347
    {0, 0, 0, 0, 0, 0}, // 0x0348
    {0, 0, 0, 0, 0, 0}, // 0x0349
    {0, 0, 0, 0, 0, 0}, // 0x034A
    {0, 0, 0, 0, 0, 0}, // 0x034B
    {0, 0, 0, 0, 0, 0}, // 0x034C
    {0, 0, 0, 0, 0, 0}, // 0x034D
    {0, 0, 0, 0, 0, 0}, // 0x034E
    {0, 0, 0, 0, 0, 0}, // 0x034F
    {0, 0, 0, 0, 0, 0}, // 0x0350
    {0, 0, 0, 0, 0, 0}, // 0x0351
    {0, 0, 0, 0, 0, 0}, // 0x0352
    {0, 0, 0, 0, 0, 0}, // 0x0353
    {0, 0, 0, 0, 0, 0}, // 0x0354
    {0, 0, 0, 0, 0, 0}, // 0x0355
    {0, 0, 0, 0, 0, 0}, // 0x0356
    {0, 0, 0, 0, 0, 0}, // 0x0357
    {0, 0, 0, 0, 0, 0}, // 0x0358
    {0, 0, 0, 0, 0, 0}, // 0x0359
    {0, 0, 0, 0, 0, 0}, // 0x035A
    {0, 0, 0, 0, 0, 0}, // 0x035B
    {0, 0, 0, 0, 0, 0}, // 0x035C
    {0, 0, 0, 0, 0, 0}, // 0x035D
    {0, 0, 0, 0, 0, 0}, // 0x035E
    {0, 0, 0, 0, 0, 0}, // 0x035F
    {0, 0, 0, 0, 0, 0}, // 0x0360
    {0, 0, 0, 0, 0, 0}, // 0x0361
    {0, 0, 0, 0, 0, 0}, // 0x0362
    {0, 0, 0, 0, 0, 0}, // 0x0363
    {0, 0, 0, 0, 0, 0}, // 0x0364
    {0, 0, 0, 0, 0, 0}, // 0x0365
    {0, 0, 0, 0, 0, 0}, // 0x0366
    {0, 0, 0, 0, 0, 0}, // 0x0367
    {0, 0, 0, 0, 0, 0}, // 0x0368
    {0, 0, 0, 0, 0, 0}, // 0x0369
    {0, 0, 0, 0, 0, 0}, // 0x036A
    {0, 0, 0, 0, 0, 0}, // 0x036B
    {0, 0, 0, 0, 0, 0}, // 0x036C
    {0, 0, 0, 0, 0, 0}, // 0x036D
    {0, 0, 0, 0, 0, 0}, // 0x036E
    {0, 0, 0, 0, 0, 0}, // 0x036F
    {0, 0, 0, 0, 0, 0}, // 0x0370
    {0, 0, 0, 0, 0, 0}, // 0x0371
    {0, 0, 0, 0, 0, 0}, // 0x0372
    {0, 0, 0, 0, 0, 0}, // 0x0373
    {0, 0, 0, 0, 0, 0}, // 0x0374
    {0, 0, 0, 0, 0, 0}, // 0x0375
    {0, 0, 0, 0, 0, 0}, // 0x0376
    {0, 0, 0, 0, 0, 0}, // 0x0377
    {0, 0, 0, 0, 0, 0}, // 0x0378
    {0, 0, 0, 0, 0, 0}, // 0x0379
    {0, 0, 0, 0, 0, 0}, // 0x037A
    {0, 0, 0, 0, 0, 0}, // 0x037B
    {0, 0, 0, 0, 0, 0}, // 0x037C
    {0, 0, 0, 0, 0, 0}, // 0x037D
    {0, 0, 0, 0, 0, 0}, // 0x037E
    {0, 0, 0, 0, 0, 0}, // 0x037F
    {0, 0, 0, 0, 0, 0}, // 0x0380
    {0, 0, 0, 0, 0, 0}, // 0x0381
    {0, 0, 0, 0, 0, 0}, // 0x0382
    {0, 0, 0, 0, 0, 0}, // 0x0383
    {0, 0, 0, 0, 0, 0}, // 0x0384
    {0, 0, 0, 0, 0, 0}, // 0x0385
    {0, 0, 0, 0, 0, 0}, // 0x0386
    {0, 0, 0, 0, 0, 0}, // 0x0387
    {0, 0, 0, 0, 0, 0}, // 0x0388
    {0, 0, 0, 0, 0, 0}, // 0x0389
    {0, 0, 0, 0, 0, 0}, // 0x038A
    {0, 0, 0, 0, 0, 0}, // 0x038B
    {0, 0, 0, 0, 0, 0}, // 0x038C
    {0, 0, 0, 0, 0, 0}, // 0x038D
    {0, 0, 0, 0, 0, 0}, // 0x038E
    {0, 0, 0, 0, 0, 0}, // 0x038F
    {0, 0, 0, 0, 0, 0}, // 0x0390
    {0, 0, 0, 0, 0, 0}, // 0x0391
    {0, 0, 0, 0, 0, 0}, // 0x0392
    {0, 0, 0, 0, 0, 0}, // 0x0393
    {0, 0, 0, 0, 0, 0}, // 0x0394
    {0, 0, 0, 0, 0, 0}, // 0x0395
    {0, 0, 0, 0, 0, 0}, // 0x0396
    {0, 0, 0, 0, 0, 0}, // 0x0397
    {0, 0, 0, 0, 0, 0}, // 0x0398
    {0, 0, 0, 0, 0, 0}, // 0x0399
    {0, 0, 0, 0, 0, 0}, // 0x039A
    {0, 0, 0, 0, 0, 0}, // 0x039B
    {0, 0, 0, 0, 0, 0}, // 0x039C
    {0, 0, 0, 0, 0, 0}, // 0x039D
    {0, 0, 0, 0, 0, 0}, // 0x039E
    {0, 0, 0, 0, 0, 0}, // 0x039F
    {0, 0, 0, 0, 0, 0}, // 0x03A0
    {0, 0, 0, 0, 0, 0}, // 0x03A1
    {0, 0, 0, 0, 0, 0}, // 0x03A2
    {0, 0, 0, 0, 0, 0}, // 0x03A3
    {0, 0, 0, 0, 0, 0}, // 0x03A4
    {0, 0, 0, 0, 0, 0}, // 0x03A5
    {0, 0, 0, 0, 0, 0}, // 0x03A6
    {0, 0, 0, 0, 0, 0}, // 0x03A7
    {0, 0, 0, 0, 0, 0}, // 0x03A8
    {0, 0, 0, 0, 0, 0}, // 0x03A9
    {0, 0, 0, 0, 0, 0}, // 0x03AA
    {0, 0, 0, 0, 0, 0}, // 0x03AB
    {0, 0, 0, 0, 0, 0}, // 0x03AC
    {0, 0, 0, 0, 0, 0}, // 0x03AD
    {0, 0, 0, 0, 0, 0}, // 0x03AE
    {0, 0, 0, 0, 0, 0}, // 0x03AF
    {0, 0, 0, 0, 0, 0}, // 0x03B0
    {0, 0, 0, 0, 0, 0}, // 0x03B1
    {0, 0, 0, 0, 0, 0}, // 0x03B2
    {0, 0, 0, 0, 0, 0}, // 0x03B3
    {0, 0, 0, 0, 0, 0}, // 0x03B4
    {0, 0, 0, 0, 0, 0}, // 0x03B5
    {0, 0, 0, 0, 0, 0}, // 0x03B6
    {0, 0, 0, 0, 0, 0}, // 0x03B7
    {0, 0, 0, 0, 0, 0}, // 0x03B8
    {0, 0, 0, 0, 0, 0}, // 0x03B9
    {0, 0, 0, 0, 0, 0}, // 0x03BA
    {0, 0, 0, 0, 0, 0}, // 0x03BB
    {0, 0, 0, 0, 0, 0}, // 0x03BC
    {0, 0, 0, 0, 0, 0}, // 0x03BD
    {0, 0, 0, 0, 0, 0}, // 0x03BE
    {0, 0, 0, 0, 0, 0}, // 0x03BF
    {0, 0, 0, 0, 0, 0}, // 0x03C0
    {0, 0, 0, 0, 0, 0}, // 0x03C1
    {0, 0, 0, 0, 0, 0}, // 0x03C2
    {0, 0, 0, 0, 0, 0}, // 0x03C3
    {0, 0, 0, 0, 0, 0}, // 0x03C4
    {0, 0, 0, 0, 0, 0}, // 0x03C5
    {0, 0, 0, 0, 0, 0}, // 0x03C6
    {0, 0, 0, 0, 0, 0}, // 0x03C7
    {0, 0, 0, 0, 0, 0}, // 0x03C8
    {0, 0, 0, 0, 0, 0}, // 0x03C9
    {0, 0, 0, 0, 0, 0}, // 0x03CA
    {0, 0, 0, 0, 0, 0}, // 0x03CB
    {0, 0, 0, 0, 0, 0}, // 0x03CC
    {0, 0, 0, 0, 0, 0}, // 0x03CD
    {0, 0, 0, 0, 0, 0}, // 0x03CE
    {0, 0, 0, 0, 0, 0}, // 0x03CF
    {0, 0, 0, 0, 0, 0}, // 0x03D0
    {0, 0, 0, 0, 0, 0}, // 0x03D1
    {0, 0, 0, 0, 0, 0}, // 0x03D2
    {0, 0, 0, 0, 0, 0}, // 0x03D3
    {0, 0, 0, 0, 0, 0}, // 0x03D4
    {0, 0, 0, 0, 0, 0}, // 0x03D5
    {0, 0, 0, 0, 0, 0}, // 0x03D6
    {0, 0, 0, 0, 0, 0}, // 0x03D7
    {0, 0, 0, 0, 0, 0}, // 0x03D8
    {0, 0, 0, 0, 0, 0}, // 0x03D9
    {0, 0, 0, 0, 0, 0}, // 0x03DA
    {0, 0, 0, 0, 0, 0}, // 0x03DB
    {0, 0, 0, 0, 0, 0}, // 0x03DC
    {0, 0, 0, 0, 0, 0}, // 0x03DD
    {0, 0, 0, 0, 0, 0}, // 0x03DE
    {0, 0, 0, 0, 0, 0}, // 0x03DF
    {0, 0, 0, 0, 0, 0}, // 0x03E0
    {0, 0, 0, 0, 0, 0}, // 0x03E1
    {0, 0, 0, 0, 0, 0}, // 0x03E2
    {0, 0, 0, 0, 0, 0}, // 0x03E3
    {0, 0, 0, 0, 0, 0}, // 0x03E4
    {0, 0, 0, 0, 0, 0}, // 0x03E5
    {0, 0, 0, 0, 0, 0}, // 0x03E6
    {0, 0, 0, 0, 0, 0}, // 0x03E7
    {0, 0, 0, 0, 0, 0}, // 0x03E8
    {0, 0, 0, 0, 0, 0}, // 0x03E9
    {0, 0, 0, 0, 0, 0}, // 0x03EA
    {0, 0, 0, 0, 0, 0}, // 0x03EB
    {0, 0, 0, 0, 0, 0}, // 0x03EC
    {0, 0, 0, 0, 0, 0}, // 0x03ED
    {0, 0, 0, 0, 0, 0}, // 0x03EE
    {0, 0, 0, 0, 0, 0}, // 0x03EF
    {0, 0, 0, 0, 0, 0}, // 0x03F0
    {0, 0, 0, 0, 0, 0}, // 0x03F1
    {0, 0, 0, 0, 0, 0}, // 0x03F2
    {0, 0, 0, 0, 0, 0}, // 0x03F3
    {0, 0, 0, 0, 0, 0}, // 0x03F4
    {0, 0, 0, 0, 0, 0}, // 0x03F5
    {0, 0, 0, 0, 0, 0}, // 0x03F6
    {0, 0, 0, 0, 0, 0}, // 0x03F7
    {0, 0, 0, 0, 0, 0}, // 0x03F8
    {0, 0, 0, 0, 0, 0}, // 0x03F9
    {0, 0, 0, 0, 0, 0}, // 0x03FA
    {0, 0, 0, 0, 0, 0}, // 0x03FB
    {0, 0, 0, 0, 0, 0}, // 0x03FC
    {0, 0, 0, 0, 0, 0}, // 0x03FD
    {0, 0, 0, 0, 0, 0}, // 0x03FE
    {0, 0, 0, 0, 0, 0}, // 0x03FF
    {13439, 14, 27, 19, 3, -27}, // 0x0400
    {13487, 14, 27, 19, 3, -27}, // 0x0401
    {13535, 21, 28, 24, 0, -22}, // 0x0402
    {13609, 14, 27, 18, 3, -27}, // 0x0403
    {13657, 18, 22, 21, 2, -22}, // 0x0404
    {13707, 15, 22, 19, 2, -22}, // 0x0405
    {13749, 3, 22, 9, 3, -22}, // 0x0406
    {13758, 9, 27, 9, 0, -27}, // 0x0407
    {13789, 8, 28, 9, -2, -22}, // 0x0408
    {13817, 29, 22, 33, 1, -22}, // 0x0409
    {13897, 26, 22, 31, 3, -22}, // 0x040A
    {13969, 21, 22, 24, 0, -22}, // 0x040B
    {14027, 18, 27, 21, 3, -27}, // 0x040C
    {14088, 17, 27, 22, 3, -27}, // 0x040D
    {14146, 17, 28, 18, 1, -28}, // 0x040E
    {14206, 17, 27, 23, 3, -22}, // 0x040F
    {14264, 20, 22, 21, 0, -22}, // 0x0410
    {14319, 16, 22, 21, 3, -22}, // 0x0411
    {14363, 16, 22, 21, 3, -22}, // 0x0412
    {14407, 14, 22, 18, 3, -22}, // 0x0413
    {14446, 20, 27, 23, 1, -22}, // 0x0414
    {14514, 14, 22, 19, 3, -22}, // 0x0415
    {14553, 31, 22, 32, 1, -22}, // 0x0416
    {14639, 15, 22, 19, 2, -22}, // 0x0417
    {14681, 17, 22, 22, 3, -22}, // 0x0418
    {14728, 17, 28, 22, 3, -28}, // 0x0419
    {14788, 18, 22, 21, 3, -22}, // 0x041A
    {14838, 18, 22, 23, 1, -22}, // 0x041B
    {14888, 20, 22, 26, 3, -22}, // 0x041C
    {14943, 17, 22, 23, 3, -22}, // 0x041D
    {14990, 20, 22, 24, 2, -22}, // 0x041E
    {15045, 17, 22, 23, 3, -22}, // 0x041F
    {15092, 14, 22, 18, 3, -22}, // 0x0420
    {15131, 18, 22, 21, 2, -22}, // 0x0421
    {15181, 19, 22, 18, 0, -22}, // 0x0422
    {15234, 17, 22, 18, 1, -22}, // 0x0423
    {15281, 23, 22, 26, 2, -22}, // 0x0424
    {15345, 19, 22, 21, 1, -22}, // 0x0425
    {15398, 20, 27, 23, 3, -22}, // 0x0426
    {15466, 15, 22, 21, 3, -22}, // 0x0427
    {15508, 27, 22, 32, 3, -22}, // 0x0428
    {15583, 30, 27, 33, 3, -22}, // 0x0429
    {15685, 22, 22, 25, 1, -22}, // 0x042A
    {15746, 21, 22, 26, 3, -22}, // 0x042B
    {15804, 16, 22, 21, 3, -22}, // 0x042C
    {15848, 18, 22, 21, 2, -22}, // 0x042D
    {15898, 27, 22, 32, 3, -22}, // 0x042E
    {15973, 16, 22, 21, 2, -22}, // 0x042F
    {16017, 14, 16, 18, 2, -16}, // 0x0430
    {16045, 15, 23, 18, 2, -24}, // 0x0431
    {16089, 13, 16, 18, 3, -16}, // 0x0432
    {16115, 12, 16, 16, 3, -16}, // 0x0433
    {16139, 18, 20, 21, 2, -16}, // 0x0434
    {16184, 15, 16, 18, 2, -16}, // 0x0435
    {16214, 25, 16, 27, 1, -16}, // 0x0436
    {16264, 12, 16, 16, 2, -16}, // 0x0437
    {16288, 14, 16, 20, 3, -16}, // 0x0438
    {16316, 14, 23, 20, 3, -23}, // 0x0439
    {16357, 14, 16, 18, 3, -16}, // 0x043A
    {16385, 15, 16, 19, 1, -16}, // 0x043B
    {16415, 17, 16, 23, 3, -16}, // 0x043C
    {16449, 14, 16, 20, 3, -16}, // 0x043D
    {16477, 15, 16, 18, 2, -16}, // 0x043E
    {16507, 14, 16, 20, 3, -16}, // 0x043F
    {16535, 15, 22, 19, 3, -16}, // 0x0440
    {16577, 13, 16, 16, 2, -16}, // 0x0441
    {16603, 16, 16, 17, 1, -16}, // 0x0442
    {16635, 16, 22, 18, 1, -16}, // 0x0443
    {16679, 23, 29, 26, 2, -23}, // 0x0444
    {16763, 16, 16, 18, 1, -16}, // 0x0445
    {16795, 17, 20, 20, 3, -16}, // 0x0446
    {16838, 13, 16, 18, 2, -16}, // 0x0447
    {16864, 21, 16, 27, 3, -16}, // 0x0448
    {16906, 24, 20, 28, 3, -16}, // 0x0449
    {16966, 18, 16, 21, 1, -16}, // 0x044A
    {17002, 19, 16, 24, 3, -16}, // 0x044B
    {17040, 13, 16, 18, 3, -16}, // 0x044C
    {17066, 13, 16, 16, 2, -16}, // 0x044D
    {17092, 21, 16, 25, 3, -16}, // 0x044E
    {17134, 14, 16, 18, 2, -16}, // 0x044F
    {17162, 15, 24, 18, 2, -24}, // 0x0450
    {17207, 15, 23, 18, 2, -23}, // 0x0451
    {17251, 17, 29, 19, 0, -23}, // 0x0452
    {17313, 12, 24, 16, 3, -24}, // 0x0453
    {17349, 13, 16, 16, 2, -16}, // 0x0454
    {17375, 12, 16, 16, 2, -16}, // 0x0455
    {17399, 3, 23, 8, 3, -23}, // 0x0456
    {17408, 9, 23, 8, 0, -23}, // 0x0457
    {17434, 6, 29, 8, 0, -23}, // 0x0458
    {17456, 24, 16, 27, 1, -16}, // 0x0459
    {17504, 22, 16, 27, 3, -16}, // 0x045A
    {17548, 17, 23, 20, 0, -23}, // 0x045B
    {17597, 14, 24, 18, 3, -24}, // 0x045C
    {17639, 14, 24, 20, 3, -24}, // 0x045D
    {17681, 16, 29, 18, 1, -23}, // 0x045E
    {17739, 13, 20, 20, 3, -16}, // 0x045F
    {0, 0, 0, 0, 0, 0}, // 0x0460
    {0, 0, 0, 0, 0, 0}, // 0x0461
    {0, 0, 0, 0, 0, 0}, // 0x0462
    {0, 0, 0, 0, 0, 0}, // 0x0463
    {0, 0, 0, 0, 0, 0}, // 0x0464
    {0, 0, 0, 0, 0, 0}, // 0x0465
    {0, 0, 0, 0, 0, 0}, // 0x0466
    {0, 0, 0, 0, 0, 0}, // 0x0467
    {0, 0, 0, 0, 0, 0}, // 0x0468
    {0, 0, 0, 0, 0, 0}, // 0x0469
    {0, 0, 0, 0, 0, 0}, // 0x046A
    {0, 0, 0, 0, 0, 0}, // 0x046B
    {0, 0, 0, 0, 0, 0}, // 0x046C
    {0, 0, 0, 0, 0, 0}, // 0x046D
    {0, 0, 0, 0, 0, 0}, // 0x046E
    {0, 0, 0, 0, 0, 0}, // 0x046F
    {0, 0, 0, 0, 0, 0}, // 0x0470
    {0, 0, 0, 0, 0, 0}, // 0x0471
    {0, 0, 0, 0, 0, 0}, // 0x0472
    {0, 0, 0, 0, 0, 0}, // 0x0473
    {0, 0, 0, 0, 0, 0}, // 0x0474
    {0, 0, 0, 0, 0, 0}, // 0x0475
    {0, 0, 0, 0, 0, 0}, // 0x0476
    {0, 0, 0, 0, 0, 0}, // 0x0477
    {0, 0, 0, 0, 0, 0}, // 0x0478
    {0, 0, 0, 0, 0, 0}, // 0x0479
    {0, 0, 0, 0, 0, 0}, // 0x047A
    {0, 0, 0, 0, 0, 0}, // 0x047B
    {0, 0, 0, 0, 0, 0}, // 0x047C
    {0, 0, 0, 0, 0, 0}, // 0x047D
    {0, 0, 0, 0, 0, 0}, // 0x047E
    {0, 0, 0, 0, 0, 0}, // 0x047F
    {0, 0, 0, 0, 0, 0}, // 0x0480
    {0, 0, 0, 0, 0, 0}, // 0x0481
    {0, 0, 0, 0, 0, 0}, // 0x0482
    {0, 0, 0, 0, 0, 0}, // 0x0483
    {0, 0, 0, 0, 0, 0}, // 0x0484
    {0, 0, 0, 0, 0, 0}, // 0x0485
    {0, 0, 0, 0, 0, 0}, // 0x0486
    {0, 0, 0, 0, 0, 0}, // 0x0487
    {0, 0, 0, 0, 0, 0}, // 0x0488
    {0, 0, 0, 0, 0, 0}, // 0x0489
    {0, 0, 0, 0, 0, 0}, // 0x048A
    {0, 0, 0, 0, 0, 0}, // 0x048B
    {0, 0, 0, 0, 0, 0}, // 0x048C
    {0, 0, 0, 0, 0, 0}, // 0x048D
    {0, 0, 0, 0, 0, 0}, // 0x048E
    {0, 0, 0, 0, 0, 0}, // 0x048F
    {17772, 14, 26, 18, 3, -26}, // 0x0490
    {17818, 12, 21, 16, 3, -21}, // 0x0491
};

}  // namespace font_data
